player,player_id,position,team_name,player_game_count,block_percent,declined_penalties,franchise_id,grades_offense,grades_pass_block,grades_run_block,hits_allowed,hurries_allowed,non_spike_pass_block,non_spike_pass_block_percentage,pass_block_percent,pbe,penalties,pressures_allowed,sacks_allowed,snap_counts_block,snap_counts_ce,snap_counts_lg,snap_counts_lt,snap_counts_offense,snap_counts_pass_block,snap_counts_pass_play,snap_counts_rg,snap_counts_rt,snap_counts_run_block,snap_counts_te
Nate Solder,6169,T,NE,18,99.9,2,19,81.0,73.0,80.7,10,30,760,99.7,99.8,96.8,5,44,4,1383,0,0,1372,1385,808,810,0,0,575,13
Ryan Wendell,4602,C,NE,18,100.0,0,19,84.9,70.5,86.8,2,20,764,100.0,100.0,97.8,2,28,6,1383,1383,0,0,1383,813,813,0,0,570,0
Michael Oher,4946,T,BLT,20,100.0,1,3,66.7,71.3,58.0,9,33,734,100.0,100.0,95.6,10,53,11,1340,0,0,981,1340,786,786,0,355,554,4
Matt Birk,404,C,BLT,20,100.0,0,3,82.2,69.2,83.3,6,17,706,100.0,100.0,97.9,2,26,3,1299,1299,0,0,1299,757,757,0,0,542,0
Kelechi Osemele,7062,T,BLT,20,100.0,0,3,72.5,67.7,76.5,6,26,697,100.0,100.0,96.7,8,39,7,1299,0,282,0,1299,747,747,0,1017,552,0
Chris Myers,2417,C,HST,18,100.0,1,13,84.0,85.2,79.9,2,9,674,100.0,100.0,98.9,4,13,2,1284,1284,0,0,1284,704,704,0,0,580,0
Wade Smith,1393,G,HST,18,100.0,0,13,74.9,67.3,72.9,5,22,668,100.0,100.0,97.7,2,29,2,1270,0,1270,0,1270,697,697,0,0,573,0
Duane Brown,4340,T,HST,18,100.0,1,13,90.1,84.3,88.5,6,12,669,100.0,100.0,98.1,6,22,4,1265,0,0,1265,1265,699,699,0,0,566,0
Anthony Castonzo,6174,T,IND,17,100.0,2,14,78.2,67.4,84.7,13,35,757,100.0,100.0,95.5,6,58,10,1259,0,0,1259,1259,814,814,0,0,445,0
Mike McGlynn,4423,G,IND,17,100.0,0,14,59.8,58.7,58.9,10,35,757,100.0,100.0,96.5,3,49,4,1258,92,0,0,1258,814,814,1166,0,444,0
Sebastian Vollmer,4981,T,NE,17,100.0,2,19,76.3,72.7,74.3,7,26,709,100.0,100.0,96.7,5,40,7,1248,0,0,2,1248,756,756,0,1241,492,5
Zane Beadles,5570,G,DEN,17,100.0,0,10,74.2,71.2,72.1,7,13,656,100.0,100.0,98.3,5,21,1,1236,0,1236,0,1236,700,700,0,0,536,0
Marshall Newhouse,5692,T,GB,18,100.0,1,12,67.6,72.5,55.1,8,37,722,100.0,100.0,95.6,6,54,9,1229,0,0,1229,1229,780,780,0,0,449,0
Josh Sitton,4449,G,GB,18,100.0,0,12,77.4,79.6,73.1,2,16,721,100.0,100.0,98.3,7,21,3,1227,0,0,0,1227,779,779,1226,0,448,1
Orlando Franklin,6198,T,DEN,17,100.0,3,10,76.2,74.9,76.0,5,19,653,100.0,100.0,97.4,10,29,5,1226,0,0,0,1226,697,697,0,1226,529,0
Ryan Clady,4326,T,DEN,17,100.0,1,10,81.1,85.7,68.7,6,15,652,100.0,100.0,97.9,7,24,3,1206,0,0,1206,1206,696,696,0,0,510,0
Dominic Raiola,820,C,DET,16,100.0,0,11,73.1,80.3,67.7,2,12,784,100.0,100.0,98.7,2,17,3,1199,1199,0,0,1199,815,815,0,0,384,0
Stephen Peterman,1804,G,DET,16,100.0,0,11,76.5,62.7,81.2,4,37,784,100.0,100.0,96.7,4,46,5,1199,0,0,0,1199,815,815,1199,0,384,0
Rob Sims,3073,G,DET,16,100.0,0,11,77.5,79.9,72.6,1,25,784,100.0,100.0,98.3,5,26,0,1199,0,1199,0,1199,815,815,0,0,384,0
Anthony Davis,5536,T,SF,19,100.0,0,28,80.1,69.5,85.7,5,31,611,100.0,100.0,95.6,4,45,9,1198,0,1,6,1198,640,640,1,1190,558,0
Gosder Cherilus,4331,T,DET,16,100.0,0,11,74.7,75.2,72.4,7,27,783,100.0,100.0,97.3,9,38,4,1198,0,0,0,1198,814,814,0,1198,384,0
Alex Boone,5372,G,SF,19,100.0,0,28,82.4,73.9,81.8,5,13,610,100.0,100.0,97.9,3,22,4,1195,0,0,47,1195,639,639,1148,0,556,0
Marshal Yanda,3702,G,BLT,18,100.0,1,3,84.2,82.8,82.4,4,10,649,100.0,100.0,98.9,7,14,0,1194,0,0,0,1194,697,697,1194,0,497,0
Justin Blalock,3655,G,ATL,18,100.0,0,2,68.4,71.9,62.8,9,21,743,100.0,100.0,97.8,2,31,1,1189,0,1189,0,1189,778,778,0,0,411,0
Sam Baker,4335,T,ATL,18,100.0,1,2,75.6,74.8,65.3,9,37,743,100.0,100.0,96.1,1,52,6,1189,0,0,1187,1189,778,778,0,0,411,2
Tyson Clabo,2011,T,ATL,18,100.0,1,2,77.9,68.6,82.4,10,25,739,100.0,100.0,97.0,5,40,5,1179,0,0,1,1179,774,774,0,1178,405,0
Todd McClure,536,C,ATL,18,100.0,0,2,73.7,73.3,72.6,5,14,741,100.0,100.0,98.0,4,24,5,1175,1175,0,0,1175,776,776,0,0,399,0
Mike Iupati,5542,G,SF,19,100.0,0,28,81.8,63.2,86.6,7,20,603,100.0,100.0,97.3,9,30,3,1173,0,1172,1,1173,631,631,0,0,542,0
Jonathan Goodwin,1146,C,SF,19,100.0,0,28,78.8,76.5,76.6,5,16,609,100.0,100.0,98.3,3,21,0,1171,1171,0,0,1171,638,638,0,0,533,0
Joe Staley,3644,T,SF,19,100.0,2,28,92.2,82.5,92.4,1,18,589,100.0,100.0,96.9,7,28,9,1152,0,0,1130,1152,618,618,0,1,534,19
Breno Giacomini,4464,T,SEA,18,100.0,1,29,63.3,62.0,67.5,2,36,558,100.0,100.0,95.7,12,43,5,1144,0,0,0,1144,597,597,0,1139,547,5
Paul McQuistan,3014,G,SEA,18,100.0,2,29,66.6,63.3,64.5,1,23,559,100.0,100.0,97.5,6,26,2,1130,0,563,0,1130,597,597,567,0,533,0
Evan Mathis,2296,G,PHI,16,100.0,0,24,92.8,82.7,92.9,7,12,705,100.0,100.0,98.5,4,20,1,1124,0,1124,0,1124,746,746,0,0,378,0
T.J. Lang,5032,G,GB,17,99.9,2,12,67.7,67.1,65.7,5,12,667,99.9,99.9,97.4,6,26,9,1124,0,918,0,1125,721,722,0,206,403,0
Max Unger,4972,C,SEA,18,100.0,1,29,86.2,77.6,87.0,3,11,556,100.0,100.0,98.7,4,14,0,1115,1115,0,0,1115,592,592,0,0,523,0
Brian De La Puente,4679,C,NO,16,100.0,0,20,84.4,79.2,83.4,4,10,697,100.0,100.0,98.7,3,16,2,1107,1107,0,0,1107,728,728,0,0,379,0
Ben Grubbs,3645,G,NO,16,100.0,0,20,81.6,75.2,80.4,4,16,697,100.0,100.0,98.1,1,23,3,1107,0,1107,0,1107,728,728,0,0,379,0
Jahri Evans,3053,G,NO,16,100.0,1,20,77.4,79.8,72.1,4,15,695,100.0,100.0,98.6,5,19,0,1105,0,0,0,1105,726,726,1105,0,379,0
Clint Boling,6253,G,CIN,17,100.0,0,7,69.3,73.3,63.8,2,14,636,100.0,100.0,97.8,1,22,6,1104,0,1104,0,1104,672,672,0,0,432,0
Jermon Bushrod,3741,T,NO,16,100.0,0,20,71.8,69.3,71.1,8,46,695,100.0,100.0,95.5,6,58,4,1103,0,0,1103,1103,726,726,0,0,377,0
Mackenzy Bernadeau,4564,G,DAL,16,100.0,0,9,65.0,57.2,66.3,4,24,700,100.0,100.0,97.0,3,35,7,1101,167,0,0,1101,739,739,934,0,362,0
Kevin Zeitler,7032,G,CIN,17,100.0,0,7,75.4,78.1,70.4,1,11,635,100.0,100.0,98.4,4,16,4,1099,0,0,0,1099,671,671,1099,0,428,0
Phil Loadholt,4977,T,MIN,17,100.0,0,18,74.8,69.1,82.7,4,23,590,100.0,100.0,97.0,11,31,4,1096,0,0,0,1096,618,618,0,1089,478,7
John Sullivan,4501,C,MIN,17,100.0,0,18,84.7,78.0,83.9,2,9,590,100.0,100.0,98.7,2,13,2,1096,1096,0,0,1096,618,618,0,0,478,0
Matt Kalil,7010,T,MIN,17,100.0,1,18,78.6,80.6,72.4,4,20,590,100.0,100.0,97.5,6,27,3,1096,0,0,1096,1096,618,618,0,0,478,0
Andre Smith,4929,T,CIN,17,100.0,1,7,81.2,72.7,86.3,2,25,632,100.0,100.0,96.8,4,34,7,1095,0,0,0,1095,667,667,0,1095,428,0
Nate Livings,3400,G,DAL,16,100.0,3,9,73.7,62.4,78.2,11,15,697,100.0,100.0,97.3,7,32,6,1094,0,1094,0,1094,736,736,0,0,358,0
Charlie Johnson,3144,G,MIN,17,100.0,0,18,63.8,64.7,61.7,8,19,590,100.0,100.0,97.5,6,28,1,1093,0,1093,0,1093,618,618,0,0,475,0
Chris Chester,3001,G,WAS,17,100.0,0,32,76.7,79.1,72.7,5,13,550,100.0,100.0,98.2,3,19,1,1088,0,0,0,1088,577,577,1088,0,511,0
Will Montgomery,3179,C,WAS,17,100.0,1,32,77.7,81.0,74.3,2,9,549,100.0,100.0,98.8,3,12,1,1082,1082,0,0,1082,576,576,0,0,506,0
Jared Veldheer,5594,T,OAK,16,100.0,0,23,79.7,79.0,72.8,3,25,661,100.0,100.0,97.1,6,33,5,1078,0,0,1078,1078,702,702,0,0,376,0
Cooper Carlisle,658,G,OAK,16,100.0,1,23,71.1,74.0,65.8,8,18,660,100.0,100.0,97.9,5,27,1,1076,0,1076,0,1076,701,701,0,0,375,0
D'Brickashaw Ferguson,2949,T,NYJ,16,100.0,1,22,79.0,82.3,68.8,5,19,551,100.0,100.0,97.5,3,26,2,1074,0,0,1070,1074,591,591,0,0,483,4
Austin Howard,5847,T,NYJ,16,100.0,1,22,73.0,60.5,81.1,10,31,551,100.0,100.0,94.5,4,51,10,1073,0,0,1,1073,591,591,0,1069,482,3
Nick Mangold,2974,C,NYJ,16,100.0,0,22,84.8,75.0,84.0,2,8,551,100.0,100.0,98.5,2,13,3,1066,1066,0,0,1066,591,591,0,0,475,0
Max Starks,1796,T,PIT,16,100.0,0,25,62.5,65.5,54.6,8,40,618,100.0,100.0,95.3,3,53,5,1065,0,0,1065,1065,653,653,0,0,412,0
Jeff Backus,788,T,DET,15,100.0,2,11,68.4,75.1,51.5,14,31,689,100.0,100.0,96.6,6,46,1,1064,0,0,1064,1064,716,716,0,0,348,0
Brandon Moore,1284,G,NYJ,16,100.0,0,22,80.2,74.8,77.9,4,14,543,100.0,100.0,98.0,4,20,2,1063,0,0,0,1063,583,583,1063,0,480,0
Brad Meester,627,C,JAX,16,100.0,0,15,63.2,71.6,56.8,3,15,654,100.0,100.0,98.2,2,21,3,1062,1062,0,0,1062,707,707,0,0,355,0
Eugene Monroe,4931,T,JAX,16,100.0,0,15,80.5,76.5,77.7,7,22,654,100.0,100.0,97.0,6,34,5,1062,0,0,1062,1062,707,707,0,0,355,0
Daryn Colledge,2992,G,ARZ,16,100.0,1,1,66.5,77.5,61.6,3,14,676,100.0,100.0,98.2,7,21,4,1052,0,1025,27,1052,707,707,0,0,345,0
Bobby Massie,7112,T,ARZ,16,100.0,1,1,63.7,55.8,72.3,6,42,676,100.0,100.0,94.5,5,61,13,1052,0,0,0,1052,707,707,0,1052,345,0
Eric Winston,3011,T,KC,16,100.0,0,16,73.0,70.5,75.8,6,25,536,100.0,100.0,96.4,10,35,4,1051,0,0,2,1051,568,568,36,1013,483,0
Russell Okung,5531,T,SEA,17,100.0,0,29,78.4,87.3,70.8,2,14,526,100.0,100.0,98.1,13,18,2,1050,0,0,1047,1050,562,562,0,3,488,0
Donald Penn,3459,T,TB,16,100.0,0,30,78.1,73.9,77.4,8,34,607,100.0,100.0,95.7,4,47,5,1047,0,0,1047,1047,638,638,0,0,409,0
J'Marcus Webb,5741,T,CHI,16,100.0,2,6,69.6,69.4,66.6,5,29,557,100.0,100.0,95.7,8,41,7,1046,0,0,1046,1046,595,595,0,0,451,0
Roberto Garza,856,C,CHI,16,100.0,0,6,64.8,78.5,60.6,1,8,557,100.0,100.0,98.3,4,14,5,1046,1046,0,0,1046,595,595,0,0,451,0
Robert Turner,4085,C,SL,16,100.0,1,26,70.0,81.6,64.7,3,10,602,100.0,100.0,98.8,8,14,1,1044,624,420,0,1044,642,642,0,0,402,0
Andrew Whitworth,3000,T,CIN,17,100.0,1,7,75.7,86.5,59.4,0,13,618,100.0,100.0,98.1,8,18,5,1042,0,0,1035,1042,652,652,0,0,390,7
Dan Connolly,2540,G,NE,16,100.0,0,19,71.0,65.2,68.7,9,19,576,100.0,100.0,97.0,1,31,3,1039,0,0,0,1039,615,615,1027,0,424,0
John Jerry,5598,G,MIA,16,100.0,0,17,64.5,71.4,59.2,3,15,551,100.0,100.0,98.0,3,20,2,1034,0,0,0,1034,589,589,1034,0,445,0
Jonathan Martin,7046,T,MIA,16,100.0,0,17,56.9,52.2,62.1,4,47,549,100.0,100.0,94.3,4,57,6,1032,0,0,306,1032,587,587,0,726,445,0
Mike Pouncey,6167,C,MIA,16,100.0,0,17,78.5,81.5,75.3,2,3,551,100.0,100.0,99.2,5,7,2,1032,1032,0,0,1032,589,589,0,0,443,0
Joe Thomas,3619,T,CLV,16,100.0,0,8,80.1,88.5,62.6,3,10,617,100.0,100.0,98.5,8,16,3,1031,0,0,1031,1031,641,641,0,0,390,0
Mitchell Schwartz,7041,T,CLV,16,100.0,2,8,72.3,73.8,67.0,9,19,617,100.0,100.0,96.9,6,33,5,1031,0,0,0,1031,641,641,0,1031,390,0
Alex Mack,4944,C,CLV,16,100.0,1,8,79.7,78.2,82.3,2,8,617,100.0,100.0,98.7,9,13,3,1031,1031,0,0,1031,641,641,0,0,390,0
Shawn Lauvao,5616,G,CLV,16,100.0,1,8,62.9,65.9,61.8,9,15,617,100.0,100.0,97.6,8,27,3,1031,0,0,0,1031,641,641,1031,0,390,0
Richie Incognito,2298,G,MIA,16,100.0,0,17,73.8,72.9,71.8,5,6,546,100.0,100.0,98.3,6,15,4,1027,0,1027,0,1027,584,584,0,0,443,0
Trent Williams,5529,T,WAS,17,100.0,2,32,80.4,77.9,78.8,2,20,514,100.0,100.0,97.1,8,26,4,1025,0,0,1022,1025,538,538,0,0,487,3
Jordan Gross,1324,T,CAR,16,100.0,1,5,80.9,75.4,80.4,7,23,555,100.0,100.0,96.0,4,37,7,1024,0,0,988,1024,591,591,0,0,433,35
Barry Richardson,4484,T,SL,16,100.0,1,26,70.7,65.2,73.3,13,25,591,100.0,100.0,95.6,6,45,7,1023,0,0,0,1023,631,631,0,1021,392,2
Doug Free,3738,T,DAL,16,100.0,2,9,62.8,61.6,68.5,4,41,638,100.0,100.0,95.5,15,51,6,1022,0,0,0,1022,674,674,0,1022,348,0
Louis Vasquez,5001,G,SD,16,100.0,0,27,72.9,80.7,63.7,1,19,582,100.0,100.0,97.9,0,22,2,1020,0,0,0,1020,616,616,1020,0,404,0
Nick Hardwick,1787,C,SD,16,100.0,0,27,65.4,66.5,64.3,4,14,581,100.0,100.0,97.9,4,21,3,1019,1019,0,0,1019,615,615,0,0,404,0
Kory Lichtensteiger,4422,G,WAS,17,100.0,0,32,65.7,75.2,64.9,5,14,515,100.0,100.0,98.0,10,20,1,1019,6,1013,0,1019,540,540,0,0,479,0
Jeremy Zuttah,4397,G,TB,16,100.0,2,30,69.3,78.6,65.7,2,18,582,100.0,100.0,98.3,8,20,0,1018,443,575,0,1018,613,613,0,0,405,0
Kevin Boothe,3121,G,NYG,16,100.0,0,21,80.7,68.2,81.0,7,21,567,100.0,100.0,97.0,0,31,3,1012,3,1008,0,1012,611,611,0,1,401,0
Andy Levitre,4974,G,BUF,16,100.0,1,4,78.6,87.9,71.8,3,7,570,100.0,100.0,98.9,5,11,1,1011,0,1011,0,1011,590,590,0,0,421,0
Ramon Foster,5229,G,PIT,16,100.0,2,25,70.1,79.4,62.4,2,13,581,100.0,100.0,98.4,4,17,2,1010,0,152,0,1010,613,613,828,30,397,0
Stefen Wisniewski,6200,C,OAK,15,100.0,1,23,68.1,84.8,59.3,2,6,612,100.0,100.0,99.3,6,8,0,1007,1007,0,0,1007,648,648,0,0,359,0
David Baas,2250,C,NYG,16,100.0,0,21,73.4,61.5,76.3,7,16,563,100.0,100.0,97.8,2,24,1,1003,1003,0,0,1003,607,607,0,0,396,0
Fernando Velasco,4641,C,TEN,16,100.0,0,31,75.8,80.3,73.7,3,9,615,100.0,100.0,99.0,4,12,0,995,794,200,0,995,644,644,0,1,351,0
Tyler Polumbus,4581,T,WAS,16,100.0,0,32,61.6,51.2,66.7,4,46,506,100.0,100.0,93.5,1,58,8,992,0,0,3,992,532,532,0,989,460,0
Dallas Reynolds,5241,C,PHI,15,100.0,0,24,68.2,65.0,68.0,10,14,629,100.0,100.0,97.8,1,26,2,991,991,0,0,991,665,665,0,0,326,0
Ryan Lilja,2105,C,KC,15,100.0,1,16,82.1,68.6,83.9,5,9,502,100.0,100.0,98.0,3,17,3,990,807,183,0,990,532,532,0,0,458,0
Jon Asamoah,5593,G,KC,15,100.0,1,16,83.5,74.8,80.4,2,18,501,100.0,100.0,97.4,3,23,3,989,0,0,0,989,531,531,987,2,458,0
Demar Dotson,5410,T,TB,16,100.0,2,30,67.7,68.9,65.4,8,26,582,100.0,100.0,95.9,9,41,7,986,0,0,2,986,610,610,0,982,376,2
Dan Koppen,1471,C,DEN,14,100.0,0,10,66.6,82.6,57.4,1,6,511,100.0,100.0,99.1,1,8,1,981,981,0,0,981,541,541,0,0,440,0
Jeff Saturday,431,C,GB,15,100.0,0,12,62.5,82.1,50.5,2,5,553,100.0,100.0,98.8,1,10,3,962,961,0,0,962,604,604,1,0,358,0
Mike Brisiel,3250,G,OAK,15,100.0,1,23,60.3,63.7,61.1,4,26,595,100.0,100.0,97.3,10,31,1,961,0,0,0,961,629,629,961,0,332,0
Will Beatty,4983,T,NYG,16,99.9,3,21,80.7,76.5,80.9,0,22,524,99.8,99.8,97.3,11,25,3,952,0,0,946,953,567,568,0,0,385,7
Chris Snee,1755,G,NYG,16,100.0,1,21,76.4,70.5,75.9,3,22,539,100.0,100.0,97.3,4,27,2,952,0,0,0,952,583,583,952,0,369,0
Tyron Smith,6161,T,DAL,15,100.0,0,9,71.2,66.2,79.1,4,36,586,100.0,100.0,96.1,11,43,3,950,0,0,950,950,615,615,0,0,335,0
Byron Bell,6848,T,CAR,15,100.0,2,5,61.2,61.0,59.6,7,36,506,100.0,100.0,94.6,5,49,6,943,0,0,14,943,536,536,62,867,407,0
Brandon Fusco,6324,G,MIN,17,100.0,0,18,63.2,46.5,66.1,7,24,512,100.0,100.0,96.2,0,35,4,943,0,0,0,943,536,536,943,0,407,0
Michael Roos,2258,T,TEN,15,100.0,1,31,83.3,87.8,72.4,6,16,583,100.0,100.0,97.4,6,26,4,935,0,0,935,935,609,609,0,0,326,0
Maurkice Pouncey,5543,C,PIT,15,100.0,0,25,75.6,72.3,75.9,3,13,536,100.0,100.0,97.9,2,19,3,930,821,109,0,930,569,569,0,0,361,0
Uche Nwaneri,3765,G,JAX,15,100.0,0,15,68.5,62.7,69.4,6,18,563,100.0,100.0,97.0,3,29,5,926,0,0,0,926,610,610,926,0,316,0
Harvey Dahl,2553,G,SL,14,100.0,0,26,72.6,74.6,69.8,3,12,522,100.0,100.0,98.4,3,16,1,915,0,0,0,915,559,559,913,2,356,0
Gabe Carimi,6181,T,CHI,16,100.0,1,6,66.3,48.6,83.0,9,32,490,100.0,100.0,94.4,11,48,7,915,0,0,0,915,521,521,183,723,394,9
Logan Mankins,2249,G,NE,12,100.0,0,19,84.9,72.8,88.8,5,12,518,100.0,100.0,98.0,5,19,2,895,0,895,0,895,553,553,0,0,342,0
Amini Silatolu,7044,G,CAR,15,100.0,2,5,59.5,50.9,65.9,8,19,483,100.0,100.0,96.4,8,31,4,882,0,882,0,882,515,515,0,0,367,0
Eric Wood,4951,C,BUF,14,100.0,0,4,68.5,79.4,61.3,3,4,482,100.0,100.0,98.9,2,9,2,872,872,0,0,872,501,501,0,0,371,0
Adam Snyder,2311,G,ARZ,14,100.0,0,1,55.2,57.7,51.5,6,17,534,100.0,100.0,97.1,2,27,4,866,176,0,0,866,560,560,690,0,306,0
Derek Newton,6366,T,HST,16,100.0,0,13,63.4,62.3,65.0,5,23,441,100.0,100.0,95.9,8,32,4,864,0,0,0,864,459,459,0,864,405,0
Jeff Linkenbach,5964,G,IND,15,100.0,1,14,59.4,57.3,58.1,8,30,498,100.0,100.0,95.4,2,42,4,856,0,488,0,856,533,533,0,355,323,13
Ted Larsen,5728,C,TB,14,100.0,1,30,64.5,77.9,62.9,5,10,498,100.0,100.0,98.5,8,15,0,843,606,0,0,843,521,521,237,0,322,0
Jeromey Clary,3132,T,SD,14,100.0,0,27,72.8,66.3,71.9,3,23,459,100.0,100.0,95.2,2,35,9,833,0,0,0,833,487,487,0,831,346,2
Manuel Ramirez,3733,G,DEN,13,100.0,1,10,69.4,75.8,65.2,1,6,443,100.0,100.0,97.9,6,13,6,829,0,0,0,829,473,473,829,0,356,0
Matt Slauson,5117,G,NYJ,16,100.0,1,22,72.2,74.3,68.0,4,9,404,100.0,100.0,98.1,2,14,1,820,8,811,0,820,436,436,0,0,384,1
King Dunlap,4544,T,PHI,12,100.0,2,24,72.2,76.0,63.9,4,18,516,100.0,100.0,96.9,9,27,5,818,0,0,740,818,548,548,0,78,270,0
Jeff Allen,7642,G,KC,14,100.0,1,16,62.8,56.5,63.0,6,14,399,100.0,100.0,96.7,5,23,3,814,0,776,38,814,423,423,0,0,391,0
Ryan Cook,2996,C,DAL,13,100.0,1,9,68.8,70.7,69.2,4,12,523,100.0,100.0,98.3,4,17,1,813,813,0,0,813,544,544,0,0,269,0
Peter Konz,7058,G,ATL,16,100.0,0,2,58.1,54.5,57.6,8,16,488,100.0,100.0,96.5,1,29,5,804,13,0,0,804,511,511,788,0,293,2
Cordy Glenn,7045,T,BUF,13,100.0,0,4,71.1,71.5,70.8,9,17,452,100.0,100.0,95.8,8,32,6,803,0,0,803,803,469,469,0,0,334,0
Winston Justice,2984,T,IND,13,100.0,1,14,64.4,65.8,63.8,6,28,484,100.0,100.0,95.7,7,38,4,798,0,0,0,798,524,524,0,798,274,0
Jamon Meredith,5086,G,TB,13,100.0,1,30,63.2,58.5,63.9,7,20,466,100.0,100.0,96.7,3,29,2,795,0,0,0,795,489,489,794,0,306,1
Zach Strief,3155,T,NO,12,100.0,2,20,62.5,61.9,61.7,8,21,513,100.0,100.0,96.0,6,35,6,786,0,0,0,786,534,534,0,786,252,0
Kraig Urbik,5002,G,BUF,13,100.0,0,4,72.7,80.7,67.7,1,9,433,100.0,100.0,98.4,3,12,2,783,14,0,0,783,450,450,769,0,333,0
Ben Jones,7099,G,HST,17,100.0,1,13,69.4,55.1,71.8,7,13,411,100.0,100.0,96.6,3,24,4,783,0,7,0,783,434,434,776,0,349,0
Lyle Sendlein,4062,C,ARZ,11,100.0,1,1,65.7,74.8,57.9,2,6,488,100.0,100.0,98.6,1,11,3,756,756,0,0,756,511,511,0,0,245,0
Geoff Hangartner,2386,C,CAR,12,100.0,1,5,54.8,66.6,51.5,4,16,416,100.0,100.0,97.4,3,21,1,756,525,0,0,756,444,444,231,0,312,0
Cameron Bradfield,6591,T,JAX,14,100.0,1,15,61.8,61.8,58.5,9,21,473,100.0,100.0,95.6,6,36,6,750,0,0,0,750,510,510,0,743,240,7
Tyronne Green,5057,G,SD,13,100.0,0,27,66.8,68.5,63.5,0,15,400,100.0,100.0,97.6,3,17,2,735,0,735,0,735,424,424,0,0,311,0
Jake Long,4315,T,MIA,12,100.0,4,17,67.7,66.4,66.0,7,10,389,100.0,100.0,96.8,7,21,4,730,0,0,729,730,413,413,0,0,317,1
Samson Satele,3676,C,IND,12,100.0,0,14,68.6,58.3,74.6,7,10,459,100.0,100.0,96.8,3,23,6,720,720,0,0,720,490,490,0,0,230,0
Willie Colon,3076,G,PIT,11,100.0,2,25,68.5,72.6,70.7,2,8,409,100.0,100.0,97.8,12,14,4,711,0,711,0,711,429,429,0,0,282,0
Branden Albert,4329,T,KC,12,100.0,0,16,78.0,88.7,64.9,4,12,371,100.0,100.0,97.6,5,17,1,705,0,0,705,705,395,395,0,0,310,0
Lance Louis,5170,G,CHI,11,100.0,0,6,63.7,75.7,57.1,2,7,368,100.0,100.0,98.2,2,11,2,692,0,0,0,692,392,392,692,0,300,0
John Greco,4379,G,CLV,13,100.0,0,8,77.6,69.9,82.7,7,7,387,100.0,100.0,97.4,6,17,3,691,0,688,0,691,401,401,0,0,290,3
Steve Hutchinson,787,G,TEN,12,100.0,0,31,66.1,65.4,64.2,3,15,446,100.0,100.0,97.1,2,22,4,686,0,686,0,686,463,463,0,0,223,0
Dennis Kelly,7146,T,PHI,11,100.0,1,24,57.4,52.4,60.0,6,29,437,100.0,100.0,94.9,2,40,5,685,0,0,0,685,465,465,220,465,220,0
David Stewart,2330,T,TEN,12,100.0,2,31,71.6,75.1,69.1,4,16,432,100.0,100.0,97.2,8,22,2,675,0,0,0,675,449,449,0,675,226,0
Sean Locklear,1805,T,NYG,12,100.0,0,21,62.8,65.5,60.5,5,24,364,100.0,100.0,96.0,5,29,0,647,0,0,71,647,386,386,0,567,261,9
D'Anthony Batiste,3223,T,ARZ,10,100.0,0,1,45.6,36.1,57.8,7,35,403,100.0,100.0,91.8,8,54,12,626,0,26,599,626,425,425,0,0,201,1
Donald Thomas,4509,G,NE,14,100.0,0,19,81.6,68.1,82.2,2,9,311,100.0,100.0,97.9,3,12,1,609,0,465,0,609,328,328,144,0,281,0
Garry Williams,5341,G,CAR,13,100.0,0,5,66.4,59.9,67.0,3,18,334,100.0,100.0,96.6,1,22,1,606,0,8,2,606,357,357,443,145,249,8
Rodger Saffold,5558,T,SL,10,100.0,1,26,77.3,82.1,68.8,5,9,345,100.0,100.0,97.4,7,16,2,600,0,1,598,600,370,370,0,0,230,1
Joel Dreessen,2415,TE,DEN,17,64.3,0,10,74.4,82.9,76.2,0,1,126,28.4,28.4,99.6,4,1,0,599,0,0,0,932,132,465,0,0,467,687
Evan Smith,5390,C,GB,12,100.0,0,12,69.4,64.9,71.2,3,7,326,100.0,100.0,97.9,5,12,2,588,267,310,0,588,347,347,1,0,241,7
Michael Harris,7730,T,SD,12,100.0,0,27,41.5,36.4,52.2,5,44,354,100.0,100.0,90.3,9,59,10,584,0,0,582,584,375,375,0,1,209,1
Bryan Bulaga,5548,T,GB,9,100.0,1,12,62.9,61.6,62.6,3,20,353,100.0,100.0,95.6,5,27,4,577,0,0,0,577,388,388,1,576,189,0
Zach Miller,3654,TE,SEA,18,58.9,0,29,84.9,66.0,76.0,1,5,102,21.3,21.5,96.1,0,7,1,575,0,0,3,977,110,512,0,2,465,798
Kellen Davis,4472,TE,CHI,16,59.6,0,6,60.4,69.5,77.9,1,3,133,26.9,26.5,97.0,4,6,2,570,0,0,0,956,139,525,0,0,431,764
Chris Hairston,6274,T,BUF,12,100.0,0,4,73.9,67.2,78.9,4,16,322,100.0,100.0,96.3,5,22,2,568,0,0,208,568,336,336,0,360,232,0
Jah Reid,6237,G,BLT,9,100.0,0,3,63.3,68.1,64.3,2,13,301,100.0,100.0,97.2,4,16,1,568,0,559,0,568,318,318,5,0,250,4
Vernon Davis,2951,TE,SF,19,51.4,0,28,81.9,63.4,80.6,1,4,59,10.4,10.1,95.8,1,5,0,567,0,0,13,1103,60,596,0,3,507,780
Khalif Barnes,2269,T,OAK,9,100.0,0,23,60.7,61.5,60.3,3,18,331,100.0,100.0,95.6,5,25,4,558,0,0,0,558,356,356,0,558,202,0
Dwayne Allen,7066,TE,IND,17,56.6,0,14,85.9,75.2,84.4,0,4,121,23.6,24.6,97.5,4,5,1,551,0,0,0,973,137,556,0,0,414,738
Mike Brewster,7364,G,JAX,10,100.0,1,15,54.4,39.3,64.3,8,17,339,100.0,100.0,95.7,4,27,2,548,0,536,0,548,367,367,12,0,181,0
Matt Schaub,1811,QB,HST,18,43.2,0,13,73.1,,60.0,0,0,0,0.0,0.0,,3,0,0,545,0,0,0,1261,0,693,0,0,545,0
Tom Brady,698,QB,NE,18,39.3,0,19,90.3,,60.1,0,0,0,0.0,0.0,,3,0,0,537,0,0,0,1365,0,808,0,0,537,0
Todd Herremans,2343,T,PHI,8,100.0,0,24,77.9,64.2,85.9,8,11,326,100.0,100.0,95.9,3,23,4,529,0,0,0,529,340,340,0,525,189,4
Kyle Rudolph,6195,TE,MIN,17,52.4,0,18,76.0,73.5,74.8,1,4,95,17.1,16.9,97.4,3,5,0,529,0,0,0,1010,98,579,0,7,431,650
Jermaine Gresham,5546,TE,CIN,17,49.4,0,7,65.1,61.4,67.1,2,4,108,17.5,18.3,94.4,9,9,3,519,0,0,0,1051,119,651,0,0,400,785
Heath Miller,2247,TE,PIT,15,52.0,0,25,87.1,65.0,69.9,0,10,133,22.8,22.4,96.2,5,10,0,516,0,0,0,993,138,615,0,0,378,865
Greg Olsen,3647,TE,CAR,16,51.3,0,5,83.3,65.0,84.4,1,6,85,15.6,15.8,95.9,3,7,0,516,0,0,11,1005,92,581,0,12,424,323
Chilo Rachal,4353,G,CHI,8,100.0,1,6,55.6,60.5,58.3,0,10,273,100.0,100.0,97.4,8,12,2,512,0,512,0,512,289,289,0,0,223,0
Willie Smith,6439,T,OAK,8,100.0,0,23,51.8,40.0,63.1,12,19,323,100.0,100.0,93.7,3,36,5,504,0,0,0,504,339,339,0,504,165,0
Brandon Myers,5126,TE,OAK,16,49.9,1,23,72.5,65.0,55.2,0,8,133,21.9,21.9,97.0,2,8,0,502,0,0,0,1007,142,647,0,0,360,760
Deuce Lutui,2986,G,TEN,8,100.0,2,31,65.3,59.0,64.3,2,16,295,100.0,100.0,96.9,4,18,0,501,0,0,0,501,310,310,501,0,191,0
Joe Flacco,4332,QB,BLT,20,38.6,0,3,73.3,,60.1,0,0,0,0.0,0.0,,3,0,0,495,0,0,0,1284,0,756,0,0,495,0
Tony Moeaki,5617,TE,KC,15,54.1,0,16,65.7,71.2,67.6,1,3,82,17.2,17.4,97.6,5,4,0,491,0,0,0,908,88,505,0,0,403,531
Anthony Fasano,2998,TE,MIA,16,54.3,0,17,71.4,73.3,69.3,1,3,77,16.6,17.1,97.4,4,4,0,489,0,0,1,900,85,496,0,0,404,636
Peyton Manning,327,QB,DEN,17,40.6,0,10,90.9,,60.0,0,0,0,0.0,0.0,,3,0,0,488,0,0,0,1203,0,696,0,0,488,0
Mike Adams,7643,T,PIT,10,100.0,0,25,66.3,56.4,72.8,3,16,277,100.0,100.0,94.0,2,26,7,487,0,0,0,487,291,291,0,487,196,0
Torrey Smith,6210,WR,BLT,20,40.5,0,3,75.6,,71.3,0,0,0,0.0,0.0,,6,0,0,482,0,0,0,1191,0,705,0,0,482,1
Andre Johnson,1319,WR,HST,18,42.6,1,13,91.6,,77.3,0,0,0,0.0,0.0,,2,0,0,481,0,0,0,1130,0,649,0,0,481,1
David Diehl,1468,T,NYG,13,100.0,0,21,62.4,56.5,65.1,7,19,260,100.0,100.0,93.5,1,30,4,480,0,0,3,480,283,283,9,442,197,26
Martellus Bennett,4375,TE,NYG,16,51.3,0,21,81.3,75.2,83.4,0,1,97,18.7,18.5,99.5,2,1,0,477,0,0,0,930,103,556,0,0,374,630
Joe Reitz,4789,G,IND,9,100.0,1,14,59.7,57.0,58.3,5,13,273,100.0,100.0,96.7,2,18,0,475,0,464,0,475,294,294,0,0,181,11
Russell Wilson,7077,QB,SEA,18,42.3,0,29,90.6,61.3,60.0,0,0,0,0.0,0.2,,7,0,0,473,0,0,0,1117,1,594,0,0,472,0
Jeff Byers,5976,G,CAR,11,100.0,1,5,66.4,45.5,71.0,3,9,247,100.0,100.0,96.8,4,14,2,470,215,1,0,470,270,270,254,0,200,0
A.Q. Shipley,5150,C,IND,10,100.0,0,14,72.0,80.1,65.9,2,3,264,100.0,100.0,99.1,0,5,0,468,447,19,0,468,284,284,0,0,184,1
Wes Welker,2204,WR,NE,18,38.3,0,19,82.1,64.9,74.1,0,0,1,0.1,0.1,100.0,0,0,0,468,0,0,0,1223,1,754,0,0,467,5
Owen Daniels,3043,TE,HST,17,46.5,0,13,74.8,60.4,66.5,2,2,49,8.8,9.2,95.9,1,4,0,465,0,0,0,999,54,588,0,0,411,723
Eric Decker,5611,WR,DEN,17,40.7,0,10,76.6,68.1,75.3,0,0,1,0.2,0.1,100.0,6,0,0,463,0,0,0,1138,1,676,0,0,462,10
Jake Scott,1862,G,PHI,7,100.0,2,24,64.8,55.5,74.9,1,13,299,100.0,100.0,97.0,7,16,2,462,0,0,0,462,314,314,462,0,148,0
John Moffitt,6227,G,SEA,10,100.0,0,29,68.2,67.8,66.2,3,6,208,100.0,100.0,97.8,4,9,0,461,0,248,0,461,225,225,213,0,236,0
Ryan Harris,3686,T,HST,18,99.8,1,13,75.9,68.7,77.1,6,7,241,99.6,99.6,96.5,1,15,2,459,0,0,10,460,253,254,0,420,206,30
Benjamin Watson,1753,TE,CLV,16,53.7,0,8,73.1,70.3,64.5,0,3,97,20.6,19.9,96.4,5,5,2,458,0,0,0,853,98,493,0,0,360,793
Brandon Lloyd,1436,WR,NE,18,38.4,0,19,77.0,,86.3,0,0,0,0.0,0.0,,2,0,0,456,0,0,0,1188,0,732,0,0,456,0
Jeff Faine,1337,C,CIN,8,100.0,0,7,53.3,66.5,45.4,0,5,274,100.0,100.0,98.7,3,6,1,456,456,0,0,456,291,291,0,0,165,0
Demaryius Thomas,5547,WR,DEN,17,40.8,0,10,85.1,,79.1,0,0,0,0.0,0.0,,1,0,0,452,0,0,0,1107,0,655,0,0,452,5
Trevor Robinson,7375,C,CIN,10,100.0,0,7,69.5,62.6,69.2,3,6,229,100.0,100.0,97.6,1,10,1,448,448,0,0,448,243,243,0,0,205,0
Danny Watkins,6175,G,PHI,7,100.0,2,24,62.1,45.8,66.5,6,9,274,100.0,100.0,96.9,2,16,1,448,0,3,0,448,287,287,445,0,161,0
Don Barclay,7703,T,GB,8,100.0,2,12,60.3,57.1,66.2,4,19,267,100.0,100.0,93.8,4,28,5,447,0,1,0,447,280,280,0,446,167,0
Demetress Bell,4533,T,PHI,8,100.0,0,24,41.7,44.3,52.1,9,21,275,100.0,100.0,93.5,9,33,3,446,0,0,387,446,296,296,0,59,150,0
Brent Celek,3778,TE,PHI,15,51.6,0,24,71.5,64.0,70.7,3,5,123,24.0,23.3,95.1,1,10,2,445,0,0,0,862,127,544,0,0,318,699
Carl Nicks,4478,G,TB,7,100.0,0,30,77.4,75.7,73.2,5,3,240,100.0,100.0,98.3,1,8,0,442,0,442,0,442,256,256,0,0,186,0
Lance Kendricks,6199,TE,SL,16,52.0,0,26,68.4,68.6,72.7,2,3,73,16.2,15.8,95.2,3,6,1,440,0,0,1,846,76,482,0,0,364,501
Logan Paulsen,5795,TE,WAS,17,60.3,0,32,70.9,44.9,80.3,1,7,80,22.5,22.5,92.5,6,10,2,440,0,0,0,730,84,374,0,3,356,501
Garrett Graham,5642,TE,HST,17,62.6,0,13,76.3,68.6,77.6,1,3,72,22.2,21.9,97.2,4,4,0,435,0,0,0,695,73,333,0,0,362,592
Leroy Harris,3731,G,TEN,8,100.0,0,31,58.0,44.5,66.8,5,9,283,100.0,100.0,95.8,2,19,5,432,0,0,0,432,293,293,432,0,139,0
Ed Dickson,5595,TE,BLT,17,63.3,0,3,61.0,56.3,55.3,0,6,65,21.5,22.2,95.4,0,6,0,430,0,0,0,679,71,320,0,0,359,564
Christian Ponder,6164,QB,MIN,16,41.6,0,18,57.0,,60.1,0,0,0,0.0,0.0,,1,0,0,429,0,0,0,1031,0,582,0,0,429,0
Tony Gonzalez,237,TE,ATL,18,39.3,0,2,89.2,73.9,63.8,1,2,65,9.3,9.2,97.7,4,3,0,428,0,0,0,1088,67,727,0,1,361,516
Nate Potter,7205,T,ARZ,8,100.0,0,1,54.7,55.5,48.2,5,12,273,100.0,100.0,94.3,2,24,7,428,0,0,426,428,282,282,0,0,146,2
Anquan Boldin,1369,WR,BLT,19,37.6,0,3,84.2,,67.8,0,0,0,0.0,0.0,,10,0,0,426,0,0,0,1132,0,705,0,0,426,5
Jason Witten,1384,TE,DAL,16,39.1,0,9,84.5,66.6,80.7,1,1,65,9.4,9.7,96.9,6,3,1,422,0,0,1,1080,71,729,0,0,351,731
Scott Wells,1965,C,SL,7,100.0,0,26,63.8,73.0,59.8,1,2,247,100.0,100.0,99.0,3,4,1,421,420,0,0,421,260,260,1,0,161,0
Andrew Luck,7007,QB,IND,17,33.1,0,14,66.7,61.3,60.0,0,0,1,0.1,0.1,100.0,5,0,0,417,0,0,0,1259,1,814,0,0,416,0
Vonta Leach,2100,FB,BLT,20,72.2,0,3,83.4,63.0,86.8,3,3,60,30.5,30.8,95.0,1,6,0,411,0,0,0,569,64,208,0,0,347,24
Marcedes Lewis,2973,TE,JAX,16,49.3,0,15,78.9,73.0,84.1,0,1,76,16.3,16.3,96.7,3,3,2,410,0,0,0,832,82,504,0,3,328,513
Bryant McKinnie,1015,T,BLT,15,100.0,0,3,74.5,71.5,71.9,2,7,191,100.0,100.0,96.1,1,12,3,410,0,0,392,410,206,206,0,0,204,18
Doug Legursky,4860,C,PIT,7,100.0,0,25,56.9,46.3,59.5,5,7,247,100.0,100.0,96.4,2,15,3,408,244,93,0,408,266,266,71,0,142,0
Chris Kuper,3106,G,DEN,6,100.0,0,10,63.9,72.2,57.0,4,4,213,100.0,100.0,98.1,4,8,0,404,0,0,0,404,227,227,404,0,177,0
Aaron Rodgers,2241,QB,GB,18,33.7,0,12,89.1,,60.0,0,0,0,0.0,0.0,,4,0,0,403,0,0,0,1196,0,775,0,0,403,0
James Casey,5076,FB,HST,18,60.5,0,13,68.9,80.2,57.4,0,0,38,13.0,13.9,100.0,2,0,0,399,0,0,0,660,42,302,0,0,357,121
Randy McMichael,1114,TE,SD,16,82.1,0,27,67.1,72.7,74.4,0,4,107,56.3,56.7,97.2,4,5,1,399,0,0,1,486,114,201,0,2,285,351
Ryan Fitzpatrick,2467,QB,BUF,16,39.6,0,4,54.0,,63.1,0,0,0,0.0,0.0,,2,0,0,395,0,0,0,997,0,585,0,0,395,0
Garrett Reynolds,5080,G,ATL,6,100.0,1,2,63.8,69.6,58.9,3,9,258,100.0,100.0,97.7,2,12,0,394,0,0,0,394,270,270,394,0,124,0
Mark Sanchez,4928,QB,NYJ,15,42.0,1,22,46.0,,61.7,0,0,0,0.0,0.0,,2,0,0,394,0,0,0,937,0,530,0,0,394,0
Kevin Walter,1549,WR,HST,18,41.5,0,13,63.1,69.4,73.3,0,0,3,0.6,0.5,100.0,3,0,0,393,0,0,0,946,3,556,0,0,390,37
Rob Gronkowski,5567,TE,NE,12,52.8,0,19,90.9,71.3,89.6,1,2,72,18.0,17.9,97.9,4,3,0,391,0,0,0,740,76,425,0,0,315,369
Philip Rivers,1725,QB,SD,16,38.0,0,27,64.1,61.2,60.2,0,0,1,0.2,0.2,100.0,11,0,0,390,0,0,0,1025,1,620,0,0,389,0
Brandon Marshall,3064,WR,CHI,16,40.1,0,6,90.4,,78.3,0,0,0,0.0,0.0,,2,0,0,389,0,0,0,969,0,579,0,0,389,0
Robert Griffin III,7008,QB,WAS,16,39.4,1,32,81.4,,60.1,0,0,0,0.0,0.0,,7,0,0,387,0,0,0,982,0,512,0,0,387,0
Andy Dalton,6187,QB,CIN,17,35.9,0,7,63.7,,60.2,0,0,0,0.0,0.0,,6,0,0,386,0,0,0,1075,0,660,0,0,386,0
Matt Ryan,4317,QB,ATL,18,32.7,0,2,88.1,,60.0,0,0,0,0.0,0.0,,1,0,0,386,0,0,0,1179,0,778,0,0,386,0
Eli Manning,1722,QB,NYG,16,38.4,0,21,78.7,,60.1,0,0,0,0.0,0.0,,5,0,0,386,0,0,0,1005,0,608,0,0,386,0
Josh Freeman,4940,QB,TB,16,37.0,0,30,61.9,,60.1,0,0,0,0.0,0.0,,6,0,0,384,0,0,0,1037,0,633,0,0,384,0
Sam Bradford,5526,QB,SL,16,36.8,0,26,70.4,,60.0,0,0,0,0.0,0.0,,9,0,0,381,0,0,0,1036,0,638,0,0,381,0
Guy Whimper,3074,T,JAX,15,99.2,0,15,59.4,48.5,62.6,6,15,195,98.5,98.6,92.1,4,26,5,380,0,0,0,383,215,218,0,314,165,69
James Jones,3694,WR,GB,18,33.7,0,12,73.2,,75.1,0,0,0,0.0,0.0,,2,0,0,379,0,0,0,1123,0,744,0,0,379,0
Luke Stocker,6256,TE,TB,16,70.3,0,30,77.3,65.5,84.8,1,5,97,39.1,38.7,96.9,2,6,0,379,0,0,0,539,101,261,0,0,278,432
Erik Pears,2737,T,BUF,7,100.0,0,4,55.8,63.6,52.1,7,4,211,100.0,100.0,96.0,5,14,3,378,0,0,0,378,216,216,0,378,162,0
J.R. Sweezy,7209,G,SEA,10,100.0,0,29,50.8,46.4,52.5,1,10,180,100.0,100.0,95.8,3,13,2,376,0,0,0,376,195,195,374,0,181,2
Ryan Tannehill,7014,QB,MIA,16,38.3,0,17,68.4,,60.0,0,0,0,0.0,0.0,,1,0,0,376,0,0,0,981,0,567,0,0,376,0
Delanie Walker,3120,TE,SF,19,53.9,0,28,67.0,84.0,86.4,0,0,34,10.0,10.3,100.0,4,0,0,375,0,0,0,696,37,358,0,1,338,389
Jay Cutler,2956,QB,CHI,15,40.7,0,6,72.4,,60.0,0,0,0,0.0,0.0,,4,0,0,374,0,0,0,920,0,529,0,0,374,0
Reggie Wayne,800,WR,IND,17,32.0,0,14,88.6,56.9,88.7,0,0,3,0.4,0.4,100.0,0,0,0,373,0,0,0,1166,3,795,0,0,370,61
Steve Johnson,4538,WR,BUF,16,39.6,0,4,78.1,,67.1,0,0,0,0.0,0.0,,3,0,0,372,0,0,0,940,0,568,0,0,372,0
Bruce Miller,6363,FB,SF,19,67.1,0,28,81.2,69.5,89.1,0,3,45,20.9,21.4,94.4,1,4,1,371,0,0,0,553,48,224,0,0,323,36
Matthew Stafford,4924,QB,DET,16,30.8,1,11,73.6,,60.0,0,0,0,0.0,0.0,,3,0,0,364,0,0,0,1180,0,801,0,0,364,0
Vincent Jackson,2278,WR,TB,16,37.0,1,30,89.6,,72.9,0,0,0,0.0,0.0,,3,0,0,361,0,0,0,976,0,615,0,0,361,1
Donald Stephenson,7076,T,KC,11,99.7,0,16,62.0,51.3,71.6,7,9,168,99.4,99.4,92.3,5,21,5,361,0,0,306,362,178,179,0,36,183,20
Donnie Avery,4347,WR,IND,17,32.4,1,14,60.1,65.6,57.5,0,0,1,0.1,0.1,100.0,2,0,0,361,0,0,0,1115,1,750,0,0,360,3
Drew Brees,802,QB,NO,16,32.6,0,20,84.7,,60.0,0,0,0,0.0,0.0,,6,0,0,357,0,0,0,1094,0,725,0,0,357,0
A.J. Green,6156,WR,CIN,17,35.5,0,7,88.9,62.4,81.4,0,0,1,0.2,0.2,100.0,4,0,0,357,0,0,0,1007,1,647,0,0,356,1
Golden Tate,5585,WR,SEA,17,42.8,0,29,82.8,,69.4,0,0,0,0.0,0.0,,3,0,0,356,0,0,0,832,0,473,0,0,356,3
Calvin Johnson,3618,WR,DET,16,30.8,2,11,89.8,,77.9,0,0,0,0.0,0.0,,4,0,0,355,0,0,0,1151,0,796,0,0,355,2
Bobbie Williams,628,G,BLT,8,100.0,0,3,52.8,57.8,53.5,1,7,196,100.0,100.0,96.4,4,11,3,355,0,192,0,355,205,205,163,0,150,0
Roddy White,2244,WR,ATL,18,31.7,1,2,89.3,70.8,88.7,0,0,2,0.3,0.3,100.0,4,0,0,352,0,0,0,1110,2,760,0,0,350,9
Steve Smith,837,WR,CAR,16,38.2,0,5,80.9,,70.9,0,0,0,0.0,0.0,,5,0,0,348,0,0,0,910,0,559,0,0,348,1
Antoine Caldwell,5000,G,HST,11,100.0,0,13,55.5,54.1,56.0,2,8,170,100.0,100.0,95.9,1,12,2,346,0,0,0,346,176,176,346,0,170,0
Sidney Rice,3660,WR,SEA,18,39.9,0,29,81.6,,73.6,0,0,0,0.0,0.0,,1,0,0,346,0,0,0,867,0,519,0,0,346,1
Chris Spencer,2243,G,CHI,10,100.0,0,6,65.8,36.9,73.1,4,6,172,100.0,100.0,95.3,1,13,3,345,0,171,0,345,186,186,171,0,159,1
Jerome Felton,4460,FB,MIN,17,83.1,0,18,82.0,66.1,83.8,1,2,53,44.2,43.1,97.2,0,3,0,344,0,0,0,414,53,123,0,0,291,2
Shelley Smith,5710,G,SL,8,100.0,0,26,56.8,54.1,70.0,4,4,206,100.0,100.0,96.6,6,11,3,344,0,271,0,344,223,223,73,0,121,0
James Carpenter,6177,G,SEA,7,100.0,0,29,56.1,56.8,56.3,1,5,183,100.0,100.0,96.7,1,9,3,343,0,343,0,343,191,191,0,0,152,0
Ramon Harewood,5717,G,BLT,6,100.0,0,3,68.5,49.9,74.4,2,12,203,100.0,100.0,96.1,0,15,1,341,0,340,0,341,222,222,0,0,119,0
Brian Hartline,5031,WR,MIA,16,38.0,0,17,77.4,,67.8,0,0,0,0.0,0.0,,3,0,0,340,0,0,0,894,0,554,0,0,340,0
Tony Romo,1693,QB,DAL,16,31.2,0,9,73.9,,60.0,0,0,0,0.0,0.0,,7,0,0,340,0,0,0,1090,0,728,0,0,340,0
Brandon Weeden,7028,QB,CLV,15,36.3,0,8,50.1,,60.7,0,0,0,0.0,0.0,,2,0,0,337,0,0,0,929,0,578,0,0,337,0
Jonathan Scott,3086,T,CHI,9,100.0,0,6,59.5,52.3,64.6,5,14,175,100.0,100.0,94.0,1,20,1,334,0,0,0,334,189,189,0,323,145,11
Wayne Hunter,1388,T,SL,11,100.0,1,26,60.4,58.2,59.8,4,12,187,100.0,100.0,93.6,3,20,4,334,0,0,321,334,197,197,0,1,137,12
Cam Newton,6153,QB,CAR,16,32.8,0,5,71.9,,61.2,0,0,0,0.0,0.0,,3,0,0,334,0,0,0,1019,0,589,0,0,334,0
Sam Young,5702,T,BUF,11,99.7,0,4,63.4,72.9,56.9,3,4,186,99.5,99.5,97.6,2,8,1,332,0,0,0,333,191,192,53,273,141,7
Jason Pinkston,6302,G,CLV,6,100.0,0,8,70.2,65.5,69.1,3,3,220,100.0,100.0,98.6,0,6,0,332,0,332,0,332,230,230,0,0,102,0
Craig Stevens,4399,TE,TEN,15,59.8,0,31,62.7,73.7,71.2,0,1,61,22.3,22.7,97.5,3,2,1,329,0,0,0,550,65,286,0,0,264,373
Greg Little,6211,WR,CLV,16,36.2,1,8,65.3,67.6,77.0,0,0,1,0.2,0.2,100.0,4,0,0,328,0,0,0,906,1,577,0,0,327,18
Josh Morgan,4488,WR,WAS,17,43.5,0,32,68.2,65.8,76.9,0,0,1,0.2,0.2,100.0,3,0,0,327,0,0,0,752,1,423,0,0,326,7
Victor Cruz,5827,WR,NYG,16,36.1,0,21,77.5,68.1,64.0,0,0,1,0.2,0.2,100.0,3,0,0,326,0,0,0,904,1,579,0,0,325,6
Larry Fitzgerald,1724,WR,ARZ,16,31.7,0,1,69.4,70.7,73.1,0,0,1,0.1,0.1,100.0,3,0,0,326,0,0,0,1030,1,705,0,0,325,2
Nate Garner,4525,G,MIA,12,100.0,0,17,67.3,60.4,73.8,0,13,172,100.0,100.0,95.1,3,15,2,325,0,5,0,325,186,186,1,310,139,9
Riley Reiff,7029,T,DET,16,99.7,1,11,87.8,72.0,86.4,1,9,153,99.4,99.4,96.7,5,10,0,325,0,0,135,326,162,163,0,1,163,157
Matt Spaeth,3693,TE,CHI,16,76.3,0,6,77.7,75.3,84.9,0,1,51,35.4,35.7,97.1,2,2,1,319,0,0,0,418,55,154,0,0,264,364
Dwayne Bowe,3639,WR,KC,13,43.3,0,16,81.1,80.6,71.4,0,0,3,0.8,0.7,100.0,1,0,0,319,0,0,0,737,3,421,0,0,316,0
Quinn Ojinnaka,3084,G,SL,6,100.0,0,26,53.0,30.4,66.6,4,11,181,100.0,100.0,94.2,2,18,3,316,0,316,0,316,192,192,0,0,124,0
Anthony McCoy,5708,TE,SEA,18,60.0,0,29,67.4,55.0,63.5,0,2,35,14.9,16.3,97.1,6,2,0,316,0,0,0,527,41,252,0,0,275,398
Antonio Gates,1609,TE,SD,15,36.5,0,27,65.5,67.1,62.8,0,0,13,2.4,2.8,100.0,3,0,0,314,0,0,3,860,16,562,0,0,298,345
Jeremy Maclin,4942,WR,PHI,15,32.2,0,24,62.1,,61.7,0,0,0,0.0,0.0,,4,0,0,314,0,0,0,975,0,661,0,0,314,1
Carson Palmer,1317,QB,OAK,15,32.9,0,23,65.7,,60.0,0,0,0,0.0,0.0,,4,0,0,313,0,0,0,952,0,625,0,0,313,0
Scott Chandler,3745,TE,BUF,15,41.3,0,4,73.2,70.3,73.4,1,0,26,5.8,5.8,98.1,1,1,0,309,0,0,0,749,27,467,0,0,282,307
Kelvin Beachum,7229,G,PIT,7,100.0,0,25,63.7,60.7,65.4,3,13,194,100.0,100.0,94.8,2,18,2,309,0,0,0,309,205,205,0,308,104,1
Matthew Mulligan,4701,TE,SL,16,76.9,0,26,78.1,74.7,74.2,0,0,53,37.3,37.6,98.1,2,1,1,309,0,0,1,402,56,149,0,0,253,361
Ben Roethlisberger,1732,QB,PIT,13,37.0,0,25,85.5,60.9,60.0,0,0,1,0.2,0.2,100.0,3,0,0,308,0,0,0,832,1,511,0,0,307,0
Erik Lorig,5775,FB,TB,16,73.0,2,30,61.5,74.4,61.4,1,0,39,26.4,27.4,98.7,5,1,0,308,0,0,0,422,43,157,0,0,265,8
Michael Crabtree,4933,WR,SF,19,35.8,1,28,91.3,,74.9,0,0,0,0.0,0.0,,3,0,0,304,0,0,0,849,0,544,0,0,304,2
Jeff King,3100,TE,ARZ,16,64.8,1,1,68.0,77.9,66.4,0,0,41,20.5,20.8,97.6,4,1,1,302,0,0,0,466,43,207,0,0,259,389
Jeff Cumberland,5861,TE,NYJ,15,50.7,0,22,69.5,76.8,69.5,0,1,35,11.3,11.7,98.6,0,1,0,301,0,0,1,594,39,332,0,1,262,399
Mike Williams,5625,WR,TB,16,33.5,0,30,78.8,,66.7,0,0,0,0.0,0.0,,1,0,0,301,0,0,0,898,0,597,0,0,301,6
Dennis Pitta,5638,TE,BLT,20,36.3,0,3,78.5,62.1,65.5,2,1,36,6.8,7.4,95.8,2,3,0,299,0,0,0,823,42,566,0,0,257,395
Steve Maneri,6028,TE,KC,13,75.7,0,16,73.7,75.3,78.5,0,1,50,35.2,34.7,99.0,3,1,0,299,0,0,0,395,51,147,0,0,248,341
Malcom Floyd,2044,WR,SD,14,35.1,0,27,79.0,,67.6,0,0,0,0.0,0.0,,2,0,0,297,0,0,0,846,0,549,0,0,297,1
Henry Hynoski,6666,FB,NYG,16,70.0,0,21,75.8,85.2,76.9,1,0,53,31.2,31.1,99.1,0,1,0,296,0,0,0,423,55,177,0,0,241,16
Colin Kaepernick,6188,QB,SF,16,40.9,0,28,78.8,61.3,60.3,0,0,1,0.3,0.3,100.0,8,0,0,294,0,0,0,719,1,373,0,0,293,0
Josh Gordon,7618,WR,CLV,16,35.7,1,8,69.5,,77.0,0,0,0,0.0,0.0,,2,0,0,291,0,0,0,815,0,524,0,0,291,8
Aaron Hernandez,5637,TE,NE,12,40.7,0,19,73.0,75.1,65.7,0,1,33,7.6,7.7,98.5,7,1,0,291,0,0,0,715,35,457,0,5,256,247
Rex Hadnot,1892,G,SD,5,100.0,0,27,65.7,70.7,59.3,1,5,186,100.0,100.0,97.3,0,8,2,290,0,290,0,290,196,196,0,0,94,0
Seth Olsen,5056,G,IND,5,100.0,0,14,52.6,41.3,59.8,3,13,175,100.0,100.0,95.4,2,16,0,288,0,288,0,288,190,190,0,0,98,0
Ryan Kalil,3675,C,CAR,5,100.0,0,5,59.0,74.5,54.5,0,5,160,100.0,100.0,98.4,1,5,0,286,286,0,0,286,166,166,0,0,120,0
Rich Ohrnberger,5047,G,ARZ,7,100.0,0,1,60.2,63.7,61.9,3,5,203,100.0,100.0,97.5,3,9,1,286,104,1,0,286,208,208,179,0,78,0
Brandon LaFell,5602,WR,CAR,14,37.4,0,5,70.0,62.3,83.3,0,0,1,0.2,0.2,100.0,2,0,0,283,0,0,0,757,1,472,0,0,282,5
Davone Bess,4694,WR,MIA,13,38.1,0,17,74.4,,74.8,0,0,0,0.0,0.0,,2,0,0,282,0,0,0,741,0,459,0,0,282,0
Kevin Haslam,5992,T,SD,5,100.0,0,27,59.2,59.7,60.2,2,10,162,100.0,100.0,94.4,2,15,3,278,0,0,199,278,171,171,0,79,107,0
Tom Crabtree,5458,TE,GB,16,72.0,0,12,57.4,66.3,56.4,0,1,46,30.9,32.9,96.7,3,2,1,278,0,0,0,386,53,161,0,0,225,233
Justin Blackmon,7011,WR,JAX,16,28.9,0,15,65.7,34.9,69.7,0,0,1,0.2,0.1,0.0,2,1,1,278,0,0,0,963,1,684,0,0,277,10
Emmanuel Sanders,5606,WR,PIT,16,38.5,0,25,69.1,,75.4,0,0,0,0.0,0.0,,1,0,0,278,0,0,0,723,0,444,0,0,278,13
Brandon Pettigrew,4943,TE,DET,14,36.2,0,11,60.8,73.3,65.9,1,1,48,9.2,9.9,97.9,2,2,0,278,0,0,0,769,54,545,0,0,224,688
Michael Hoomanawanui,5655,TE,NE,16,77.6,0,19,75.3,76.8,78.1,0,1,67,46.2,47.7,99.3,0,1,0,277,0,0,0,357,73,153,0,0,204,188
Vladimir Ducasse,5586,G,NYJ,15,100.0,0,22,73.6,64.6,75.9,1,6,155,100.0,100.0,96.5,1,9,2,274,0,263,0,274,163,163,11,0,111,0
Konrad Reuland,6469,TE,NYJ,16,71.8,0,22,61.5,71.9,61.6,1,1,30,22.6,23.6,96.7,3,2,0,273,0,0,0,380,33,140,0,0,240,248
Michael Jenkins,1750,WR,MIN,17,35.9,1,18,65.9,73.4,83.4,0,0,4,0.9,0.8,100.0,1,0,0,272,0,0,0,758,4,490,0,0,268,59
Denarius Moore,6300,WR,OAK,15,34.3,0,23,68.6,,68.1,0,0,0,0.0,0.0,,0,0,0,272,0,0,0,793,0,520,0,0,272,3
Michael Robinson,3045,FB,SEA,18,73.8,0,29,69.1,65.4,55.7,0,2,22,21.8,23.1,95.5,0,2,0,271,0,0,0,367,25,108,0,0,246,0
Leonard Hankerson,6231,WR,WAS,17,45.1,0,32,75.0,62.3,68.8,0,0,1,0.3,0.3,100.0,2,0,0,271,0,0,0,601,1,329,0,0,270,1
Darrius Heyward-Bey,4930,WR,OAK,15,33.5,0,23,68.9,30.5,82.0,0,1,3,0.6,0.6,83.3,1,1,0,270,0,0,0,805,3,536,0,0,267,8
Julio Jones,6158,WR,ATL,18,28.0,0,2,86.1,67.3,66.5,0,0,1,0.2,0.1,100.0,4,0,0,268,0,0,0,956,1,682,0,0,267,0
Mike Otto,3839,T,TEN,6,100.0,0,31,71.4,77.3,62.6,0,5,155,100.0,100.0,97.7,1,6,1,267,0,0,60,267,169,169,0,206,98,1
T.J. Graham,7071,WR,BUF,15,38.4,0,4,52.4,68.1,66.3,0,0,1,0.2,0.2,100.0,3,0,0,267,0,0,0,696,1,429,0,0,266,5
Eben Britton,4962,G,JAX,6,100.0,0,15,40.8,20.2,58.1,3,12,158,100.0,100.0,92.1,2,20,5,267,0,267,0,267,167,167,0,0,100,0
Lee Smith,6311,TE,BUF,16,93.4,0,4,76.5,71.3,71.4,0,2,75,79.8,80.4,98.7,6,2,0,267,0,0,0,286,78,97,0,0,189,275
Brandon Gibson,5118,WR,SL,16,34.5,2,26,76.9,,71.2,0,0,0,0.0,0.0,,5,0,0,263,0,0,0,763,0,500,0,0,263,2
Jermey Parnell,5426,T,DAL,14,99.6,1,9,65.7,71.9,54.6,3,8,177,100.0,99.5,95.8,3,13,2,260,0,0,151,261,190,191,0,79,70,31
Miles Austin,3211,WR,DAL,16,30.1,0,9,76.1,,64.3,0,0,0,0.0,0.0,,0,0,0,259,0,0,0,860,0,601,0,0,259,0
Mike Wallace,5007,WR,PIT,15,30.9,1,25,67.3,,59.8,0,0,0,0.0,0.0,,4,0,0,257,0,0,0,833,0,571,0,0,257,3
Jason Smith,4925,T,NYJ,16,99.2,0,22,85.4,74.1,78.1,0,1,50,96.2,96.3,97.0,2,2,1,255,0,0,1,257,52,54,0,2,203,251
Donald Jones,6000,WR,BUF,12,38.1,0,4,65.4,65.7,74.9,0,0,1,0.2,0.2,100.0,1,0,0,255,0,0,0,670,1,416,0,0,254,16
Le'Ron McClain,3753,FB,SD,16,76.3,0,27,56.1,84.5,54.6,0,0,27,30.0,31.6,100.0,0,0,0,254,0,0,0,333,30,95,0,0,224,31
Daniel Fells,3309,TE,NE,14,75.1,0,19,74.4,79.8,84.4,0,0,39,32.8,33.9,100.0,3,0,0,253,0,0,1,337,43,127,0,1,210,209
Darrel Young,5438,FB,WAS,17,73.3,0,32,74.7,79.9,70.0,0,1,31,31.0,30.6,98.4,1,1,0,252,0,0,0,344,34,111,0,0,218,4
Chaz Schilens,4540,WR,NYJ,15,49.8,0,22,63.1,,67.5,0,0,0,0.0,0.0,,1,0,0,251,0,0,0,504,0,253,0,0,251,7
J.D. Walton,5604,C,DEN,4,100.0,0,10,75.4,84.1,72.3,0,1,145,100.0,100.0,99.7,1,1,0,248,248,0,0,248,159,159,0,0,89,0
Louis Murphy Jr.,5048,WR,CAR,16,36.9,0,5,60.6,66.4,75.0,0,0,1,0.3,0.2,100.0,2,0,0,246,0,0,0,666,1,420,0,0,245,7
Hakeem Nicks,4952,WR,NYG,13,36.7,1,21,80.1,,70.0,0,0,0,0.0,0.0,,2,0,0,246,0,0,0,670,0,424,0,0,246,0
Dave Thomas,3031,TE,NO,15,64.7,0,20,61.3,50.9,76.4,0,1,45,26.0,26.4,98.9,6,1,0,246,0,0,0,380,48,182,0,0,198,229
Nick McDonald,5940,G,NE,9,100.0,0,19,65.2,57.3,64.7,3,4,123,100.0,100.0,96.3,0,8,1,246,6,29,0,246,129,129,199,0,117,12
Jared Gaither,4279,T,SD,4,100.0,0,27,80.0,64.1,92.0,2,6,129,100.0,100.0,93.8,4,12,4,243,0,0,239,243,138,138,0,0,105,4
Marcus Gilbert,6215,T,PIT,5,100.0,0,25,66.5,73.4,59.5,3,4,135,100.0,100.0,97.4,2,7,0,240,0,0,0,240,144,144,0,240,96,0
Matt Cassel,2447,QB,KC,9,41.3,0,16,56.9,,60.8,0,0,0,0.0,0.0,,4,0,0,239,0,0,0,578,0,328,0,0,239,0
Dez Bryant,5549,WR,DAL,16,25.8,0,9,76.5,49.9,54.3,0,0,0,0.0,0.0,,4,0,0,237,0,0,0,920,0,681,0,0,237,1
Jed Collins,4743,FB,NO,15,73.1,0,20,76.2,63.4,81.1,0,3,37,30.8,30.4,93.2,2,4,1,237,0,0,0,324,38,125,0,0,199,37
Jermichael Finley,4405,TE,GB,18,30.5,0,12,67.4,77.2,73.3,0,2,38,7.1,6.8,97.4,4,2,0,236,0,0,0,773,39,576,0,0,197,408
Randy Moss,342,WR,SF,19,44.4,0,28,75.2,,70.5,0,0,0,0.0,0.0,,1,0,0,234,0,0,0,527,0,293,0,0,234,0
John Phillips,5132,TE,DAL,16,69.1,0,9,65.3,55.0,73.9,0,2,29,22.7,23.7,96.6,1,2,0,230,0,0,0,333,32,135,0,0,198,290
Jonathan Baldwin,6178,WR,KC,15,42.3,1,16,61.2,,68.4,0,0,0,0.0,0.0,,1,0,0,229,0,0,0,541,0,312,0,0,229,0
Will Johnson,7639,FB,PIT,16,62.7,0,25,66.6,67.7,65.2,0,2,27,17.3,17.8,96.3,0,2,0,229,0,0,0,365,29,163,0,0,200,89
Devery Henderson,1771,WR,NO,15,32.6,0,20,50.5,74.1,82.8,0,0,3,0.7,0.6,100.0,2,0,0,229,0,0,0,702,3,475,0,0,226,7
Fred Davis,4362,TE,WAS,7,56.6,0,32,75.4,58.1,61.6,1,2,40,19.7,19.4,96.2,5,3,0,228,0,0,0,403,42,216,0,0,186,288
John Kuhn,2686,FB,GB,16,53.3,0,12,62.1,83.4,56.0,0,1,86,35.2,34.8,97.1,2,3,2,227,0,0,0,426,93,267,0,0,134,3
DeSean Jackson,4363,WR,PHI,11,32.3,1,24,76.2,,68.8,0,0,0,0.0,0.0,,1,0,0,226,0,0,0,700,0,471,0,0,226,2
Chris Givens,7096,WR,SL,15,36.6,0,26,71.4,,65.8,0,0,0,0.0,0.0,,0,0,0,225,0,0,0,615,0,387,0,0,225,6
Nate Washington,2832,WR,TEN,16,28.5,1,31,64.4,,67.2,0,0,0,0.0,0.0,,1,0,0,225,0,0,0,789,0,564,0,0,225,0
Brady Quinn,3638,QB,KC,10,47.6,0,16,50.9,,60.0,0,0,0,0.0,0.0,,1,0,0,225,0,0,0,473,0,240,0,0,225,0
Ray Rice,4369,HB,BLT,20,22.2,0,3,73.7,71.3,64.9,3,5,173,29.7,30.3,95.4,3,12,4,225,0,0,0,1012,190,628,0,0,35,3
Lex Hilliard,4518,FB,NYJ,14,79.4,0,22,41.4,41.9,52.4,0,3,36,43.9,43.7,90.3,0,5,2,223,0,0,0,281,38,87,0,0,185,1
Jorvorskie Lane,7002,FB,MIA,16,73.0,1,17,55.9,64.1,65.2,0,0,15,19.2,17.9,100.0,2,0,0,222,0,0,0,304,15,84,0,0,207,1
Jacob Tamme,4441,TE,DEN,17,40.6,1,10,80.2,79.2,59.3,0,0,47,13.5,13.3,100.0,1,0,0,222,0,0,0,547,50,375,0,0,172,220
Brandon Stokley,498,WR,DEN,16,33.1,0,10,76.2,,63.0,0,0,0,0.0,0.0,,1,0,0,221,0,0,0,668,0,447,0,0,221,5
Doug Baldwin,6615,WR,SEA,16,41.8,0,29,72.6,,84.0,0,0,0,0.0,0.0,,1,0,0,219,0,0,0,524,0,305,0,0,219,7
Rob Housler,6221,TE,ARZ,15,35.5,1,1,62.1,73.0,62.4,0,1,27,6.5,6.6,98.1,3,1,0,219,0,0,0,617,28,426,0,0,191,262
Austin Pasztor,7689,G,JAX,3,100.0,0,15,66.9,60.4,71.6,2,5,139,100.0,100.0,96.8,2,8,1,216,0,216,0,216,151,151,0,0,65,0
Rhett Ellison,7128,FB,MIN,17,82.4,0,18,91.1,79.9,90.8,0,1,41,48.2,50.0,98.8,0,1,0,215,0,0,0,261,46,92,0,0,169,135
James Brown,7717,G,CHI,5,100.0,1,6,53.1,54.6,54.7,1,4,113,100.0,100.0,96.0,2,7,2,215,0,211,0,215,120,120,0,0,95,4
Kevin Matthews,5868,G,TEN,7,100.0,1,31,60.4,38.4,67.8,2,2,125,100.0,100.0,97.6,3,5,1,213,78,72,0,213,140,140,63,0,73,0
Will Heller,1623,TE,DET,16,51.5,0,11,68.2,80.4,72.0,0,1,48,20.0,20.4,99.0,0,1,0,211,0,0,0,410,51,250,0,0,160,336
Frank Gore,2282,HB,SF,19,24.1,0,28,78.2,72.8,67.9,2,8,144,31.0,31.9,96.5,2,10,0,210,0,0,0,872,156,489,0,0,54,2
Michael Vick,773,QB,PHI,10,31.5,0,24,57.8,,60.0,0,0,0,0.0,0.0,,2,0,0,210,0,0,0,667,0,434,0,0,210,0
Andre Roberts,5612,WR,ARZ,15,25.1,0,1,61.4,67.6,61.9,0,0,0,0.0,0.2,,3,0,0,210,0,0,0,838,1,625,0,0,209,9
Vick Ballard,7162,HB,IND,17,32.1,0,14,71.4,72.0,57.5,2,10,163,46.2,46.4,95.1,1,14,2,209,0,0,0,651,175,377,0,0,34,0
David Paulson,7660,TE,PIT,16,66.5,0,25,51.7,51.1,64.0,1,3,50,33.6,32.7,96.0,0,4,0,208,0,0,0,313,51,156,0,0,157,290
Kyle Cook,3914,C,CIN,5,100.0,0,7,57.7,56.7,60.3,0,3,134,100.0,100.0,96.6,2,6,3,205,201,0,0,205,139,139,4,0,66,0
Marcel Reece,4702,FB,OAK,16,30.9,0,23,80.5,77.8,89.8,0,4,54,12.7,12.8,96.3,3,4,0,203,0,0,0,656,57,447,0,0,146,36
Alex Smith,2288,TE,CLV,12,74.9,0,8,63.0,59.8,68.8,1,4,56,45.5,46.9,92.0,0,7,2,203,0,0,0,271,60,128,0,0,143,115
Lawrence Vickers,3125,FB,DAL,16,67.8,0,9,64.2,63.3,60.5,0,1,28,24.1,23.8,98.2,3,1,0,202,0,0,0,298,29,122,0,0,173,0
Mike Tolbert,4740,FB,CAR,16,44.8,0,5,77.0,65.0,66.7,1,6,87,32.2,32.6,94.8,0,8,1,200,0,0,0,446,93,285,0,0,107,4
Alex Smith,2218,QB,SF,10,41.3,0,28,68.0,61.3,60.2,0,0,0,0.0,0.4,,4,0,0,200,0,0,0,484,1,268,0,0,199,0
Jason Avant,3054,WR,PHI,14,30.3,0,24,78.6,70.8,80.8,0,0,2,0.5,0.4,100.0,1,0,0,199,0,0,0,656,2,459,0,0,197,2
Coby Fleener,7038,TE,IND,13,40.5,0,14,66.3,58.7,73.5,0,1,23,7.8,7.3,97.8,2,1,0,198,0,0,0,489,23,314,0,0,175,430
Cecil Shorts,6266,WR,JAX,14,30.2,0,15,75.3,,60.5,0,0,0,0.0,0.0,,3,0,0,198,0,0,0,655,0,456,0,0,198,8
LeSean McCoy,4976,HB,PHI,12,28.3,1,24,77.9,68.3,65.3,4,7,156,36.0,36.3,95.2,2,13,2,197,0,0,0,695,165,454,0,0,32,1
Orson Charles,7116,TE,CIN,17,65.4,0,7,62.8,77.7,55.7,0,0,23,19.0,18.3,100.0,2,0,0,195,0,0,0,298,23,126,0,0,172,228
Jerome Simpson,4360,WR,MIN,13,39.4,0,18,62.3,,78.8,0,0,0,0.0,0.0,,1,0,0,194,0,0,0,493,0,299,0,0,194,5
Jake Locker,6160,QB,TEN,11,32.5,0,31,70.9,,60.0,0,0,0,0.0,0.0,,7,0,0,193,0,0,0,593,0,387,0,0,193,0
Joe Morgan,6696,WR,NO,14,50.3,1,20,76.0,68.8,92.9,0,0,2,1.1,1.1,100.0,3,0,0,192,0,0,0,382,2,190,0,0,190,5
Antonio Brown,5718,WR,PIT,13,29.3,0,25,79.6,,64.1,0,0,0,0.0,0.0,,2,0,0,191,0,0,0,651,0,453,0,0,191,0
Jeremy Kerley,6305,WR,NYJ,16,28.5,0,22,67.5,,59.0,0,0,0,0.0,0.0,,0,0,0,189,0,0,0,663,0,469,0,0,189,0
Alfred Morris,7165,HB,WAS,17,24.5,0,32,91.0,82.3,62.7,1,0,91,31.1,31.1,99.5,2,1,0,187,0,0,0,763,96,309,0,0,91,0
Kenny Britt,4953,WR,TEN,14,31.0,0,31,62.5,65.6,58.2,0,0,1,0.3,0.2,100.0,4,0,0,186,0,0,0,600,1,415,0,0,185,0
Randall Cobb,6216,WR,GB,17,25.9,0,12,79.2,65.8,69.1,0,0,1,0.2,0.2,100.0,0,0,0,185,0,0,0,715,1,516,0,0,184,0
Rodney Hudson,6207,C,KC,3,100.0,0,16,77.0,85.2,71.6,0,1,106,100.0,100.0,99.5,0,1,0,183,183,0,0,183,110,110,0,0,73,0
Pierre Garcon,4519,WR,WAS,11,43.2,0,32,84.4,,87.6,0,0,0,0.0,0.0,,4,0,0,183,0,0,0,424,0,239,0,0,183,0
Marques Colston,3197,WR,NO,16,21.9,0,20,76.0,,58.9,0,0,0,0.0,0.0,,2,0,0,182,0,0,0,831,0,649,0,0,182,0
Dustin Keller,4344,TE,NYJ,8,44.6,0,22,67.0,70.1,58.5,0,0,14,6.2,5.9,92.9,2,1,1,181,0,0,1,406,14,239,0,1,167,221
Titus Young,6196,WR,DET,10,29.7,1,11,58.6,,62.3,0,0,0,0.0,0.0,,4,0,0,179,0,0,0,603,0,422,0,0,179,0
Marcus Cannon,6290,T,NE,12,100.0,0,19,67.6,69.1,63.6,1,3,65,100.0,100.0,95.4,0,5,1,179,0,0,14,179,69,69,13,142,110,10
Quinn Johnson,5069,FB,TEN,16,71.6,1,31,61.1,82.5,64.2,0,0,21,24.1,23.9,100.0,1,0,0,179,0,0,0,250,21,88,0,0,158,3
Taylor Thompson,7140,TE,TEN,16,68.2,0,31,68.3,72.4,85.4,0,0,7,8.3,9.8,100.0,0,0,0,178,0,0,0,261,9,92,0,0,169,177
William Robinson,4621,T,NO,4,100.0,0,20,62.7,63.1,57.7,1,7,112,100.0,100.0,93.7,0,11,3,178,0,0,4,178,121,121,0,174,57,0
Ben Hartsock,1789,TE,CAR,15,87.2,0,5,80.2,65.5,84.7,1,1,44,63.8,63.9,97.7,3,2,0,177,0,0,8,203,46,72,0,2,131,152
Rod Streater,7416,WR,OAK,16,30.3,0,23,67.4,,73.7,0,0,0,0.0,0.0,,2,0,0,176,0,0,0,581,0,405,0,0,176,0
Ahmad Bradshaw,3866,HB,NYG,14,29.2,0,21,79.9,82.8,58.5,3,2,152,45.1,46.1,97.0,2,7,2,175,0,0,0,600,170,369,0,0,5,0
Derrick Dockery,1396,G,DAL,4,100.0,0,9,52.5,54.3,46.5,0,4,126,100.0,100.0,97.6,1,5,1,174,0,7,0,174,138,138,167,0,36,0
Dexter McCluster,5561,WR,KC,16,30.2,0,16,62.0,35.5,69.5,0,0,1,0.3,0.3,100.0,1,0,0,173,0,0,0,573,1,389,0,0,172,0
Jordy Nelson,4350,WR,GB,14,26.3,0,12,75.5,,81.9,0,0,0,0.0,0.0,,0,0,0,173,0,0,0,657,0,484,0,0,173,0
Brandon Brooks,7078,G,HST,8,100.0,0,13,66.5,78.1,62.7,0,1,100,100.0,100.0,98.5,2,2,1,173,0,7,0,173,102,102,162,0,71,3
Eric Olsen,5706,G,NO,9,98.9,1,20,70.7,53.9,71.0,1,6,50,96.2,96.3,93.0,2,7,0,172,0,0,0,174,52,54,2,4,120,158
T.Y. Hilton,7092,WR,IND,16,23.3,1,14,65.5,68.1,66.6,0,0,1,0.2,0.2,100.0,1,0,0,171,0,0,0,733,1,558,0,0,170,5
Dallas Clark,1340,TE,TB,16,30.1,0,30,69.3,57.9,62.7,2,0,23,5.7,5.5,95.7,0,2,0,171,0,0,0,568,23,420,0,0,148,267
Blaine Gabbert,6162,QB,JAX,10,33.2,0,15,58.3,,60.0,0,0,0,0.0,0.0,,1,0,0,171,0,0,0,515,0,335,0,0,171,0
Charles Clay,6326,TE,MIA,14,51.5,0,17,60.0,78.0,60.8,0,0,24,13.6,13.0,100.0,0,0,0,171,0,0,0,332,24,185,0,0,147,116
Greg Jones II,1776,FB,JAX,12,71.4,0,15,67.7,79.8,76.1,1,1,47,46.1,45.7,95.7,1,3,1,170,0,0,0,238,53,116,0,0,117,5
Deion Branch,1072,WR,NE,12,32.5,1,19,53.5,,76.7,0,0,0,0.0,0.0,,1,0,0,170,0,0,0,523,0,353,0,0,170,2
D.J. Williams Jr.,6293,TE,GB,14,65.5,0,12,63.5,80.6,71.3,0,0,23,21.3,21.9,100.0,0,0,0,169,0,0,0,258,25,114,0,1,144,142
Clay Harbor,5648,TE,PHI,14,49.4,0,24,61.6,54.2,70.1,2,3,42,20.9,21.1,94.0,1,5,0,168,0,0,0,340,46,218,0,0,122,237
Anthony Sherman,6288,FB,ARZ,13,70.5,0,1,61.2,60.1,65.2,0,4,49,43.8,43.9,93.9,1,5,1,165,0,0,0,234,54,123,0,0,111,2
Evan Rodriguez,7111,FB,CHI,12,77.5,0,6,67.0,47.8,73.6,0,3,18,29.5,28.4,91.7,0,3,0,165,0,0,0,213,19,67,0,0,146,13
Chad Henne,4371,QB,JAX,10,30.2,0,15,53.1,,60.5,0,0,0,0.0,0.0,,1,0,0,165,0,0,0,546,0,372,0,0,165,0
Chad Rinehart,4410,G,BUF,6,100.0,0,4,67.3,75.2,60.8,0,2,95,100.0,100.0,98.9,0,2,0,164,0,0,0,164,97,97,162,0,67,2
Virgil Green,6356,TE,DEN,13,91.1,0,10,80.2,39.6,70.3,0,1,21,56.8,57.9,92.9,0,2,1,164,0,0,0,180,22,38,0,0,142,160
Danny Amendola,4717,WR,SL,11,31.7,0,26,86.5,,77.8,0,0,0,0.0,0.0,,1,0,0,160,0,0,0,504,0,342,0,0,160,4
Harry Douglas,4398,WR,ATL,17,24.3,0,2,58.6,65.0,74.0,1,0,13,2.7,2.6,96.2,1,1,0,159,0,0,0,655,13,507,0,0,146,4
Bear Pascoe,5108,TE,NYG,15,65.7,0,21,51.9,29.7,63.9,0,1,9,10.2,11.7,94.4,0,1,0,159,0,0,0,242,11,94,0,0,148,162
Jimmy Graham,5619,TE,NO,15,22.6,0,20,79.2,73.3,71.4,1,0,26,4.8,4.8,98.1,4,1,0,157,0,0,0,696,27,566,0,0,130,195
Geoff Schwartz,4555,G,MIN,10,99.4,0,18,79.9,70.9,78.5,1,3,80,98.8,98.8,97.5,0,4,0,156,0,0,0,157,84,85,153,0,72,4
Riley Cooper,5682,WR,PHI,11,31.2,0,24,60.6,,71.3,0,0,0,0.0,0.0,,1,0,0,152,0,0,0,487,0,335,0,0,152,5
Edwin Williams,5207,G,CHI,4,100.0,0,6,64.9,74.3,58.3,0,3,83,100.0,100.0,98.2,0,3,0,152,0,152,0,152,91,91,0,0,61,0
Danario Alexander,6106,WR,SD,10,31.5,0,27,78.9,,65.2,0,0,0,0.0,0.0,,4,0,0,151,0,0,0,480,0,329,0,0,151,0
Jacoby Jones,3689,WR,BLT,20,28.5,0,3,72.5,,80.9,0,0,0,0.0,0.0,,1,0,0,150,0,0,0,526,0,375,0,0,150,0
Alshon Jeffery,7048,WR,CHI,10,34.6,0,6,66.0,,73.2,0,0,0,0.0,0.0,,4,0,0,149,0,0,0,431,0,282,0,0,149,0
Matt Forte,4358,HB,CHI,15,21.4,0,6,67.6,77.2,56.5,2,2,120,30.5,31.1,96.7,0,6,2,148,0,0,0,693,132,424,0,0,16,0
Chris Pressley,5347,FB,CIN,14,80.4,0,7,52.3,29.7,61.0,2,0,16,32.0,34.5,93.7,0,2,0,148,0,0,0,184,19,55,0,0,129,0
Chris Johnson,4338,HB,TEN,16,18.0,1,31,62.3,64.4,69.2,3,4,126,25.6,25.2,95.6,1,9,2,146,0,0,0,813,130,516,0,0,16,0
Jordan Cameron,6254,TE,CLV,14,44.1,1,8,62.2,77.1,58.6,0,0,17,8.8,8.5,100.0,3,0,0,145,0,0,0,329,17,201,0,0,128,250
Niles Paul,6307,TE,WAS,17,61.8,0,32,62.0,38.2,67.9,0,0,16,16.0,17.0,93.7,4,1,1,144,0,0,0,233,18,106,0,0,126,136
Marshawn Lynch,3628,HB,SEA,18,18.9,0,29,84.4,69.5,62.6,2,2,86,25.9,26.9,96.5,1,5,1,144,0,0,0,763,96,357,0,0,48,0
Doug Martin,7035,HB,TB,16,17.3,0,30,79.1,61.6,57.5,3,3,113,25.4,25.4,95.6,3,8,2,142,0,0,0,821,119,469,0,0,23,1
Weslye Saunders,6496,TE,IND,12,81.1,0,14,73.0,60.9,73.6,0,2,20,39.2,38.9,95.0,0,2,0,142,0,0,0,175,21,54,0,0,121,168
Zach Potter,5302,TE,JAX,16,71.9,0,15,49.0,78.4,60.7,0,0,22,29.3,32.1,100.0,2,0,0,141,0,0,0,196,26,81,0,2,115,147
Pat McQuistan,3156,T,ARZ,3,100.0,0,1,64.6,54.3,66.3,2,2,85,100.0,100.0,96.5,0,5,1,140,0,0,0,140,90,90,140,0,50,0
Mike Thomas,5030,WR,DET,16,30.5,0,11,47.4,61.6,63.0,0,0,1,0.3,0.3,100.0,0,0,0,139,0,0,0,456,1,311,0,0,138,0
Kendall Wright,7026,WR,TEN,15,24.8,2,31,67.7,,70.5,0,0,0,0.0,0.0,,5,0,0,138,0,0,0,556,0,417,0,0,138,0
Robert Meachem,3643,WR,SD,15,34.5,0,27,55.7,,62.1,0,0,0,0.0,0.0,,0,0,0,138,0,0,0,400,0,261,0,0,138,5
Greg Jennings,2997,WR,GB,10,26.8,1,12,72.8,,69.0,0,0,0,0.0,0.0,,1,0,0,138,0,0,0,515,0,377,0,0,138,0
Nick Foles,7089,QB,PHI,7,30.2,0,24,56.5,,60.3,0,0,0,0.0,0.0,,3,0,0,137,0,0,0,454,0,313,0,0,137,0
Leonard Davis,774,G,SF,16,100.0,0,28,50.5,15.8,60.6,1,3,38,100.0,100.0,92.1,2,5,1,137,0,25,1,137,40,40,49,3,97,59
David DeCastro,7640,G,PIT,3,100.0,0,25,58.1,49.1,59.5,0,3,81,100.0,100.0,94.4,0,6,3,136,0,0,0,136,82,82,136,0,54,0
Matt Hasselbeck,408,QB,TEN,8,34.4,0,31,64.8,,60.0,0,0,0,0.0,0.0,,4,0,0,136,0,0,0,395,0,252,0,0,136,0
Jason Kelce,6343,C,PHI,2,100.0,0,24,80.2,79.1,78.6,1,0,79,100.0,100.0,99.4,1,1,0,136,136,0,0,136,84,84,0,0,52,0
Mike Cox,4716,FB,ATL,10,75.8,0,2,65.5,51.2,67.3,1,2,24,36.9,37.3,93.7,0,3,0,135,0,0,0,178,25,67,0,0,110,5
Marvin Jones Jr.,7158,WR,CIN,11,33.3,0,7,62.1,68.1,67.7,0,0,1,0.4,0.4,100.0,2,0,0,134,0,0,0,402,1,266,0,0,133,4
David Snow,7433,G,BUF,3,100.0,0,4,66.9,71.7,63.4,1,0,88,100.0,100.0,99.4,0,1,0,133,125,0,0,133,89,89,8,0,44,0
John Carlson,4352,TE,MIN,15,52.2,0,18,56.6,37.2,73.7,0,2,18,13.7,12.9,94.4,0,2,0,132,0,0,0,253,18,139,0,0,114,165
Armon Binns,6590,WR,MIA,11,33.3,1,17,56.8,66.1,58.1,0,0,1,0.4,0.4,100.0,2,0,0,132,0,0,0,396,1,265,0,0,131,1
Bradley Sowell,7693,T,IND,6,100.0,0,14,53.5,50.4,54.2,3,5,72,100.0,100.0,91.7,0,10,2,131,0,0,0,131,74,74,0,106,57,25
Adrian Peterson,3623,HB,MIN,17,15.6,0,18,92.4,66.9,81.3,0,6,105,25.5,25.3,94.3,0,9,3,129,0,0,0,826,109,430,0,0,20,0
Stephen Hill,7047,WR,NYJ,11,31.3,0,22,56.6,,61.2,0,0,0,0.0,0.0,,2,0,0,129,0,0,0,412,0,283,0,0,129,1
Billy Bajema,2466,TE,BLT,12,83.8,0,3,51.9,76.1,53.9,0,0,13,36.1,35.9,100.0,2,0,0,129,0,0,0,154,14,39,0,1,115,117
Thomas Austin,5909,G,CAR,4,100.0,0,5,57.1,73.1,50.7,0,1,64,100.0,100.0,99.2,0,1,0,125,2,116,0,125,68,68,7,0,57,0
Santana Moss,786,WR,WAS,17,25.9,0,32,68.6,,60.9,0,0,0,0.0,0.0,,1,0,0,124,0,0,0,479,0,352,0,0,124,3
Steve Vallos,3848,C,JAX,2,100.0,0,15,62.3,58.8,67.6,2,2,84,100.0,100.0,97.6,1,4,0,124,0,0,0,124,90,90,124,0,34,0
Earl Bennett,4384,WR,CHI,12,29.7,0,6,67.3,66.1,67.2,0,0,1,0.4,0.3,100.0,0,0,0,124,0,0,0,418,1,295,0,0,123,0
Kyle DeVan,4608,C,TEN,3,100.0,1,31,58.6,72.0,54.0,1,0,63,100.0,100.0,99.2,1,1,0,124,124,0,0,124,64,64,0,0,60,0
Michael Floyd,7019,WR,ARZ,16,22.2,0,1,63.1,,73.0,0,0,0,0.0,0.0,,2,0,0,123,0,0,0,555,0,432,0,0,123,3
Devin Aromashodu,3178,WR,MIN,16,34.5,0,18,64.0,,90.3,0,0,0,0.0,0.0,,0,0,0,123,0,0,0,357,0,234,0,0,123,5
Nate Byham,5705,TE,TB,11,85.2,0,30,89.5,78.3,77.9,0,0,23,53.5,53.3,100.0,0,0,0,121,0,0,0,142,24,45,0,0,97,134
Ryan Taylor,6370,TE,GB,17,85.8,0,12,68.1,71.5,65.6,0,1,14,42.4,42.9,96.4,0,1,0,121,0,0,0,141,15,35,0,0,106,85
BenJarvus Green-Ellis,4599,HB,CIN,16,17.7,0,7,63.5,74.7,62.6,0,3,88,26.0,25.6,96.0,0,5,2,121,0,0,0,685,91,355,0,0,30,0
Phil Costa,5925,C,DAL,3,100.0,0,9,78.2,82.1,74.7,0,1,54,100.0,100.0,99.1,0,1,0,121,121,0,0,121,60,60,0,0,61,0
Charles Brown,5589,T,NO,4,100.0,0,20,65.8,73.1,62.8,1,1,54,100.0,100.0,96.3,1,3,1,120,0,0,0,120,55,55,0,98,65,22
Alex Parsons,5921,C,OAK,2,100.0,0,23,51.9,45.6,52.4,2,4,75,100.0,100.0,96.0,0,6,0,120,72,0,0,120,81,81,48,0,39,0
Percy Harvin,4945,WR,MIN,9,28.4,0,18,90.8,70.0,66.8,0,0,1,0.4,0.4,100.0,1,0,0,119,0,0,0,419,1,279,0,0,118,4
Damian Williams,5601,WR,TEN,13,31.4,0,31,63.7,,63.6,0,0,0,0.0,0.0,,1,0,0,119,0,0,0,379,0,260,0,0,119,0
Joe Barksdale,6244,T,SL,2,100.0,0,26,61.1,59.7,64.1,3,2,72,100.0,100.0,93.7,1,7,2,118,0,0,118,118,77,77,0,0,41,0
Aldrick Robinson,6330,WR,WAS,16,52.0,0,32,69.3,,71.2,0,0,0,0.0,0.0,,2,0,0,118,0,0,0,227,0,108,0,0,118,0
Andrew Hawkins,6125,WR,CIN,15,21.0,0,7,67.6,,61.8,0,0,0,0.0,0.0,,1,0,0,117,0,0,0,557,0,434,0,0,117,1
Stanley Havili,6392,FB,PHI,15,51.1,0,24,60.1,71.3,69.6,1,1,32,24.1,24.5,96.9,0,2,0,116,0,0,0,227,34,139,0,0,82,6
Russ Hochstein,890,G,KC,4,100.0,0,16,64.9,57.6,71.0,2,4,65,100.0,100.0,95.4,1,6,0,115,61,52,0,115,71,71,2,0,44,0
Byron Stingily,6327,T,TEN,3,100.0,0,31,71.0,78.1,61.9,1,1,61,100.0,100.0,98.4,0,2,0,114,0,0,0,114,62,62,0,114,52,0
Frank Omiyale,2380,T,SEA,7,100.0,0,29,58.4,58.9,59.8,2,0,46,100.0,100.0,97.8,1,2,0,114,0,0,104,114,49,49,0,10,65,0
Arian Foster,5398,HB,HST,18,11.5,0,13,75.4,57.5,56.3,4,7,87,16.9,17.7,93.7,0,11,0,112,0,0,0,970,95,536,0,0,17,0
Reggie Wells,1482,T,SD,2,100.0,0,27,63.7,75.8,55.0,0,2,68,100.0,100.0,95.6,1,4,2,112,0,0,0,112,69,69,0,112,43,0
Shonn Greene,4988,HB,NYJ,16,19.7,0,22,66.3,62.2,58.9,1,3,67,28.4,29.8,95.5,1,5,1,112,0,0,0,568,75,252,0,0,37,3
Kevin Kolb,3652,QB,ARZ,6,31.8,0,1,68.1,,60.0,0,0,0,0.0,0.0,,2,0,0,111,0,0,0,349,0,229,0,0,111,0
Tony Bergstrom,7095,G,OAK,8,100.0,0,23,60.1,55.6,59.3,2,0,41,100.0,100.0,95.1,2,3,1,111,0,3,1,111,47,47,44,17,64,46
Mike Johnson,5622,G,ATL,17,96.5,0,2,86.5,79.1,73.5,0,0,28,87.5,88.2,100.0,0,0,0,110,0,0,0,114,30,34,7,10,80,96
Brad Smith,3048,WR,BUF,15,35.0,0,4,64.9,,66.3,0,0,0,0.0,0.0,,0,0,0,110,0,0,0,314,0,189,0,0,110,0
Matt Willis,4283,WR,DEN,16,49.3,0,10,65.5,,77.4,0,0,0,0.0,0.0,,1,0,0,108,0,0,0,219,0,111,0,0,108,3
Jerricho Cotchery,1829,WR,PIT,14,40.8,0,25,65.0,,65.5,0,0,0,0.0,0.0,,2,0,0,108,0,0,0,265,0,157,0,0,108,6
Michael Palmer,5784,TE,ATL,14,59.8,0,2,59.8,75.5,63.4,0,1,27,27.8,28.0,98.1,0,1,0,107,0,0,0,179,28,100,0,0,79,122
Jacquizz Rodgers,6297,HB,ATL,18,19.9,1,2,72.7,75.8,71.3,1,3,86,22.3,21.8,97.7,1,4,0,107,0,0,0,538,88,404,0,0,19,1
Ryan Lindley,7174,QB,ARZ,6,35.3,0,1,37.2,,60.0,0,0,0,0.0,0.0,,0,0,0,107,0,0,0,303,0,193,0,0,107,0
Domenik Hixon,3075,WR,NYG,13,27.7,0,21,81.6,,64.6,0,0,0,0.0,0.0,,1,0,0,107,0,0,0,386,0,279,0,0,107,1
Jordan Black,1462,T,WAS,3,100.0,0,32,50.1,40.7,53.3,3,0,55,100.0,100.0,93.6,1,5,2,106,0,0,63,106,59,59,0,43,47,0
C.J. Spiller,5534,HB,BUF,16,18.6,0,4,91.7,59.0,72.4,3,5,78,24.5,24.4,92.3,0,10,2,106,0,0,0,570,81,332,0,0,25,0
Lance Moore,2718,WR,NO,15,17.3,0,20,83.2,,65.9,0,0,0,0.0,0.0,,1,0,0,105,0,0,0,608,0,503,0,0,105,0
Michael Turner,1873,HB,ATL,18,20.7,0,2,67.8,77.9,57.9,0,3,85,35.6,37.6,98.2,0,3,0,105,0,0,0,508,94,250,0,0,11,0
Dennis Roland,3485,T,CIN,16,100.0,0,7,73.8,64.0,68.7,0,1,28,100.0,100.0,98.2,2,1,0,104,0,1,6,104,29,29,2,10,75,85
Jamar Newsome,6603,WR,KC,6,53.1,0,16,57.8,,73.9,0,0,0,0.0,0.0,,0,0,0,102,0,0,0,192,0,90,0,0,102,0
Braylon Edwards,2220,WR,NYJ,13,34.8,0,22,67.4,,90.4,0,0,0,0.0,0.0,,2,0,0,102,0,0,0,293,0,191,0,0,102,0
Julian Edelman,5156,WR,NE,9,34.0,0,19,62.9,,78.4,0,0,0,0.0,0.0,,2,0,0,101,0,0,0,297,0,192,0,0,101,1
Tiquan Underwood,5177,WR,TB,14,22.7,0,30,62.8,,67.8,0,0,0,0.0,0.0,,1,0,0,101,0,0,0,445,0,343,0,0,101,1
Bilal Powell,6278,HB,NYJ,14,25.4,0,22,64.4,75.8,59.4,0,3,85,33.2,32.8,97.1,0,4,1,101,0,0,0,397,90,274,0,0,11,0
Stephen Burton,6388,WR,MIN,12,59.9,0,18,52.7,,80.5,0,0,0,0.0,0.0,,1,0,0,100,0,0,0,167,0,67,0,0,100,13
Mario Manningham,4409,WR,SF,12,27.3,0,28,78.3,,75.7,0,0,0,0.0,0.0,,0,0,0,99,0,0,0,363,0,261,0,0,99,0
Daniel Graham,1028,TE,NO,6,96.1,0,20,51.3,76.7,50.0,0,0,28,87.5,88.2,100.0,1,0,0,99,0,0,0,103,30,34,0,0,69,83
Darren McFadden,4318,HB,OAK,12,16.6,0,23,52.7,54.9,60.4,4,3,76,22.8,23.4,92.8,1,9,2,98,0,0,0,592,83,355,0,0,15,0
Steve Breaston,3758,WR,KC,10,38.1,0,16,51.3,,76.1,0,0,0,0.0,0.0,,0,0,0,98,0,0,0,257,0,159,0,0,98,0
Steven Jackson,1745,HB,SL,16,13.9,0,26,75.2,77.0,56.4,0,5,77,19.3,18.9,96.8,1,5,0,98,0,0,0,707,80,423,0,0,18,0
Nate Eachus,7722,FB,KC,10,71.3,0,16,59.7,16.7,67.7,0,0,6,15.4,15.0,83.3,0,1,1,97,0,0,0,136,6,40,0,0,91,0
Nate Burleson,1386,WR,DET,6,27.2,0,11,63.4,,57.5,0,0,0,0.0,0.0,,1,0,0,97,0,0,0,356,0,251,0,0,97,0
Trent Richardson,7009,HB,CLV,15,13.8,0,8,73.0,54.2,57.1,3,4,69,17.9,17.3,92.0,2,9,2,97,0,0,0,702,69,400,0,0,28,0
Dante Rosario,3771,TE,SD,13,50.5,0,27,56.8,74.7,68.1,0,0,6,6.3,6.0,100.0,1,0,0,96,0,0,1,190,6,100,0,0,90,108
Devin Hester,3002,WR,CHI,15,26.0,0,6,55.1,,65.9,0,0,0,0.0,0.0,,2,0,0,94,0,0,0,361,0,263,0,0,94,0
Keshawn Martin,7121,WR,HST,17,35.2,0,13,51.9,,76.0,0,0,0,0.0,0.0,,1,0,0,94,0,0,0,267,0,168,0,0,94,0
Alex Green,6248,HB,GB,11,27.3,0,12,62.1,80.7,56.6,1,1,74,41.3,42.0,98.6,0,2,0,94,0,0,0,344,81,193,0,0,13,0
Jared Cook,5012,TE,TEN,13,19.8,0,31,67.1,54.6,72.8,0,1,18,4.8,4.6,97.2,2,1,0,93,0,0,0,470,18,395,0,0,75,121
Brandon Tate,5006,WR,CIN,16,34.2,0,7,62.6,71.5,67.5,0,0,2,1.2,1.1,100.0,0,0,0,93,0,0,1,272,2,180,0,0,91,3
Jeron Mastrud,5948,TE,MIA,12,92.0,0,17,67.8,74.6,65.9,0,0,10,62.5,55.6,100.0,0,0,0,92,0,0,0,100,10,18,0,0,82,93
Marlon Moore,5887,WR,MIA,13,47.4,0,17,58.5,,57.8,0,0,0,0.0,0.0,,0,0,0,92,0,0,0,194,0,100,0,0,92,1
Rashad Jennings,5174,HB,JAX,10,27.9,0,15,59.6,67.0,59.0,1,1,77,39.3,39.3,96.1,0,4,2,92,0,0,0,330,84,214,0,0,8,1
DeMarco Murray,6223,HB,DAL,10,19.4,0,9,70.2,69.5,57.7,1,3,71,25.8,26.1,97.2,0,4,0,91,0,0,0,469,74,284,0,0,17,0
Reggie Bush,2947,HB,MIA,16,15.9,2,17,65.2,49.0,64.9,0,6,58,20.1,20.9,94.8,3,6,0,91,0,0,0,574,64,306,0,0,27,0
Patrick DiMarco,6997,FB,KC,5,77.1,0,16,73.5,76.2,78.1,0,0,4,13.8,12.9,100.0,0,0,0,91,0,0,0,118,4,31,0,0,87,8
Jason Snelling,3860,HB,ATL,18,35.3,0,2,64.0,73.1,63.2,0,3,41,23.2,23.2,96.3,1,3,0,91,0,0,0,258,44,190,0,0,47,3
Austin Pettis,6230,WR,SL,14,24.4,0,26,69.1,,70.1,0,0,0,0.0,0.0,,1,0,0,91,0,0,0,373,0,282,0,0,91,2
DeAngelo Williams,2972,HB,CAR,16,21.6,0,5,66.4,83.5,61.4,0,1,40,21.4,21.4,98.7,0,1,0,90,0,0,0,416,41,192,0,0,49,0
Felix Jones,4336,HB,DAL,16,23.4,0,9,60.3,75.9,57.1,0,1,72,30.9,31.3,96.5,0,3,2,89,0,0,0,380,79,252,0,0,10,5
Trai Essex,2310,G,IND,2,100.0,0,14,61.1,86.1,55.5,0,1,49,100.0,100.0,99.0,2,1,0,89,0,0,0,89,56,56,89,0,33,0
Kevin Ogletree,5387,WR,DAL,15,19.7,1,9,64.1,,64.1,0,0,0,0.0,0.0,,4,0,0,89,0,0,0,452,0,361,0,0,89,1
Tony Scheffler,3006,TE,DET,15,16.9,0,11,64.5,43.3,63.5,1,0,2,0.5,0.5,75.0,1,1,0,88,0,0,0,522,2,436,0,0,86,99
Corey McIntyre,1278,FB,BUF,14,88.0,0,4,68.5,79.3,64.8,0,0,9,42.9,42.9,100.0,0,0,0,88,0,0,0,100,9,21,0,0,79,1
Kyle Williams,5729,WR,SF,11,35.8,0,28,60.3,,68.4,0,0,0,0.0,0.0,,1,0,0,88,0,0,0,246,0,154,0,0,88,0
John Skelton,5678,QB,ARZ,7,27.9,0,1,35.1,,60.0,0,0,0,0.0,0.0,,3,0,0,88,0,0,0,315,0,225,0,0,88,0
Lestar Jean,6705,WR,HST,15,45.5,0,13,61.6,,80.1,0,0,0,0.0,0.0,,2,0,0,86,0,0,0,189,0,103,0,0,86,2
Jonathan Stewart,4327,HB,CAR,9,27.6,0,5,69.3,75.3,79.4,0,2,50,29.6,29.0,98.0,0,2,0,86,0,0,0,312,54,186,0,0,32,0
Ryan Broyles,7057,WR,DET,10,30.6,0,11,71.8,,57.2,0,0,0,0.0,0.0,,1,0,0,85,0,0,0,278,0,193,0,0,85,0
Gino Gradkowski,7098,G,BLT,4,100.0,0,3,67.6,82.8,62.8,0,0,37,100.0,100.0,100.0,1,0,0,85,74,0,0,85,38,38,11,0,47,0
Daniel Thomas,6214,HB,MIA,12,26.4,0,17,56.5,57.5,57.4,1,3,67,34.0,32.1,94.0,0,6,2,85,0,0,0,322,67,209,0,0,18,0
Chris Williams,4328,G,SL,5,100.0,0,26,53.5,29.6,65.1,2,2,39,100.0,100.0,92.3,1,5,1,83,0,0,1,83,40,40,56,20,43,6
Mohamed Sanu,7084,WR,CIN,9,40.7,0,7,71.7,,59.1,0,0,0,0.0,0.0,,0,0,0,83,0,0,0,204,0,116,0,0,83,2
Brit Miller,5340,FB,SL,9,69.5,0,26,55.1,34.6,70.0,2,1,9,21.4,21.7,83.3,1,3,0,82,0,0,0,118,10,46,0,0,72,3
William Powell,6939,HB,ARZ,12,28.5,0,1,71.1,71.6,60.1,2,5,73,33.8,34.7,93.8,1,8,1,81,0,0,0,284,76,219,0,0,5,0
Jeremy Trueblood,3004,T,TB,5,100.0,0,30,61.9,60.6,59.9,1,2,34,100.0,100.0,95.6,1,3,0,80,0,0,0,80,38,38,0,67,42,13
Mohamed Massaquoi,4973,WR,CLV,9,31.7,0,8,65.9,,58.9,0,0,0,0.0,0.0,,0,0,0,80,0,0,0,252,0,172,0,0,80,0
Stevan Ridley,6225,HB,NE,18,12.9,1,19,70.3,68.1,65.7,1,0,50,20.2,21.4,99.0,3,1,0,79,0,0,0,613,56,262,0,0,23,0
Bryan Mattison,4706,C,KC,3,100.0,0,16,58.0,37.4,63.0,1,2,40,100.0,100.0,93.7,0,4,1,79,0,40,0,79,40,40,26,0,39,13
DeVier Posey,7070,WR,HST,11,35.3,1,13,55.5,,69.9,0,0,0,0.0,0.0,,2,0,0,79,0,0,0,224,0,144,0,0,79,5
Owen Marecic,6276,FB,CLV,8,70.5,0,8,41.2,70.7,64.2,1,0,25,43.9,43.1,98.0,0,1,0,79,0,0,0,112,25,58,0,0,54,3
Ronnie Brown,2219,HB,SD,14,22.0,0,27,70.5,53.7,,3,7,69,24.2,25.3,92.8,0,10,0,78,0,0,0,355,78,308,0,0,0,0
Ben Obomanu,3194,WR,SEA,8,54.2,0,29,59.5,,82.3,0,0,0,0.0,0.0,,1,0,0,78,0,0,0,144,0,65,0,0,78,2
Will Tukuafu,7764,DI,SF,13,86.5,0,28,71.6,75.8,78.2,0,0,4,30.8,25.0,100.0,2,0,0,77,0,0,0,89,4,16,0,0,73,3
Daniel Kilgore,6315,G,SF,15,100.0,0,28,85.5,46.8,82.1,0,0,9,100.0,100.0,100.0,1,0,0,77,27,0,0,77,10,10,0,0,67,34
Jarius Wright,7118,WR,MIN,8,31.7,0,18,65.4,68.2,68.2,0,0,2,1.3,1.2,100.0,0,0,0,77,0,0,0,243,2,166,0,0,75,5
Isaac Redman,5233,HB,PIT,14,24.6,0,25,75.8,83.6,58.1,0,1,64,36.4,35.9,99.2,0,1,0,76,0,0,0,309,66,184,0,0,10,0
Clyde Gates,6263,WR,NYJ,11,31.8,0,22,71.2,,72.7,0,0,0,0.0,0.0,,0,0,0,76,0,0,0,239,0,162,0,0,76,0
Garrett Celek,7274,TE,SF,15,69.1,0,28,64.3,74.9,62.8,0,0,9,22.0,20.9,100.0,1,0,0,76,0,0,0,110,9,43,0,0,67,96
Rueben Randle,7065,WR,NYG,14,31.0,0,21,76.1,,73.8,0,0,0,0.0,0.0,,0,0,0,76,0,0,0,245,0,169,0,0,76,0
Jamaal Charles,4387,HB,KC,16,13.0,0,16,77.5,80.2,61.0,0,2,58,22.3,21.8,98.3,1,2,0,75,0,0,0,576,59,271,0,0,16,0
Mikel Leshoure,6209,HB,DET,14,14.0,0,11,69.4,80.4,61.8,1,1,56,20.4,19.9,98.2,0,2,0,74,0,0,0,529,57,286,0,0,17,1
Kyle Adams,6556,TE,CHI,15,44.0,0,6,46.7,70.9,65.9,1,0,13,12.5,13.0,96.2,1,1,0,74,0,0,0,168,14,108,0,0,60,64
Terrance Copper,2016,WR,KC,13,49.7,0,16,66.1,62.4,85.1,0,0,1,1.5,1.3,100.0,0,0,0,74,0,0,0,149,1,75,0,0,73,0
Eric Weems,4097,WR,CHI,12,57.4,0,6,61.6,,78.6,0,0,0,0.0,0.0,,0,0,0,74,0,0,0,129,0,55,0,0,74,3
Montell Owens,3452,HB,JAX,10,31.2,0,15,75.2,72.3,80.6,3,2,52,32.5,32.9,95.2,0,5,0,73,0,0,0,234,57,173,0,0,16,4
Rishard Matthews,7211,WR,MIA,7,31.3,0,17,60.1,,66.3,0,0,0,0.0,0.0,,1,0,0,73,0,0,0,233,0,160,0,0,73,0
Gary Barnidge,4455,TE,CAR,16,52.9,0,5,63.9,64.7,67.3,0,1,7,10.3,9.7,92.9,0,1,0,73,0,0,0,138,7,72,0,1,66,63
Lousaka Polite,2152,FB,ATL,6,72.2,0,2,44.8,48.4,49.5,0,0,7,21.9,22.9,85.7,0,1,1,70,0,0,0,97,8,35,0,0,62,1
Donald Brown,4950,HB,IND,10,23.4,0,14,63.8,49.5,59.3,2,4,62,37.3,35.2,95.2,0,6,0,70,0,0,0,299,63,179,0,0,7,0
Chris Clark,4623,T,DEN,15,100.0,0,10,60.8,62.3,58.6,0,1,15,100.0,100.0,96.7,0,1,0,69,0,0,30,69,15,15,0,10,54,29
Travis Benjamin,7100,WR,CLV,14,23.1,0,8,65.8,,73.9,0,0,0,0.0,0.0,,0,0,0,69,0,0,0,299,0,223,0,0,69,0
Josh LeRibeus,7073,G,WAS,2,100.0,0,32,71.7,59.7,71.8,0,1,35,100.0,100.0,98.6,0,1,0,69,0,69,0,69,37,37,0,0,32,0
Chris Cooley,1802,TE,WAS,10,77.5,0,32,63.4,69.2,69.4,0,2,9,31.0,31.0,88.9,1,2,0,69,0,0,0,89,9,29,0,0,60,68
Jonathan Dwyer,5711,HB,PIT,13,18.2,0,25,69.7,86.1,60.4,0,1,56,28.3,27.9,99.1,0,1,0,69,0,0,0,379,58,208,0,0,11,0
Derek Hagan,3027,WR,OAK,13,27.4,0,23,68.5,,78.0,0,0,0,0.0,0.0,,1,0,0,68,0,0,0,248,0,180,0,0,68,0
Laurent Robinson,3691,WR,JAX,7,24.9,0,15,57.6,,67.5,0,0,0,0.0,0.0,,0,0,0,66,0,0,0,265,0,199,0,0,66,0
John Conner,5662,FB,CIN,6,84.6,0,7,51.9,77.4,51.5,0,0,6,37.5,33.3,100.0,0,0,0,66,0,0,0,78,6,18,0,0,60,0
Owen Schmitt,4477,FB,OAK,13,74.2,0,23,65.1,61.7,68.6,0,1,6,24.0,22.2,91.7,1,1,0,66,0,0,0,89,6,27,0,0,60,0
Eddie Royal,4356,WR,SD,10,24.2,0,27,65.7,,59.2,0,0,0,0.0,0.0,,0,0,0,66,0,0,0,273,0,204,0,0,66,2
Kris Durham,6259,WR,DET,4,29.8,0,11,61.4,,67.9,0,0,0,0.0,0.0,,0,0,0,65,0,0,0,218,0,153,0,0,65,0
Brian Leonard,3668,HB,CIN,16,29.4,0,7,58.5,69.7,67.4,2,1,50,30.1,31.1,97.0,1,3,0,65,0,0,0,221,55,177,0,0,10,8
Leonard Pope,3017,TE,PIT,14,80.0,0,25,69.5,72.5,57.8,0,1,19,57.6,55.6,97.4,0,1,0,64,0,0,0,80,20,36,0,0,44,80
Danny Woodhead,4914,HB,NE,18,14.2,0,19,67.4,79.3,60.0,2,2,50,14.7,16.3,96.0,0,4,0,64,0,0,0,452,60,367,0,0,4,2
Anthony Collins,4426,T,CIN,4,100.0,0,7,63.8,66.7,60.4,0,2,19,100.0,100.0,94.7,0,2,0,63,0,0,63,63,21,21,0,0,42,0
Richard Brockel,6037,TE,CAR,10,94.0,0,5,75.3,79.1,71.2,0,0,8,66.7,69.2,100.0,0,0,0,63,0,0,0,67,9,13,0,0,54,6
Drew Davis,6525,WR,ATL,16,45.9,0,2,54.5,76.0,59.1,0,0,3,4.4,3.9,100.0,1,0,0,62,0,0,0,135,3,76,0,0,59,1
Tommy Gallarda,6594,TE,ATL,8,71.8,0,2,63.0,76.3,73.3,0,0,12,34.3,33.3,100.0,1,0,0,61,0,0,1,85,12,36,0,0,49,67
LaRod Stephens-Howling,5164,HB,ARZ,14,18.0,0,1,69.5,68.2,45.7,0,4,53,25.6,24.7,96.2,0,4,0,61,0,0,0,338,54,219,0,0,7,0
Toby Gerhart,5576,HB,MIN,17,24.8,0,18,55.4,62.3,65.2,0,3,44,25.7,25.0,94.3,0,4,1,61,0,0,0,246,45,180,0,0,16,0
Damaris Johnson,7530,WR,PHI,13,26.4,0,24,77.7,,60.3,0,0,0,0.0,0.0,,0,0,0,61,0,0,0,231,0,167,0,0,61,0
Knowshon Moreno,4935,HB,DEN,9,16.6,0,10,75.3,68.4,59.2,0,1,52,28.1,28.1,97.1,0,2,1,60,0,0,0,361,56,199,0,0,4,0
Early Doucet,4395,WR,ARZ,12,15.5,0,1,47.1,70.4,50.9,0,0,1,0.3,0.3,100.0,0,0,0,60,0,0,0,387,1,326,0,0,59,3
Dwayne Harris,6328,WR,DAL,15,23.3,0,9,72.0,,81.6,0,0,0,0.0,0.0,,0,0,0,60,0,0,0,257,0,197,0,0,60,1
Michael Bush,3716,HB,CHI,13,23.8,0,6,72.1,56.3,36.9,0,5,52,43.3,44.2,93.3,0,6,1,59,0,0,0,248,57,129,0,0,2,0
Bryce Brown,7213,HB,PHI,16,17.7,0,24,65.0,60.3,60.1,2,4,52,26.3,25.4,94.2,0,6,0,59,0,0,0,334,54,213,0,0,5,0
Kevin Elliott,7367,WR,BUF,9,26.8,0,4,52.3,,66.6,0,0,0,0.0,0.0,,1,0,0,59,0,0,0,220,0,161,0,0,59,0
Robert Turbin,7106,HB,SEA,18,22.3,0,29,72.8,41.4,55.5,1,2,31,22.1,22.6,95.2,0,3,0,59,0,0,0,265,33,146,0,0,26,0
Maurice Hurt,6369,G,WAS,2,100.0,1,32,70.0,80.8,63.0,0,0,26,100.0,100.0,100.0,1,0,0,59,0,6,0,59,26,26,0,53,33,0
Brian Quick,7037,WR,SL,15,31.9,0,26,59.2,,71.0,0,0,0,0.0,0.0,,0,0,0,58,0,0,0,182,0,124,0,0,58,0
Bernard Pierce,7085,HB,BLT,20,19.2,0,3,88.3,58.1,59.1,1,2,33,27.7,29.4,92.4,1,4,1,57,0,0,0,297,37,126,0,0,20,0
Mike McNeill,6787,TE,SL,14,39.0,0,26,54.6,75.5,61.5,0,0,5,5.7,5.3,100.0,0,0,0,57,0,0,0,146,5,94,0,0,52,65
Mitch Petrus,5670,G,TEN,5,100.0,1,31,34.8,28.1,45.8,0,3,23,100.0,100.0,93.5,1,3,0,57,0,37,0,57,23,23,20,0,34,0
Jason Campbell,2242,QB,CHI,6,45.2,0,6,45.1,,60.0,0,0,0,0.0,0.0,,1,0,0,57,0,0,0,126,0,66,0,0,57,0
Ted Ginn Jr.,3625,WR,SF,14,56.6,0,28,62.0,,76.8,0,0,0,0.0,0.0,,0,0,0,56,0,0,0,99,0,42,0,0,56,1
Jordan Shipley,5608,WR,JAX,6,22.1,0,15,63.1,66.7,72.8,0,0,2,1.1,1.0,100.0,0,0,0,56,0,0,0,253,2,199,0,0,54,0
Peyton Hillis,4541,HB,KC,13,26.7,0,16,72.6,79.2,71.7,0,1,33,33.7,35.6,95.5,1,2,1,56,0,0,0,210,37,104,0,0,19,0
Willis McGahee,1339,HB,DEN,10,14.1,0,10,70.7,69.9,57.3,0,1,43,21.5,22.2,98.8,2,1,0,55,0,0,0,391,47,212,0,0,8,0
Evan Royster,6329,HB,WAS,17,22.4,0,32,56.2,42.6,74.5,3,2,31,16.2,16.1,88.7,0,6,1,55,0,0,0,245,32,199,0,0,23,0
Danny Ware,4095,HB,TB,16,38.2,0,30,63.0,80.0,60.0,0,2,52,40.6,40.9,98.1,0,2,0,55,0,0,0,144,54,132,0,0,1,0
Richard Gordon,6333,TE,OAK,11,70.7,0,23,51.7,76.5,59.3,0,0,15,40.5,40.5,100.0,1,0,0,53,0,0,0,75,15,37,0,0,38,69
Santonio Holmes,2970,WR,NYJ,4,28.2,0,22,71.3,,60.2,0,0,0,0.0,0.0,,1,0,0,53,0,0,0,188,0,135,0,0,53,0
Ramses Barden,5008,WR,NYG,11,25.5,0,21,64.8,,58.4,0,0,0,0.0,0.0,,2,0,0,53,0,0,0,208,0,155,0,0,53,0
Fred Jackson,3368,HB,BUF,10,15.8,0,4,66.2,76.6,80.4,2,0,44,21.8,21.5,97.7,0,2,0,52,0,0,0,330,44,205,0,0,8,1
Mewelde Moore,1840,HB,IND,10,35.4,1,14,56.0,65.2,76.7,0,2,42,35.9,38.9,95.2,2,3,1,51,0,0,0,144,49,126,0,0,2,0
Pierre Thomas,4080,HB,NO,15,13.0,0,20,82.5,69.6,58.3,0,0,44,16.7,16.7,100.0,0,0,0,50,0,0,0,384,45,270,0,0,5,0
Tandon Doss,6275,WR,BLT,18,23.0,0,3,57.2,,76.6,0,0,0,0.0,0.0,,0,0,0,50,0,0,0,217,0,167,0,0,50,0
Charlie Batch,367,QB,PIT,2,38.0,0,25,60.2,61.3,60.0,0,0,1,1.4,1.2,100.0,1,0,0,49,0,0,0,129,1,81,0,0,48,0
Joique Bell,5797,HB,DET,16,12.6,0,11,72.6,70.7,58.6,1,1,39,13.9,14.3,97.4,2,2,0,48,0,0,0,382,42,293,0,0,6,24
Legedu Naanee,3788,WR,MIA,4,39.7,0,17,44.8,,57.8,0,0,0,0.0,0.0,,0,0,0,48,0,0,0,121,0,73,0,0,48,0
Kevin Smith,4378,HB,DET,12,24.7,0,11,63.4,81.2,73.6,0,1,40,28.2,28.6,98.7,0,1,0,47,0,0,0,190,42,147,0,0,5,11
Jim Cordle,5826,G,NYG,7,97.9,1,21,67.5,75.3,64.9,0,0,21,95.5,95.5,95.2,1,1,1,47,14,4,0,48,21,22,28,0,26,2
Andre Brown,5053,HB,NYG,8,20.7,0,21,74.2,74.8,59.5,0,1,39,28.7,29.6,96.2,1,2,1,46,0,0,0,222,42,142,0,0,4,0
Ruvell Martin,2111,WR,BUF,9,40.0,0,4,51.5,67.4,67.4,0,0,1,1.5,1.4,100.0,0,0,0,46,0,0,0,115,1,70,0,0,45,3
Ronnie Hillman,7069,HB,DEN,15,18.0,0,10,61.4,75.1,56.6,0,0,30,24.0,23.8,96.7,0,1,1,46,0,0,0,255,31,130,0,0,15,0
Bryce Harris,7245,T,NO,2,100.0,0,20,63.7,79.6,54.2,0,0,21,100.0,100.0,100.0,0,0,0,45,0,0,0,45,21,21,0,45,24,0
Jalen Parmele,4490,HB,JAX,10,29.4,0,15,56.5,76.9,51.7,0,1,31,32.3,34.0,98.4,0,1,0,45,0,0,0,153,35,103,0,0,10,3
David Ausberry,6393,TE,OAK,16,44.9,0,23,73.8,74.1,67.1,0,0,8,13.1,12.9,100.0,1,0,0,44,0,0,0,98,8,62,0,0,36,68
Armanti Edwards,5613,WR,CAR,16,34.1,0,5,55.3,,68.4,0,0,0,0.0,0.0,,0,0,0,43,0,0,0,126,0,83,0,0,43,0
Evan Moore,4771,TE,PHI,15,41.3,0,24,32.0,72.9,63.3,0,0,3,5.0,4.7,100.0,4,0,0,43,0,0,0,104,3,64,0,0,40,50
Jermaine Kearse,7428,WR,SEA,9,49.4,0,29,49.0,,60.4,0,0,0,0.0,0.0,,0,0,0,43,0,0,0,87,0,44,0,0,43,0
Senio Kelemete,7144,G,ARZ,1,100.0,0,1,60.6,34.3,47.8,1,0,28,100.0,100.0,94.6,1,2,1,43,0,0,0,43,30,30,43,0,13,0
Herbert Taylor,3812,G,JAX,1,100.0,0,15,39.9,41.3,59.9,0,2,25,100.0,100.0,92.0,2,3,1,43,0,43,0,43,29,29,0,0,14,0
Byron Leftwich,1323,QB,PIT,2,41.3,0,25,56.7,,60.0,0,0,0,0.0,0.0,,0,0,0,43,0,0,0,104,0,61,0,0,43,0
Darren Sproles,2347,HB,NO,13,9.5,0,20,66.0,57.8,58.3,0,3,32,8.8,8.6,92.2,0,4,1,42,0,0,0,444,33,384,0,0,9,0
Ryan Mathews,5537,HB,SD,12,10.4,0,27,73.3,72.0,59.4,1,1,28,13.9,14.2,92.9,0,3,1,42,0,0,0,403,29,204,0,0,13,0
Deonte Thompson,7513,WR,BLT,2,49.4,0,3,64.5,,68.4,0,0,0,0.0,0.0,,0,0,0,42,0,0,0,85,0,43,0,0,42,0
Daryl Richardson,7233,HB,SL,16,14.0,0,26,56.9,40.2,59.2,1,3,35,19.6,18.8,91.4,1,5,1,42,0,0,0,301,36,192,0,0,6,0
Chris Ogbonnaya,5135,HB,CLV,12,27.6,0,8,61.3,75.5,57.4,0,2,38,28.4,27.7,97.4,1,2,0,42,0,0,0,152,39,141,0,0,3,0
Tyrod Taylor,6332,QB,BLT,7,45.7,0,3,68.2,,60.0,0,0,0,0.0,0.0,,0,0,0,42,0,0,0,92,0,40,0,0,42,0
Ryan Williams,6190,HB,ARZ,5,29.3,0,1,59.8,69.1,60.0,0,2,35,47.9,48.7,97.1,0,2,0,41,0,0,0,140,37,76,0,0,4,0
Ryan Whalen,6319,WR,CIN,9,43.2,0,7,72.7,,70.3,0,0,0,0.0,0.0,,0,0,0,41,0,0,0,95,0,54,0,0,41,3
Maurice Jones-Drew,3005,HB,JAX,6,16.7,0,15,65.8,85.5,59.2,0,0,29,22.3,22.1,100.0,0,0,0,40,0,0,0,240,31,140,0,0,9,0
Brian Robiskie,4959,WR,DET,6,40.0,0,11,60.3,,60.3,0,0,0,0.0,0.0,,0,0,0,40,0,0,0,100,0,60,0,0,40,0
Andre Caldwell,4411,WR,DEN,4,54.1,0,10,56.9,,60.8,0,0,0,0.0,0.0,,0,0,0,40,0,0,0,74,0,33,0,0,40,0
Reagan Mauia,3797,FB,ARZ,3,88.9,0,1,59.6,77.7,59.8,0,0,6,54.5,54.5,100.0,2,0,0,40,0,0,0,45,6,11,0,0,34,0
James Hanna,7175,TE,DAL,15,38.1,0,9,60.5,68.2,59.8,0,0,1,1.6,1.5,100.0,0,0,0,40,0,0,0,105,1,66,0,0,39,64
Lemuel Jeanpierre,5853,C,SEA,4,100.0,0,29,77.1,44.7,78.9,0,0,9,100.0,100.0,100.0,0,0,0,39,39,0,0,39,12,12,0,0,27,0
Courtney Roby,2285,WR,NO,6,66.1,0,20,55.7,67.2,68.5,0,0,2,9.1,9.1,100.0,1,0,0,39,0,0,0,59,2,22,0,0,37,1
Shaun Draughn,6440,HB,KC,14,16.3,0,16,54.3,21.4,60.1,1,3,32,19.9,20.1,87.5,1,6,2,39,0,0,0,239,35,174,0,0,4,0
Kirk Cousins,7102,QB,WAS,4,35.8,0,32,80.9,,60.0,0,0,0,0.0,0.0,,1,0,0,38,0,0,0,106,0,65,0,0,38,0
Kendall Hunter,6267,HB,SF,11,22.4,0,28,81.8,57.5,66.9,0,2,21,27.6,26.9,90.5,0,3,1,38,0,0,0,170,21,78,0,0,17,1
Jarrett Boykin,7363,WR,GB,10,40.9,0,12,52.6,,46.3,0,0,0,0.0,0.0,,0,0,0,38,0,0,0,93,0,55,0,0,38,0
David Reed,5679,WR,BLT,3,44.7,0,3,63.5,,59.9,0,0,0,0.0,0.0,,0,0,0,38,0,0,0,85,0,47,0,0,38,0
Juron Criner,7160,WR,OAK,12,22.6,0,23,72.4,61.6,68.5,0,0,1,0.8,0.8,100.0,0,0,0,37,0,0,0,164,1,128,0,0,36,1
Greg McElroy,6360,QB,NYJ,2,41.1,0,22,46.0,,60.3,0,0,0,0.0,0.0,,0,0,0,37,0,0,0,90,0,51,0,0,37,0
Derek Hardman,5947,G,TB,2,100.0,0,30,60.5,65.9,55.3,2,1,31,100.0,100.0,95.2,1,3,0,36,0,19,0,36,31,31,17,0,5,0
Rokevious Watkins,7143,G,SL,1,100.0,0,26,35.1,8.5,47.2,1,0,20,100.0,100.0,92.5,1,2,1,36,0,36,0,36,21,21,0,0,15,0
Will Ta'ufo'ou,5226,FB,JAX,5,75.0,0,15,58.3,28.1,63.9,0,0,1,7.7,7.7,100.0,0,0,0,36,0,0,0,48,1,13,0,0,35,1
Visanthe Shiancoe,1406,TE,NE,4,63.2,0,19,47.5,70.4,64.3,0,0,2,9.1,8.7,100.0,0,0,0,36,0,0,0,57,2,23,0,0,34,38
Lamar Miller,7097,HB,MIA,10,24.5,0,17,66.0,77.0,55.7,0,1,17,25.4,26.3,97.1,0,1,0,35,0,0,0,143,20,76,0,0,15,0
Devon Wylie,7107,WR,KC,5,44.9,0,16,58.7,,57.5,0,0,0,0.0,0.0,,0,0,0,35,0,0,0,78,0,43,0,0,35,0
Chris Gronkowski,5926,FB,DEN,11,89.7,0,10,54.9,71.9,50.8,0,0,2,33.3,33.3,100.0,0,0,0,35,0,0,0,39,2,6,0,0,33,0
Bruce Campbell,5630,T,CAR,5,100.0,0,5,61.5,50.7,62.4,1,1,12,100.0,100.0,91.7,0,2,0,34,0,21,4,34,14,14,0,0,20,9
Todd Heap,801,TE,ARZ,2,42.0,0,1,76.3,28.2,61.7,0,0,3,6.5,9.6,100.0,0,0,0,34,0,0,0,81,5,52,0,0,29,36
Cedric Benson,2221,HB,GB,5,17.1,0,12,61.5,83.6,58.6,0,0,20,19.2,20.0,100.0,0,0,0,34,0,0,0,199,23,115,0,0,11,0
James Brewer,6269,T,NYG,5,100.0,0,21,73.1,79.2,68.9,0,0,11,100.0,100.0,100.0,0,0,0,34,0,0,0,34,11,11,17,10,23,7
Mark Ingram II,6180,HB,NO,16,12.8,0,20,77.6,38.8,56.9,0,3,25,26.0,26.3,90.0,1,4,1,34,0,0,0,266,26,99,0,0,8,0
Dorin Dickerson,5750,FB,BUF,9,34.7,0,4,54.6,71.9,63.1,0,0,2,3.2,3.1,100.0,0,0,0,34,0,0,0,98,2,65,0,0,32,23
LaVon Brazill,7191,WR,IND,15,15.1,1,14,57.6,,58.0,0,0,0,0.0,0.0,,1,0,0,33,0,0,0,219,0,186,0,0,33,1
Donald Driver,533,WR,GB,13,21.5,0,12,53.3,,76.1,0,0,0,0.0,0.0,,0,0,0,32,0,0,0,149,0,117,0,0,32,0
Micheal Spurlock,3517,WR,SD,12,16.2,1,27,62.4,,59.4,0,0,0,0.0,0.0,,1,0,0,32,0,0,0,198,0,166,0,0,32,1
Mike Preston,6413,WR,TEN,4,52.5,0,31,70.8,,68.7,0,0,0,0.0,0.0,,0,0,0,32,0,0,0,61,0,29,0,0,32,0
John Malecki,5867,G,PIT,1,100.0,0,25,54.1,81.1,48.7,0,0,14,100.0,100.0,100.0,0,0,0,31,0,0,0,31,15,15,30,0,16,1
Jeremy Bridges,1488,G,CAR,2,100.0,0,5,53.1,81.3,56.9,0,0,15,100.0,100.0,100.0,1,0,0,31,0,0,0,31,16,16,31,0,15,0
Steve Smith,3667,WR,SL,9,17.9,0,26,57.0,,49.9,0,0,0,0.0,0.0,,1,0,0,31,0,0,0,173,0,142,0,0,31,0
Charly Martin,5366,WR,SEA,4,39.0,0,29,58.3,,59.1,0,0,0,0.0,0.0,,1,0,0,30,0,0,0,77,0,47,0,0,30,1
Kevin Boss,3769,TE,KC,2,61.2,0,16,91.8,57.8,62.0,0,1,11,37.9,36.7,95.5,0,1,0,30,0,0,0,49,11,30,0,0,19,42
Lance Dunbar,7332,HB,DAL,8,31.9,0,9,61.6,64.8,60.0,0,1,26,40.6,41.2,94.2,0,2,1,29,0,0,0,91,28,68,0,0,1,0
Kahlil Bell,5243,HB,CHI,6,42.0,1,6,47.8,64.1,58.2,0,1,22,66.7,66.7,97.7,2,1,0,29,0,0,0,69,22,33,0,0,7,0
Dedrick Epps,5758,TE,NYJ,3,87.9,0,22,27.4,20.9,50.1,1,0,2,33.3,33.3,75.0,0,1,0,29,0,0,0,33,2,6,0,0,27,27
Montario Hardesty,5584,HB,CLV,11,18.4,0,8,52.5,57.9,58.0,1,1,23,27.1,26.7,95.7,0,2,0,29,0,0,0,158,23,86,0,0,6,0
Ben Tate,5583,HB,HST,12,18.7,0,13,80.1,67.7,59.2,1,0,19,27.5,27.0,97.4,0,1,0,28,0,0,0,150,20,74,0,0,8,0
Lance Ball,4808,HB,DEN,14,19.6,0,10,57.4,43.2,58.4,1,0,22,25.6,24.0,93.2,0,2,1,28,0,0,0,143,23,96,0,0,5,0
Mike Goodson,5034,HB,OAK,11,19.7,1,23,83.5,62.3,60.0,1,1,23,23.5,26.0,95.7,1,2,0,28,0,0,0,142,27,104,0,0,1,0
Matt Moore,4018,QB,MIA,2,50.9,0,17,74.4,,60.0,0,0,0,0.0,0.0,,1,0,0,28,0,0,0,55,0,23,0,0,28,0
Tyler Clutts,6124,FB,HST,7,90.3,0,13,58.4,71.3,57.5,0,0,2,40.0,40.0,100.0,0,0,0,28,0,0,0,31,2,5,0,0,26,1
Tashard Choice,4436,HB,BUF,11,22.6,0,4,63.6,83.2,54.3,0,0,16,25.4,27.3,100.0,0,0,0,28,0,0,0,124,18,66,0,0,10,0
Dominique Jones,6988,TE,IND,4,81.8,0,14,65.9,71.9,64.8,0,0,2,25.0,33.3,100.0,0,0,0,27,0,0,0,33,3,9,0,0,24,24
Matthew Slater,4467,WR,NE,10,61.9,0,19,52.8,65.7,60.6,0,0,1,6.7,5.9,100.0,0,0,0,26,0,0,0,42,1,17,0,0,25,2
Baron Batch,6384,HB,PIT,8,26.8,0,25,57.4,84.5,60.0,0,1,23,34.3,34.3,97.8,0,1,0,26,0,0,0,97,24,70,0,0,2,0
Shane Vereen,6208,HB,NE,15,12.0,0,19,73.3,69.4,59.1,0,0,20,15.2,15.2,95.0,0,1,1,26,0,0,0,216,21,138,0,0,5,0
Lucas Nix,7414,G,OAK,1,100.0,0,23,79.2,80.8,74.9,0,0,15,100.0,100.0,100.0,0,0,0,26,0,0,0,26,17,17,26,0,9,0
Beanie Wells,4954,HB,ARZ,8,17.3,0,1,57.6,35.0,60.1,1,2,21,39.6,39.3,88.1,0,4,1,26,0,0,0,150,22,56,0,0,4,0
Thaddeus Lewis,5817,QB,CLV,1,40.3,0,8,62.2,,60.0,0,0,0,0.0,0.0,,0,0,0,25,0,0,0,62,0,37,0,0,25,0
Josh Cooper,7672,WR,CLV,6,29.1,0,8,69.5,,58.7,0,0,0,0.0,0.0,,0,0,0,25,0,0,0,86,0,61,0,0,25,0
Phillip Tanner,6420,HB,DAL,7,28.1,0,9,58.1,74.3,,2,0,24,40.0,39.1,95.8,0,2,0,25,0,0,0,89,25,64,0,0,0,2
Jim Dray,5756,TE,ARZ,5,73.5,0,1,73.8,70.4,66.8,0,0,1,11.1,10.0,100.0,0,0,0,25,0,0,0,34,1,10,0,0,24,21
Joe Webb III,5722,QB,MIN,2,36.9,0,18,32.9,,60.0,0,0,0,0.0,0.0,,1,0,0,24,0,0,0,65,0,36,0,0,24,0
Matt Leinart,2955,QB,OAK,2,40.0,0,23,55.6,,60.3,0,0,0,0.0,0.0,,1,0,0,24,0,0,0,60,0,36,0,0,24,0
Graham Harrell,5519,QB,GB,4,75.0,0,12,33.5,,60.0,0,0,0,0.0,0.0,,0,0,0,24,0,0,0,32,0,4,0,0,24,0
Emil Igwenagu,7533,TE,PHI,3,68.6,0,24,48.1,47.8,53.6,0,1,3,21.4,21.4,83.3,1,1,0,24,0,0,0,35,3,14,0,0,21,22
Justin Forsett,4547,HB,HST,12,19.0,0,13,90.5,63.5,57.3,0,0,12,25.5,30.0,100.0,1,0,0,23,0,0,0,121,15,50,0,0,8,0
Brandon Banks,6053,WR,WAS,8,39.7,0,32,60.9,,56.1,0,0,0,0.0,0.0,,0,0,0,23,0,0,0,58,0,28,0,0,23,0
Oniel Cousins,4413,T,CLV,7,100.0,0,8,86.7,70.4,75.9,0,0,3,100.0,100.0,100.0,0,0,0,23,0,0,0,23,3,3,0,0,20,23
LeGarrette Blount,5863,HB,TB,13,25.0,0,30,62.9,63.2,60.0,0,1,20,46.5,45.7,92.5,0,2,1,23,0,0,0,92,21,46,0,0,2,0
Matt Flynn,4523,QB,SEA,3,62.2,0,29,74.2,,60.0,0,0,0,0.0,0.0,,0,0,0,23,0,0,0,37,0,10,0,0,23,0
Jackie Battle,3885,HB,SD,14,13.8,0,27,58.2,79.2,57.1,0,0,9,20.0,18.4,100.0,0,0,0,22,0,0,0,159,9,49,0,0,13,0
Dezmon Briscoe,5714,WR,WAS,5,47.8,0,32,62.5,,60.5,0,0,0,0.0,0.0,,0,0,0,22,0,0,0,46,0,23,0,0,22,0
Terrelle Pryor Sr.,6944,QB,OAK,3,31.4,0,23,56.5,,60.0,0,0,0,0.0,0.0,,1,0,0,22,0,0,0,70,0,43,0,0,22,0
Greg Van Roten,7746,G,GB,4,100.0,0,12,51.7,71.9,52.9,0,0,2,100.0,100.0,100.0,0,0,0,22,0,0,0,22,2,2,0,0,20,19
Jacob Hester,4383,FB,DEN,4,28.2,0,10,61.4,71.4,56.5,0,1,11,29.7,27.5,95.5,0,1,0,22,0,0,0,78,11,40,0,0,11,0
A.J. Jenkins,7034,WR,SF,5,46.7,0,28,48.2,,74.5,0,0,0,0.0,0.0,,0,0,0,21,0,0,0,45,0,24,0,0,21,0
Chris Rainey,7152,HB,PIT,16,14.2,0,25,50.9,71.9,73.9,0,1,11,10.8,10.7,95.5,0,1,0,21,0,0,0,148,12,112,0,0,9,0
Brock Osweiler,7059,QB,DEN,5,63.6,0,10,59.4,,60.0,0,0,0,0.0,0.0,,0,0,0,21,0,0,0,33,0,4,0,0,21,0
Dane Sanzenbacher,6570,WR,CIN,3,32.3,0,7,48.8,,59.3,0,0,0,0.0,0.0,,0,0,0,21,0,0,0,65,0,44,0,0,21,0
Arrelious Benn,5564,WR,TB,8,27.3,0,30,60.4,,53.0,0,0,0,0.0,0.0,,0,0,0,21,0,0,0,77,0,53,0,0,21,3
Brian Hoyer,5277,QB,ARZ,2,25.9,0,1,47.3,,60.0,0,0,0,0.0,0.0,,1,0,0,21,0,0,0,81,0,60,0,0,21,0
Brandon Barden,7309,TE,TEN,1,87.0,0,31,56.0,,58.3,0,0,0,0.0,0.0,,1,0,0,20,0,0,0,23,0,3,0,0,20,20
Tony Hills,4444,T,IND,5,95.2,0,14,58.0,38.3,62.6,1,0,5,83.3,87.5,90.0,0,1,0,20,0,0,0,21,7,8,4,0,13,17
Tim Tebow,5550,QB,NYJ,12,27.0,0,22,53.4,75.7,60.1,0,0,4,16.0,14.8,100.0,1,0,0,20,0,0,0,74,4,27,0,0,16,0
Jabar Gaffney,1040,WR,MIA,3,21.1,0,17,56.3,,59.7,0,0,0,0.0,0.0,,0,0,0,19,0,0,0,90,0,71,0,0,19,0
Jason Hill,3692,WR,NYJ,4,39.6,0,22,54.5,,60.3,0,0,0,0.0,0.0,,1,0,0,19,0,0,0,48,0,29,0,0,19,0
Toney Clemons,7215,WR,JAX,4,16.7,0,15,53.0,,60.3,0,0,0,0.0,0.0,,0,0,0,19,0,0,0,114,0,95,0,0,19,0
Kris Adams,6557,WR,IND,3,20.2,0,14,53.8,,76.0,0,0,0,0.0,0.0,,0,0,0,19,0,0,0,94,0,75,0,0,19,0
Colin Brown,5063,C,BUF,1,100.0,0,4,78.8,79.7,74.4,0,0,12,100.0,100.0,100.0,0,0,0,19,0,0,0,19,12,12,19,0,7,0
LaMichael James,7063,HB,SF,7,19.0,0,28,65.3,79.0,59.8,0,0,7,14.9,14.6,100.0,0,0,0,19,0,0,0,100,7,48,0,0,12,0
Curtis Brinkley,5514,HB,SD,6,16.8,0,27,56.5,80.5,60.6,0,0,10,18.2,18.6,100.0,0,0,0,18,0,0,0,107,11,59,0,0,7,0
Anthony Armstrong,4855,WR,DAL,5,26.1,0,9,41.7,,72.1,0,0,0,0.0,0.0,,0,0,0,18,0,0,0,69,0,51,0,0,18,0
Joe Hawley,5641,C,ATL,4,90.0,0,2,33.3,78.1,63.0,0,0,6,75.0,75.0,100.0,0,0,0,18,1,0,0,20,6,8,0,0,12,7
Robert Hughes,6564,FB,IND,5,60.7,0,14,63.1,78.0,54.1,0,0,7,43.8,41.2,100.0,0,0,0,17,0,0,0,28,7,17,0,0,10,0
Darius Reynaud,4661,HB,TEN,14,17.8,0,31,59.1,81.3,58.8,0,0,10,15.9,16.2,100.0,0,0,0,16,0,0,0,90,11,68,0,0,5,0
Brad Smelley,7662,TE,CLV,2,61.5,0,8,49.4,71.2,52.5,0,0,3,23.1,23.1,100.0,0,0,0,16,0,0,0,26,3,13,0,0,13,19
Richard Murphy,6602,HB,JAX,5,23.2,0,15,61.9,65.5,71.4,0,1,13,31.7,32.6,88.5,0,2,1,16,0,0,0,69,14,43,0,0,2,2
Cedric Peerman,5109,HB,CIN,10,16.8,1,7,71.4,36.7,60.0,0,2,13,24.5,23.7,84.6,2,3,1,16,0,0,0,95,14,59,0,0,2,0
Mike Higgins,6689,TE,NO,2,76.2,0,20,68.4,70.0,69.6,0,0,2,33.3,28.6,100.0,0,0,0,16,0,0,0,21,2,7,0,0,14,12
Jake O'Connell,5161,TE,KC,3,48.5,0,16,70.6,74.1,54.3,0,0,3,15.0,15.0,100.0,0,0,0,16,0,0,0,33,3,20,0,0,13,9
Scott Wedige,7495,C,ARZ,2,100.0,0,1,64.2,78.5,60.0,0,0,14,100.0,100.0,100.0,0,0,0,16,16,0,0,16,15,15,0,0,1,0
Matt Asiata,6432,FB,MIN,9,72.7,0,18,56.4,69.6,54.9,0,0,2,50.0,40.0,100.0,0,0,0,16,0,0,0,22,2,5,0,0,14,0
Cory Harkey,7306,TE,SL,5,55.6,0,26,68.0,,64.8,0,0,0,0.0,0.0,,0,0,0,15,0,0,0,27,0,12,0,0,15,17
Joshua Cribbs,2544,WR,CLV,15,24.6,0,8,69.3,,91.4,0,0,0,0.0,0.0,,1,0,0,15,0,0,0,61,0,40,0,0,15,0
Cody Wallace,4421,C,TB,3,100.0,0,30,63.8,79.4,58.2,0,0,10,100.0,100.0,100.0,0,0,0,15,0,13,0,15,10,10,0,0,5,2
Charles Tillman,1351,CB,CHI,7,100.0,0,6,61.1,,61.4,0,0,0,,,,2,0,0,15,0,0,0,15,0,0,0,0,15,0
David Molk,7210,G,SD,4,100.0,0,27,56.7,75.7,55.0,0,0,5,100.0,100.0,100.0,0,0,0,15,0,0,0,15,5,5,5,0,10,10
Preston Parker,5950,WR,TB,2,42.9,0,30,54.2,,59.6,0,0,0,0.0,0.0,,0,0,0,15,0,0,0,35,0,19,0,0,15,0
Mardy Gilyard,5623,WR,NYJ,3,30.6,0,22,55.9,,78.4,0,0,0,0.0,0.0,,0,0,0,15,0,0,0,49,0,34,0,0,15,0
Anthony Allen,6377,HB,BLT,8,25.0,0,3,54.4,77.9,57.8,0,0,6,18.8,18.8,100.0,0,0,0,14,0,0,0,56,6,32,0,0,8,0
Maurice Stovall,3035,TE,JAX,8,63.6,0,15,58.5,,66.5,0,0,0,0.0,0.0,,0,0,0,14,0,0,0,22,0,8,0,0,14,14
Kevin Cone,6889,WR,ATL,7,77.8,0,2,54.0,,55.5,0,0,0,0.0,0.0,,0,0,0,14,0,0,0,18,0,4,0,0,14,1
Seyi Ajirotutu,6035,WR,SD,3,19.4,0,27,66.5,,90.0,0,0,0,0.0,0.0,,0,0,0,14,0,0,0,72,0,58,0,0,14,1
Jordan Norwood,5358,WR,CLV,2,18.4,0,8,73.9,,59.6,0,0,0,0.0,0.0,,1,0,0,14,0,0,0,76,0,61,0,0,14,0
Ryan Grant,2609,HB,GB,7,17.9,0,12,61.3,68.0,59.1,0,1,9,27.3,29.4,94.4,0,1,0,14,0,0,0,78,10,34,0,0,4,0
Chris Owusu,7276,WR,TB,5,58.3,0,30,72.9,,89.2,0,0,0,0.0,0.0,,0,0,0,14,0,0,0,24,0,10,0,0,14,0
Jamie Harper,6282,HB,TEN,10,26.0,0,31,64.5,42.6,59.7,0,1,10,35.7,35.7,85.0,0,2,1,13,0,0,0,50,10,28,0,0,3,0
Bruce Gradkowski,3139,QB,CIN,2,43.3,0,7,47.2,,60.0,0,0,0,0.0,0.0,,0,0,0,13,0,0,0,30,0,13,0,0,13,0
Delone Carter,6271,HB,IND,8,20.3,0,14,72.6,59.5,60.0,0,1,11,39.3,38.7,95.5,0,1,0,13,0,0,0,64,12,31,0,0,1,0
Dion Lewis,6301,HB,PHI,7,21.7,0,24,75.2,81.7,,0,0,13,30.2,28.3,100.0,0,0,0,13,0,0,0,60,13,46,0,0,0,0
David Wilson,7036,HB,NYG,14,10.4,0,21,66.0,40.0,57.7,1,0,6,14.0,12.8,91.7,0,1,0,13,0,0,0,125,6,47,0,0,7,0
Leon Washington,3062,HB,SEA,12,17.9,0,29,62.2,80.9,60.0,0,0,9,24.3,26.8,100.0,0,0,0,12,0,0,0,67,11,41,0,0,1,0
Jamize Olawale,7572,FB,OAK,3,100.0,0,23,62.8,,61.9,0,0,0,,,,0,0,0,12,0,0,0,12,0,0,0,0,12,2
Joe Adams,7104,WR,CAR,5,54.5,0,5,54.3,,60.5,0,0,0,0.0,0.0,,0,0,0,12,0,0,0,22,0,7,0,0,12,0
Travis Beckum,5023,TE,NYG,4,52.2,0,21,61.7,71.0,78.1,0,0,1,10.0,15.4,100.0,0,0,0,12,0,0,0,23,2,13,0,0,10,9
Andrew Gardner,5105,T,HST,2,92.3,0,13,55.9,44.1,60.0,0,1,6,85.7,85.7,91.7,0,1,0,12,0,0,9,13,6,7,0,0,6,4
James Starks,5716,HB,GB,6,9.6,0,12,60.2,25.0,60.0,0,2,8,18.2,18.8,87.5,0,2,0,12,0,0,0,125,9,48,0,0,3,0
Brandon Bolden,7469,HB,NE,8,11.2,0,19,74.4,31.9,58.1,0,0,4,12.5,14.3,100.0,0,0,0,11,0,0,0,98,5,35,0,0,6,0
Kealoha Pilares,6284,WR,CAR,7,33.3,0,5,78.5,,94.8,0,0,0,0.0,0.0,,0,0,0,11,0,0,0,33,0,21,0,0,11,0
Ryan Mallett,6226,QB,NE,4,45.8,0,19,48.0,,60.0,0,0,0,0.0,0.0,,0,0,0,11,0,0,0,24,0,5,0,0,11,0
Ryan Miller,7153,G,CLV,1,100.0,0,8,42.4,5.7,,0,1,11,100.0,100.0,77.3,0,3,2,11,0,11,0,11,11,11,0,0,0,0
Lavelle Hawkins,4440,WR,TEN,6,21.6,0,31,58.9,,60.3,0,0,0,0.0,0.0,,0,0,0,11,0,0,0,51,0,40,0,0,11,0
Jordan White,7226,WR,NYJ,3,32.3,0,22,60.4,,60.0,0,0,0,0.0,0.0,,0,0,0,10,0,0,0,31,0,21,0,0,10,0
T.J. Yates,6304,QB,HST,4,43.5,0,13,30.6,,60.0,0,0,0,0.0,0.0,,0,0,0,10,0,0,0,23,0,11,0,0,10,0
Marcus Thigpen,5488,HB,MIA,4,31.3,0,17,59.7,,54.5,0,0,0,0.0,0.0,,0,0,0,10,0,0,0,32,0,21,0,0,10,0
David Nelson,5862,WR,BUF,1,35.7,0,4,68.3,,59.2,0,0,0,0.0,0.0,,0,0,0,10,0,0,0,28,0,18,0,0,10,0
Joe McKnight,5636,HB,NYJ,13,17.2,0,22,60.9,73.2,60.7,0,0,2,10.5,10.0,100.0,0,0,0,10,0,0,0,58,2,20,0,0,8,0
Colt McCoy,5609,QB,CLV,3,25.6,0,8,39.5,,60.0,0,0,0,0.0,0.0,,1,0,0,10,0,0,0,39,0,25,0,0,10,0
C.J. Davis,5334,C,DEN,2,100.0,0,10,57.0,,56.6,0,0,0,,,,0,0,0,10,7,0,0,10,0,0,3,0,10,0
Jerrel Jernigan,6235,WR,NYG,8,37.0,0,21,64.1,,60.1,0,0,0,0.0,0.0,,0,0,0,10,0,0,0,27,0,16,0,0,10,0
Armando Allen,6723,HB,CHI,9,20.4,0,6,70.8,65.4,59.2,0,1,7,36.8,36.8,92.9,0,1,0,10,0,0,0,49,7,19,0,0,3,0
Shaun Chapas,6372,FB,DET,3,64.3,0,11,58.1,70.4,56.8,0,0,1,16.7,16.7,100.0,0,0,0,9,0,0,0,14,1,6,0,0,8,2
Roy Helu,6257,HB,WAS,3,20.5,0,32,62.5,77.9,60.0,0,0,6,16.7,15.4,100.0,1,0,0,9,0,0,0,44,6,39,0,0,3,0
DuJuan Harris,6595,HB,GB,6,7.4,0,12,70.0,79.0,60.0,0,0,7,12.5,13.8,100.0,0,0,0,9,0,0,0,122,8,58,0,0,1,0
Josh Samuda,7399,C,MIA,4,100.0,0,17,67.4,76.4,65.6,0,0,4,100.0,100.0,100.0,0,0,0,9,4,4,0,9,4,4,1,0,5,0
Mario Harvey,6447,LB,IND,7,81.8,0,14,65.7,,67.0,0,0,0,0.0,0.0,,0,0,0,9,0,0,0,11,0,2,0,0,9,4
Sean McGrath,7515,TE,SEA,4,60.0,0,29,60.9,,70.6,0,0,0,0.0,0.0,,0,0,0,9,0,0,0,15,0,6,0,0,9,12
Plaxico Burress,586,WR,PIT,4,23.5,0,25,71.5,,60.1,0,0,0,0.0,0.0,,0,0,0,8,0,0,0,34,0,26,0,0,8,0
Tyler Thigpen,3833,QB,BUF,3,57.1,0,4,53.0,,60.0,0,0,0,0.0,0.0,,0,0,0,8,0,0,0,14,0,5,0,0,8,0
Dan Herron,7179,HB,CIN,2,53.3,0,7,72.9,73.4,58.1,0,0,2,40.0,40.0,100.0,0,0,0,8,0,0,0,15,2,5,0,0,6,0
Anthony Dixon,5696,HB,SF,10,23.5,0,28,71.0,39.8,56.8,0,1,2,40.0,40.0,75.0,0,1,0,8,0,0,0,34,2,5,0,0,6,0
Keith Toston,5821,HB,JAX,1,16.3,0,15,67.7,62.4,60.0,0,0,6,20.7,20.0,83.3,0,1,1,8,0,0,0,49,6,30,0,0,2,0
LaQuan Williams,6511,WR,BLT,2,88.9,0,3,59.5,,60.7,0,0,0,0.0,0.0,,0,0,0,8,0,0,0,9,0,1,0,0,8,0
Luke McCown,1827,QB,ATL,2,80.0,0,2,54.9,,60.0,0,0,0,,,,0,0,0,8,0,0,0,10,0,0,0,0,8,0
David Carr,1009,QB,NYG,2,53.3,0,21,38.7,,60.0,0,0,0,0.0,0.0,,0,0,0,8,0,0,0,15,0,4,0,0,8,0
Javon Ringer,5097,HB,TEN,2,33.3,0,31,54.7,45.8,60.0,0,1,7,33.3,33.3,92.9,0,1,0,8,0,0,0,24,7,21,0,0,1,0
Selvish Capers,5754,G,NYG,2,100.0,0,21,55.6,69.4,55.7,0,0,1,100.0,100.0,100.0,0,0,0,8,0,8,0,8,1,1,0,0,7,0
Antonio Cromartie,2964,CB,NYJ,5,46.7,0,22,60.7,,83.9,0,0,0,0.0,0.0,,6,0,0,7,0,0,0,15,0,8,0,0,7,0
Thomas Welch,5731,T,BUF,2,100.0,0,4,87.1,67.6,79.2,0,0,1,100.0,100.0,100.0,0,0,0,7,0,0,0,7,1,1,0,0,6,7
Mitch Unrein,6031,DI,DEN,6,70.0,0,10,78.0,66.5,72.7,0,0,1,25.0,25.0,100.0,1,0,0,7,0,0,0,10,1,4,0,0,6,2
Jeremy Stewart,7534,HB,OAK,4,10.6,0,23,73.7,77.8,60.0,0,0,6,15.4,15.0,100.0,0,0,0,7,0,0,0,66,6,40,0,0,1,0
Chase Daniel,5214,QB,NO,2,53.8,0,20,65.0,,60.0,0,0,0,0.0,0.0,,0,0,0,7,0,0,0,13,0,3,0,0,7,0
Lamar Holmes,7091,T,ATL,1,100.0,0,2,60.2,,59.7,0,0,0,,,,0,0,0,7,0,0,0,7,0,0,0,0,7,7
Greg Camarillo,2523,WR,NO,3,16.3,0,20,67.0,,60.0,0,0,0,0.0,0.0,,0,0,0,7,0,0,0,43,0,36,0,0,7,0
Ty Nsekhe,7636,T,SL,2,87.5,0,26,49.6,68.7,48.8,0,0,1,50.0,50.0,100.0,0,0,0,7,0,0,4,8,1,2,0,0,6,4
Roman Harper,2988,S,NO,6,100.0,0,20,60.1,,60.6,0,0,0,,,,3,0,0,7,0,0,0,7,0,0,0,0,7,0
Donte' Stallworth,1020,WR,NE,1,35.0,0,19,82.7,,59.7,0,0,0,0.0,0.0,,0,0,0,7,0,0,0,20,0,13,0,0,7,1
Alfonso Smith,5877,HB,ARZ,4,41.2,0,1,66.2,77.6,,0,0,7,46.7,41.2,100.0,0,0,0,7,0,0,0,17,7,17,0,0,0,0
Deon Butler,5014,WR,SEA,1,85.7,0,29,59.1,,60.5,0,0,0,0.0,0.0,,0,0,0,6,0,0,0,7,0,1,0,0,6,0
Jonathan Grimes,7585,HB,JAX,2,54.5,0,15,67.4,75.9,60.0,0,0,4,57.1,57.1,100.0,0,0,0,6,0,0,0,11,4,7,0,0,2,0
Hayden Smith,7005,TE,NYJ,4,35.3,0,22,65.1,,60.2,0,0,0,0.0,0.0,,0,0,0,6,0,0,0,17,0,11,0,0,6,14
Danny Noble,7445,TE,TB,3,100.0,0,30,61.3,68.2,59.8,0,0,1,100.0,100.0,100.0,0,0,0,6,0,0,0,6,1,1,0,0,5,6
Cole Beasley,7330,WR,DAL,9,4.8,0,9,62.8,,59.3,0,0,0,0.0,0.0,,0,0,0,6,0,0,0,124,0,118,0,0,6,0
Colin Baxter,6729,C,SD,1,100.0,0,27,58.6,75.0,60.0,0,0,5,100.0,100.0,100.0,0,0,0,6,6,0,0,6,5,5,0,0,1,0
Jeremy Ross,6476,WR,GB,4,75.0,0,12,56.7,,57.1,0,0,0,0.0,0.0,,0,0,0,6,0,0,0,8,0,2,0,0,6,0
Chris Ivory,6007,HB,NO,6,9.0,0,20,90.3,73.2,59.3,0,0,2,9.5,9.1,100.0,0,0,0,6,0,0,0,67,2,22,0,0,4,0
Cyrus Gray,7655,HB,KC,4,20.0,0,16,59.9,17.0,60.0,1,0,4,22.2,25.0,62.5,0,2,1,6,0,0,0,30,5,20,0,0,1,0
Kregg Lumpkin,4714,HB,NYG,5,16.1,0,21,46.2,60.8,,0,0,5,25.0,22.7,80.0,0,1,1,5,0,0,0,31,5,22,0,0,0,0
Bernard Scott,5133,HB,CIN,2,25.0,0,7,77.8,76.2,60.0,0,0,4,36.4,36.4,100.0,0,0,0,5,0,0,0,20,4,11,0,0,1,0
Dan Orlovsky,2362,QB,TB,1,41.7,0,30,57.1,,60.0,0,0,0,0.0,0.0,,0,0,0,5,0,0,0,12,0,7,0,0,5,0
Michael Egnew,7080,TE,MIA,2,20.0,0,17,51.2,69.3,59.6,0,0,1,4.8,4.8,100.0,0,0,0,5,0,0,0,25,1,21,0,0,4,10
Isaiah Stanback,3719,TE,JAX,2,55.6,0,15,83.3,68.2,85.8,0,0,1,20.0,20.0,100.0,0,0,0,5,0,0,0,9,1,5,0,0,4,7
Armond Smith,6824,HB,CAR,3,62.5,0,5,55.0,,58.0,0,0,0,,,,0,0,0,5,0,0,0,8,0,0,0,0,5,0
Kory Sperry,5369,TE,ARZ,1,22.7,0,1,49.7,67.4,59.4,0,0,0,0.0,5.6,,0,0,0,5,0,0,0,22,1,18,0,0,4,3
Rashard Mendenhall,4337,HB,PIT,6,4.8,0,25,54.2,76.2,60.0,0,0,4,8.7,8.3,100.0,0,0,0,5,0,0,0,104,4,48,0,0,1,0
Ronde Barber,261,S,TB,3,100.0,0,30,60.0,,60.0,0,0,0,,,,5,0,0,4,0,0,0,4,0,0,0,0,4,0
Allen Reisner,6493,TE,JAX,1,57.1,0,15,81.0,68.7,59.6,0,0,1,25.0,25.0,100.0,0,0,0,4,0,0,0,7,1,4,0,0,3,5
Taiwan Jones,6277,HB,OAK,4,22.2,0,23,58.8,15.0,60.0,0,1,2,22.2,20.0,75.0,0,1,0,4,0,0,0,18,2,10,0,0,2,0
David Gilreath,6782,WR,PIT,2,16.7,0,25,54.9,,60.3,0,0,0,0.0,0.0,,0,0,0,4,0,0,0,24,0,19,0,0,4,0
David Gettis,5721,WR,CAR,2,28.6,0,5,53.4,,60.2,0,0,0,0.0,0.0,,0,0,0,4,0,0,0,14,0,10,0,0,4,0
Marcus Easley,5631,WR,BUF,1,100.0,0,4,60.3,,60.5,0,0,0,,,,0,0,0,4,0,0,0,4,0,0,0,0,4,0
Isaiah Pead,7053,HB,SL,14,10.0,0,26,55.0,75.5,60.0,0,0,3,11.1,10.3,100.0,0,0,0,4,0,0,0,40,3,29,0,0,1,1
Stefan Logan,4909,HB,DET,8,15.4,0,11,67.4,,59.8,0,0,0,0.0,0.0,,0,0,0,4,0,0,0,26,0,19,0,0,4,0
Trent Edwards,3708,QB,PHI,1,66.7,0,24,61.4,,60.0,0,0,0,0.0,0.0,,0,0,0,4,0,0,0,6,0,2,0,0,4,0
Travaris Cadet,7457,HB,NO,6,14.3,0,20,87.2,,60.2,0,0,0,0.0,0.0,,0,0,0,4,0,0,0,28,0,23,0,0,4,0
Roscoe Parrish,2272,WR,TB,1,25.0,0,30,58.3,,80.8,0,0,0,0.0,0.0,,0,0,0,4,0,0,0,16,0,12,0,0,4,0
Kassim Osgood,1676,WR,DET,4,80.0,0,11,58.7,,60.1,0,0,0,0.0,0.0,,0,0,0,4,0,0,0,5,0,1,0,0,4,0
Shaun Hill,1255,QB,DET,1,21.1,0,11,74.9,,60.0,0,0,0,0.0,0.0,,0,0,0,4,0,0,0,19,0,14,0,0,4,0
Ryan Clark,1229,S,PIT,3,100.0,0,25,60.0,,60.0,0,0,0,,,,2,0,0,4,0,0,0,4,0,0,0,0,4,0
LaRon Byrd,7486,WR,ARZ,3,27.3,0,1,55.1,,60.1,0,0,0,0.0,0.0,,0,0,0,3,0,0,0,11,0,8,0,0,3,0
Terrance Ganaway,7187,HB,SL,1,60.0,0,26,57.4,,58.1,0,0,0,0.0,0.0,,0,0,0,3,0,0,0,5,0,2,0,0,3,0
Brandon Jackson,3679,HB,CLV,2,9.7,0,8,81.8,23.3,,1,0,3,13.6,13.0,83.3,0,1,0,3,0,0,0,31,3,23,0,0,0,0
Adrien Robinson,7127,TE,NYG,2,100.0,0,21,60.2,68.2,59.3,0,0,0,,100.0,,0,0,0,3,0,0,0,3,1,1,0,0,2,3
Kellen Clemens,2994,QB,SL,2,37.5,0,26,38.2,,60.0,0,0,0,0.0,0.0,,0,0,0,3,0,0,0,8,0,4,0,0,3,0
Ladarius Green,7110,TE,SD,4,8.3,0,27,63.5,67.6,59.8,0,0,1,3.2,2.9,100.0,0,0,0,3,0,0,0,36,1,34,0,0,2,11
Greg Salas,6264,WR,PHI,1,50.0,0,24,55.7,,60.0,0,0,0,0.0,0.0,,0,0,0,3,0,0,0,6,0,3,0,0,3,0
Derek Anderson,2430,QB,CAR,2,33.3,0,5,54.7,,60.0,0,0,0,0.0,0.0,,0,0,0,3,0,0,0,9,0,6,0,0,3,0
Keiland Williams,5794,HB,WAS,3,10.7,0,32,53.7,76.2,,0,0,3,12.0,11.5,100.0,0,0,0,3,0,0,0,28,3,26,0,0,0,7
Joe Berger,2424,G,MIN,1,100.0,0,18,59.6,,59.6,0,0,0,,,,0,0,0,3,0,3,0,3,0,0,0,0,3,0
Sammie Stroughter,5157,WR,TB,1,25.0,0,30,64.7,,59.7,0,0,0,0.0,0.0,,0,0,0,3,0,0,0,12,0,9,0,0,3,0
Trindon Holliday,5720,WR,DEN,4,28.6,0,10,66.0,,60.0,0,0,0,0.0,0.0,,0,0,0,2,0,0,0,7,0,5,0,0,2,0
Marvin McNutt,7182,WR,PHI,4,14.3,0,24,53.1,,60.0,0,0,0,0.0,0.0,,0,0,0,2,0,0,0,14,0,12,0,0,2,0
David Douglas,7498,WR,TB,1,33.3,0,30,56.6,,60.0,0,0,0,0.0,0.0,,0,0,0,2,0,0,0,6,0,4,0,0,2,0
Richard Goodman,6039,WR,SD,4,25.0,0,27,39.7,,60.0,0,0,0,0.0,0.0,,0,0,0,2,0,0,0,8,0,6,0,0,2,0
Julius Thomas,6281,TE,DEN,2,100.0,0,10,60.0,,59.7,0,0,0,,,,0,0,0,2,0,0,0,2,0,0,0,0,2,2
Kyle Miller,6601,TE,MIA,1,66.7,0,17,57.9,,59.8,0,0,0,0.0,0.0,,0,0,0,2,0,0,0,3,0,1,0,0,2,3
Da'Rel Scott,6373,HB,NYG,1,22.2,0,21,60.9,73.5,,0,0,2,66.7,66.7,100.0,0,0,0,2,0,0,0,9,2,3,0,0,0,0
Kyle Williams,3079,DI,BUF,2,66.7,0,4,68.6,,68.0,0,0,0,0.0,0.0,,6,0,0,2,0,0,0,3,0,1,0,0,2,1
Collin Mooney,7256,FB,TEN,1,20.0,0,31,71.3,70.9,60.0,0,0,1,33.3,33.3,100.0,0,0,0,2,0,0,0,10,1,3,0,0,1,0
Mike Leach,750,LS,ARZ,1,100.0,0,1,60.0,67.6,,0,0,1,100.0,100.0,100.0,0,0,0,1,0,0,0,1,1,1,0,0,0,1
Ray Lewis,167,LB,BLT,1,100.0,0,3,60.0,,60.0,0,0,0,,,,2,0,0,1,0,0,0,1,0,0,0,0,1,0
Austin Collie,5051,WR,IND,1,7.1,0,14,54.5,,60.0,0,0,0,0.0,0.0,,0,0,0,1,0,0,0,14,0,13,0,0,1,0
Andre Holmes,6489,WR,DAL,2,6.3,0,9,53.5,,60.0,0,0,0,0.0,0.0,,0,0,0,1,0,0,0,16,0,15,0,0,1,0
Patrick Peterson,6157,CB,ARZ,7,12.5,2,1,67.4,,60.0,0,0,0,0.0,0.0,,5,0,0,1,0,0,0,8,0,4,0,0,1,0
Patrick Turner,5010,WR,NYJ,1,12.5,0,22,39.2,,60.0,0,0,0,0.0,0.0,,0,0,0,1,0,0,0,8,0,7,0,0,1,0
Kamar Aiken,6671,WR,NE,1,33.3,0,19,57.5,,60.0,0,0,0,0.0,0.0,,0,0,0,1,0,0,0,3,0,2,0,0,1,0
Kellen Winslow,1727,TE,NE,1,25.0,0,19,54.6,,60.0,0,0,0,0.0,0.0,,0,0,0,1,0,0,0,4,0,3,0,0,1,3
Demarcus Dobbs,6655,DI,SF,1,100.0,0,28,60.0,68.2,,0,0,1,100.0,100.0,100.0,0,0,0,1,0,0,0,1,1,1,0,0,0,1
Shaun Smith,1702,DI,KC,1,100.0,0,16,60.0,,60.0,0,0,0,,,,1,0,0,1,0,0,0,1,0,0,0,0,1,0
Will Yeatman,6480,T,MIA,1,100.0,0,17,60.0,,60.0,0,0,0,,,,0,0,0,1,0,0,0,1,0,0,0,0,1,1
Mario Haggan,1526,LB,SL,1,100.0,0,26,60.0,,60.0,0,0,0,,,,1,0,0,1,0,0,0,1,0,0,0,0,1,0
Brett Goode,4222,LS,GB,1,100.0,0,12,60.0,66.0,,0,0,1,100.0,100.0,100.0,0,0,0,1,1,0,0,1,1,1,0,0,0,0
Brett Kern,4580,P,TEN,1,100.0,0,31,60.0,,60.0,0,0,0,,,,0,0,0,1,0,0,0,1,0,0,0,0,1,1
Tim Shaw,3780,LB,TEN,1,100.0,0,31,60.0,,60.0,0,0,0,,,,0,0,0,1,0,1,0,1,0,0,0,0,1,0
Johnny White,6285,HB,GB,3,8.3,0,12,60.9,,60.0,0,0,0,0.0,0.0,,0,0,0,1,0,0,0,12,0,3,0,0,1,0
Tommie Campbell,6403,CB,TEN,1,100.0,0,31,60.0,,60.0,0,0,0,,,,0,0,0,1,0,0,0,1,0,0,0,0,1,0
Tim Barnes,6499,G,SL,1,100.0,0,26,60.0,,60.0,0,0,0,,,,0,0,0,1,0,0,0,1,0,0,1,0,1,0
Dylan Gandy,2346,C,DET,1,100.0,0,11,60.0,,60.0,0,0,0,,,,0,0,0,1,0,0,0,1,0,0,0,0,1,0
Brandon Jacobs,2327,HB,SF,2,10.0,0,28,60.4,70.4,,0,0,1,33.3,25.0,100.0,0,0,0,1,0,0,0,10,1,4,0,0,0,0
Roger Allen,5252,G,TB,1,100.0,0,30,60.0,68.4,,0,0,1,100.0,100.0,100.0,0,0,0,1,0,0,0,1,1,1,1,0,0,0
Adrian Wilson,831,S,ARZ,1,100.0,0,1,60.0,,60.0,0,0,0,,,,3,0,0,1,0,0,0,1,0,0,0,0,1,0
Rusty Smith,5699,QB,TEN,1,14.3,0,31,52.8,,60.0,0,0,0,0.0,0.0,,0,0,0,1,0,0,0,7,0,6,0,0,1,0
Beau Brinkley,7418,LS,TEN,1,100.0,0,31,60.0,,60.0,0,0,0,,,,0,0,0,1,0,0,1,1,0,0,0,0,1,0
Jordan Todman,6335,HB,JAX,1,14.3,0,15,59.0,,60.0,0,0,0,0.0,0.0,,0,0,0,1,0,0,0,7,0,3,0,0,1,0
Mike Brown,7698,WR,JAX,2,7.7,0,15,41.6,61.6,,0,0,1,9.1,7.7,100.0,0,0,0,1,0,0,0,13,1,13,0,0,0,0
