player,player_id,position,team_name,player_game_count,attempts,avoided_tackles,breakaway_attempts,breakaway_percent,breakaway_yards,declined_penalties,designed_yards,drops,elu_recv_mtf,elu_rush_mtf,elu_yco,elusive_rating,explosive,first_downs,franchise_id,fumbles,gap_attempts,grades_hands_fumble,grades_offense,grades_offense_penalty,grades_pass,grades_pass_block,grades_pass_route,grades_run,grades_run_block,longest,penalties,rec_yards,receptions,routes,run_plays,scramble_yards,scrambles,targets,total_touches,touchdowns,yards,yards_after_contact,yco_attempt,ypa,yprr,zone_attempts
Ezekiel Elliott,10638,HB,DAL,15,304,37,25,36.7,526,0,1434,4,9,37,949,37.7,41,71,9,6,147,47.8,72.2,43.1,,58.5,70.3,71.7,65.1,41,3,567,77,412,364,0,0,91,381,6,1434,949,3.12,4.7,1.38,147
Saquon Barkley,45791,HB,NYG,16,261,40,20,54.0,706,0,1307,5,31,40,872,67.4,31,50,21,0,78,91.5,85.2,65.9,,54.0,86.3,83.8,56.1,78,1,721,91,470,291,0,0,114,352,11,1307,872,3.34,5.0,1.53,176
David Johnson,9519,HB,ARZ,16,258,22,5,13.0,122,0,940,7,10,22,615,24.8,20,51,1,3,118,65.1,64.1,88.9,,71.4,60.4,63.2,59.4,53,0,446,50,360,286,0,0,70,308,7,940,615,2.38,3.6,1.24,120
Todd Gurley II,9443,HB,LA,14,256,31,17,29.3,367,0,1251,7,11,31,821,42.8,35,70,26,1,62,86.5,77.8,89.2,,78.7,67.3,78.3,59.9,36,1,580,59,428,303,0,0,76,315,17,1251,821,3.21,4.9,1.36,193
Adrian Peterson,3623,HB,WAS,16,251,45,13,35.8,373,0,1042,1,11,45,754,62.1,26,47,32,3,139,62.4,76.2,84.5,,38.7,64.3,75.4,59.8,90,0,208,20,158,288,0,0,25,271,7,1042,754,3.0,4.2,1.32,110
Jordan Howard,10784,HB,CHI,16,250,22,10,23.4,219,0,935,0,1,22,685,23.3,18,53,6,2,82,73.1,68.1,89.5,,85.5,64.2,63.5,75.7,42,0,145,20,211,306,0,0,26,270,9,935,685,2.74,3.7,0.69,166
Chris Carson,12004,HB,SEA,14,247,45,17,31.5,363,0,1151,1,5,45,831,63.0,33,61,29,3,73,61.6,83.2,85.8,,60.7,70.8,80.1,60.0,61,0,163,20,136,279,0,0,22,267,9,1151,831,3.36,4.7,1.2,168
Joe Mixon,11803,HB,CIN,14,236,29,23,45.9,538,0,1171,4,7,29,652,35.6,34,61,7,0,72,91.1,77.8,88.4,60.0,39.3,60.3,81.4,60.7,51,0,296,43,274,259,0,0,54,279,8,1171,652,2.76,5.0,1.08,156
Peyton Barber,10927,HB,TB,16,234,43,10,23.2,202,0,871,2,2,43,627,47.5,24,41,30,1,96,81.4,66.8,86.1,,59.7,49.1,70.0,60.0,28,1,92,20,270,265,0,0,27,254,5,871,627,2.68,3.7,0.34,126
Christian McCaffrey,11763,HB,CAR,16,219,32,13,31.9,350,0,1098,0,21,32,639,47.3,31,54,5,4,118,58.7,82.8,90.9,71.3,62.6,89.1,77.2,59.1,59,0,874,108,493,345,0,0,122,327,7,1098,639,2.92,5.0,1.77,95
Derrick Henry,10679,HB,TEN,16,215,45,9,27.6,292,0,1059,0,4,45,905,89.7,30,51,31,1,59,82.4,85.3,41.6,64.7,83.7,48.4,86.2,59.2,99,1,99,15,115,249,0,0,18,230,12,1059,905,4.21,4.9,0.86,155
James Conner,11860,HB,PIT,13,215,37,16,34.9,340,0,973,4,23,37,617,63.8,27,56,25,4,131,49.6,72.1,89.6,,64.0,60.8,74.5,71.0,30,1,497,55,380,234,0,0,67,270,12,973,617,2.87,4.5,1.31,67
Lamar Miller,7097,HB,HST,14,210,31,15,41.4,403,0,973,1,3,31,680,46.8,23,36,13,1,54,81.8,73.7,30.3,,78.5,49.7,79.2,64.3,97,2,163,25,276,234,0,0,34,235,5,973,680,3.24,4.6,0.59,145
Sony Michel,27589,HB,NE,13,209,25,10,23.6,220,0,931,1,0,25,536,29.7,25,54,19,1,127,90.9,75.8,29.6,,58.5,53.4,74.9,59.0,34,1,50,7,57,240,0,0,11,216,6,931,536,2.56,4.5,0.88,67
Marlon Mack,11898,HB,IND,12,195,18,11,27.5,250,0,908,3,0,18,554,24.1,19,50,14,2,124,66.9,68.6,86.7,,37.2,32.3,75.2,60.9,49,0,103,17,171,228,0,0,24,212,9,908,554,2.84,4.7,0.6,70
Alvin Kamara,11822,HB,NO,15,194,28,10,22.9,202,0,883,3,16,28,533,44.0,20,57,20,0,82,91.2,82.9,64.2,,78.6,87.6,77.3,55.6,49,1,709,81,334,275,0,0,98,275,14,883,533,2.75,4.6,2.12,99
Phillip Lindsay,12660,HB,DEN,15,192,22,11,33.4,346,0,1037,4,7,22,451,30.0,30,49,10,0,91,90.9,82.4,26.7,,63.1,63.1,85.1,70.7,65,1,241,35,185,217,0,0,44,227,9,1037,451,2.35,5.4,1.3,90
Nick Chubb,45783,HB,CLV,16,192,44,15,46.5,463,0,996,3,5,44,858,103.3,28,48,8,0,82,90.7,86.4,39.4,,51.7,54.2,89.7,58.6,92,1,149,20,142,206,0,0,28,212,8,996,858,4.47,5.2,1.05,105
Kareem Hunt,11841,HB,KC,11,181,43,12,33.6,277,0,824,3,10,43,606,85.7,23,46,16,0,66,90.6,81.6,23.8,,69.8,69.3,84.1,53.7,45,2,378,26,254,213,0,0,33,207,7,824,606,3.35,4.6,1.49,110
Melvin Gordon III,9448,HB,LAC,12,175,41,15,35.6,315,0,885,7,11,41,496,65.5,27,48,27,1,114,80.6,86.6,86.6,,56.2,61.2,90.6,64.6,34,0,490,50,241,223,0,0,61,225,10,885,496,2.83,5.1,2.03,53
Carlos Hyde,8692,HB,JAX,14,172,25,4,13.0,74,0,571,2,0,25,406,32.4,15,28,15,2,79,62.1,50.4,85.1,,33.1,41.4,55.1,60.6,22,0,33,10,149,188,0,0,15,182,5,571,406,2.36,3.3,0.22,89
Doug Martin,7035,HB,OAK,16,172,22,6,16.0,116,0,723,1,4,22,467,37.2,19,37,23,3,47,48.3,66.6,84.0,,87.8,63.0,64.4,60.1,29,0,116,18,135,188,0,0,23,190,4,723,467,2.72,4.2,0.86,122
Tevin Coleman,9506,HB,ATL,16,167,17,15,48.5,388,0,800,2,3,17,486,29.2,25,35,2,2,42,63.6,65.7,86.6,,60.8,60.6,66.7,59.0,65,1,276,32,296,183,0,0,40,199,4,800,486,2.91,4.8,0.93,118
LeSean McCoy,4976,HB,BUF,14,161,17,5,21.8,112,1,514,3,10,17,323,27.8,11,22,4,0,61,90.5,60.9,50.5,,50.4,63.3,61.2,57.1,28,3,238,34,225,196,0,0,41,195,3,514,323,2.01,3.2,1.06,92
Frank Gore,2282,HB,MIA,14,156,23,6,23.1,167,0,722,0,6,23,513,56.8,12,25,17,1,50,75.4,80.3,35.1,,53.1,74.9,78.2,69.9,39,1,124,12,128,171,0,0,16,168,0,722,513,3.29,4.6,0.97,104
Dion Lewis,6301,HB,TEN,16,155,31,5,21.5,111,1,517,3,16,31,383,54.3,14,22,31,1,39,79.1,65.3,58.0,,64.8,72.5,61.4,57.6,36,1,400,59,315,193,0,0,67,214,1,517,383,2.47,3.3,1.27,110
LeGarrette Blount,5863,HB,DET,16,154,15,2,12.2,51,0,418,2,3,15,333,23.7,10,25,11,2,76,58.7,45.5,81.7,,80.7,30.6,49.5,60.2,27,0,67,10,82,173,0,0,14,164,5,418,333,2.16,2.7,0.82,77
Matt Breida,12271,HB,SF,14,153,14,14,42.5,346,0,814,0,4,14,436,28.5,27,36,28,1,38,76.0,75.8,84.4,,49.0,90.1,67.1,56.3,66,0,261,27,160,174,0,0,31,180,3,814,436,2.85,5.3,1.63,113
Alfred Blue,8816,HB,HST,16,150,12,5,16.8,84,0,499,1,3,12,360,21.2,10,25,13,0,49,90.2,63.1,86.6,,68.3,53.1,64.9,69.7,17,0,154,20,208,183,0,0,24,170,2,499,360,2.4,3.3,0.74,98
Lamar Jackson,46416,QB,BLT,16,148,20,8,27.1,188,0,562,0,0,12,241,17.1,20,45,3,12,87,25.1,58.6,52.0,59.3,,52.7,58.1,60.7,39,4,0,0,10,358,131,18,1,130,5,693,309,2.09,4.7,0.0,11
Isaiah Crowell,9295,HB,NYJ,13,143,21,9,47.6,326,0,685,2,6,21,467,53.8,15,26,22,0,64,90.2,70.4,35.2,,44.0,61.1,73.0,59.3,77,1,152,21,145,155,0,0,26,164,6,685,467,3.27,4.8,1.05,79
Latavius Murray,7962,HB,MIN,16,140,14,7,32.0,185,0,578,0,4,14,405,32.1,13,23,18,0,45,90.2,75.7,86.5,,71.7,60.2,77.4,58.6,38,0,141,22,221,166,0,0,25,162,6,578,405,2.89,4.1,0.64,94
Mark Ingram II,6180,HB,NO,12,138,23,7,25.0,161,0,645,1,3,23,442,52.4,15,33,20,3,64,44.5,80.6,83.0,,71.9,55.3,82.9,60.7,38,0,170,21,133,176,0,0,25,159,6,645,442,3.2,4.7,1.28,70
Gus Edwards,46027,HB,BLT,11,137,23,9,27.6,198,0,718,0,0,23,441,53.3,17,37,3,0,88,90.0,80.6,82.0,,57.6,53.1,80.1,56.5,43,0,20,2,53,209,0,0,2,139,2,718,441,3.22,5.2,0.38,47
Aaron Jones,11937,HB,GB,12,133,26,8,30.9,225,0,728,2,7,26,395,61.6,22,41,12,1,45,73.4,80.7,0.0,,87.6,62.6,85.0,60.0,67,3,206,26,204,137,0,0,32,159,8,728,395,2.97,5.5,1.01,81
Dalvin Cook,11796,HB,MIN,11,133,29,9,37.9,233,0,615,3,18,29,401,81.9,17,22,18,2,44,43.2,72.6,87.0,,84.1,67.7,70.4,57.8,70,0,305,40,244,154,0,0,48,173,2,615,401,3.02,4.6,1.25,83
Leonard Fournette,11759,HB,JAX,8,133,17,4,17.3,76,0,439,1,2,17,313,28.8,9,24,15,0,45,90.1,70.9,83.7,,37.4,77.8,68.7,59.3,25,0,185,22,99,148,0,0,25,155,5,439,313,2.35,3.3,1.87,87
Royce Freeman,45747,HB,DEN,14,130,24,6,21.7,113,0,521,3,0,24,419,53.7,13,30,10,1,57,72.3,63.0,82.9,,74.0,43.5,66.3,59.0,24,0,72,14,119,142,0,0,19,144,5,521,419,3.22,4.0,0.61,69
Jamaal Williams,11889,HB,GB,16,121,10,3,11.6,54,0,464,0,4,10,318,24.9,11,25,12,0,31,90.0,67.5,88.0,,76.6,63.6,65.6,59.6,20,0,210,27,275,136,0,0,33,148,3,464,318,2.63,3.8,0.76,86
Josh Adams,45662,HB,PHI,13,120,20,9,36.6,187,0,511,2,0,20,341,44.8,14,23,24,1,42,69.7,67.3,84.8,,46.4,42.6,71.2,58.8,29,0,58,7,98,133,0,0,13,127,3,511,341,2.84,4.3,0.59,77
Kenyan Drake,10707,HB,MIA,16,120,29,6,28.6,153,0,535,5,6,29,322,54.3,13,23,17,2,33,57.3,65.6,89.3,60.0,33.2,65.1,68.4,57.7,54,0,477,53,300,177,0,0,66,173,4,535,322,2.68,4.5,1.59,82
Kerryon Johnson,34455,HB,DET,10,118,21,9,38.2,245,0,641,0,8,21,392,64.2,17,32,11,1,48,72.4,80.2,86.4,,69.7,80.6,77.0,58.8,71,0,213,32,169,133,0,0,37,150,3,641,392,3.32,5.4,1.26,66
Chris Ivory,6007,HB,BUF,13,115,17,5,23.4,90,0,385,3,2,17,324,41.8,7,25,4,1,60,65.5,74.1,82.3,,41.8,64.5,76.3,56.3,21,0,205,13,117,136,0,0,20,128,1,385,324,2.82,3.3,1.75,51
Alex Collins,10805,HB,BLT,10,114,25,3,12.2,50,0,411,1,7,25,258,56.1,9,22,3,3,60,30.2,59.8,83.7,,39.7,63.2,60.5,52.2,19,0,105,15,123,147,0,0,17,129,7,411,258,2.26,3.6,0.85,48
Mike Davis,9559,HB,SEA,15,112,15,4,17.5,90,0,514,2,8,15,329,46.3,13,25,29,0,37,90.0,75.1,87.1,,55.3,67.2,76.1,71.4,37,0,214,34,186,147,0,0,42,146,4,514,329,2.94,4.6,1.15,75
Alfred Morris,7165,HB,SF,12,111,10,4,26.4,113,0,428,0,2,10,326,29.6,11,25,28,2,27,54.5,60.0,24.6,,68.1,64.5,60.4,32.6,51,2,73,8,99,123,0,0,10,119,2,428,326,2.94,3.9,0.74,82
Austin Ekeler,12164,HB,LAC,14,106,15,11,41.3,229,0,554,2,12,15,385,67.6,19,26,27,1,59,89.6,84.2,86.7,,71.0,85.9,80.5,64.4,41,0,404,39,190,140,0,0,47,145,3,554,385,3.63,5.2,2.13,29
T.J. Yeldon,9469,HB,JAX,14,104,11,4,16.2,67,0,414,8,11,11,276,36.7,9,16,15,1,30,72.4,56.0,89.4,,48.2,56.3,56.4,60.0,20,0,487,55,310,116,0,0,70,159,1,414,276,2.65,4.0,1.57,72
Cam Newton,6153,QB,CAR,14,101,20,2,9.2,45,0,293,0,0,12,189,41.4,21,35,5,6,22,78.6,70.9,24.9,70.0,,60.0,66.5,60.0,29,8,0,0,1,326,195,27,0,74,4,488,344,3.41,4.8,0.0,25
Deshaun Watson,11767,QB,HST,16,100,13,4,12.7,70,0,121,0,0,5,66,20.6,21,33,13,9,5,38.6,82.7,58.7,81.1,,58.4,70.2,60.1,34,3,0,0,1,419,429,60,0,40,5,550,307,3.07,5.5,0.0,21
Tarik Cohen,11874,HB,CHI,16,99,17,9,44.4,197,0,444,1,16,17,215,42.2,13,20,6,3,36,29.9,73.2,92.0,69.7,55.1,86.0,59.6,61.0,32,0,725,71,307,161,0,0,87,170,3,444,215,2.17,4.5,2.36,53
James White,8765,HB,NE,16,94,5,6,32.0,136,0,425,5,7,5,188,13.3,13,22,19,0,61,90.0,71.0,60.6,,73.2,83.8,59.9,58.4,27,1,751,87,411,127,0,0,116,181,5,425,188,2.0,4.5,1.83,29
Elijah McGuire,11943,HB,NYJ,8,91,11,2,18.3,51,0,279,5,9,11,247,49.4,7,14,22,2,41,44.0,54.9,85.7,60.0,63.4,50.9,56.2,58.3,34,0,193,19,154,117,0,0,30,110,3,279,247,2.71,3.1,1.25,48
Marshawn Lynch,3628,HB,OAK,6,90,25,2,18.1,68,0,376,4,2,25,311,88.9,9,21,23,0,23,87.5,74.1,80.9,,83.2,49.8,76.4,60.0,52,0,84,15,79,97,0,0,19,105,3,376,311,3.46,4.2,1.06,63
Ito Smith,45932,HB,ATL,13,90,20,3,16.2,51,2,315,0,4,20,246,56.1,10,19,2,1,26,67.0,68.8,32.8,,55.6,68.9,69.2,58.5,18,2,152,27,164,109,0,0,30,117,4,315,246,2.73,3.5,0.93,61
Josh Allen,46601,QB,BUF,12,89,13,0,0.0,0,0,123,0,0,1,55,3.1,24,41,4,8,1,50.2,65.3,73.4,58.0,,60.0,81.4,60.0,45,4,0,0,1,289,508,47,1,42,8,631,371,4.17,7.1,0.0,14
Wendell Smallwood,10787,HB,PHI,16,87,14,1,4.1,15,0,364,3,2,14,226,36.1,9,22,24,2,25,66.9,56.2,86.8,,47.5,52.2,58.5,58.1,15,0,230,28,197,100,0,0,32,115,3,364,226,2.6,4.2,1.17,60
Rashaad Penny,27414,HB,SEA,12,85,12,9,46.8,196,0,419,2,1,12,289,47.0,13,18,29,0,31,87.8,61.0,82.2,,70.8,45.3,63.2,68.2,38,0,75,9,76,92,0,0,12,94,2,419,289,3.4,4.9,0.99,52
Nyheim Hines,48103,HB,IND,16,85,6,2,10.5,33,0,313,4,6,6,196,18.7,7,17,14,1,46,71.2,71.6,58.4,,68.7,77.3,67.1,54.8,18,1,425,63,346,107,0,0,78,148,2,313,196,2.31,3.7,1.23,33
Bilal Powell,6278,HB,NYJ,7,80,9,5,30.9,106,0,343,0,2,9,221,33.4,10,16,22,2,31,61.2,65.7,83.8,,50.1,64.6,65.2,60.0,38,0,110,11,98,87,0,0,17,91,0,343,221,2.76,4.3,1.12,48
Dak Prescott,10769,QB,DAL,16,75,11,2,10.5,32,0,111,0,0,3,72,10.2,13,23,9,13,4,28.8,74.6,57.9,73.4,,58.9,65.5,60.0,28,4,0,0,1,416,194,29,1,46,6,305,181,2.41,4.1,0.0,17
Corey Clement,12253,HB,PHI,11,68,2,4,32.4,84,0,259,0,6,2,163,21.3,8,15,24,2,25,45.2,57.8,85.4,,66.3,71.9,50.9,59.1,32,1,192,22,125,78,0,0,25,90,2,259,163,2.4,3.8,1.54,39
Mitch Trubisky,11757,QB,CHI,14,68,8,2,12.1,51,0,101,0,0,2,33,6.4,14,29,6,6,2,52.5,63.0,65.4,56.5,,,88.2,60.5,39,5,0,0,0,390,320,36,0,32,3,421,239,3.51,6.2,,12
C.J. Anderson,8101,HB,LA,11,67,10,3,23.6,95,0,403,2,3,10,257,69.3,11,21,26,0,27,85.0,76.6,80.5,,21.9,39.2,84.3,68.1,46,0,41,5,50,83,0,0,7,72,2,403,257,3.84,6.0,0.82,40
Russell Wilson,7077,QB,SEA,16,67,8,0,0.0,0,1,77,0,0,3,37,7.9,15,24,29,10,2,45.1,87.0,68.7,84.2,,58.9,73.9,60.0,40,4,-11,1,1,522,299,30,1,38,0,376,153,2.28,5.6,-11.0,17
Jeff Wilson Jr.,29413,HB,SF,6,66,9,2,12.8,34,0,266,1,2,9,169,36.1,6,13,28,3,18,24.9,54.7,18.7,,83.7,56.2,54.8,60.0,18,1,98,12,106,77,0,0,15,78,0,266,169,2.56,4.0,0.92,48
Marcus Mariota,9435,QB,TEN,14,64,19,2,9.8,35,0,98,0,0,7,60,48.3,13,25,31,9,4,48.9,76.8,74.7,70.3,,88.3,83.0,61.6,27,5,21,1,2,342,259,35,1,30,2,357,190,2.97,5.6,10.5,13
Jordan Wilkins,26618,HB,IND,13,60,5,6,41.4,139,0,336,0,1,5,180,23.7,9,15,14,2,28,30.0,63.4,83.2,,80.3,38.9,70.4,60.1,53,0,85,16,100,78,0,0,16,76,1,336,180,3.0,5.6,0.85,30
Kenneth Dixon,10768,HB,BLT,6,60,19,7,41.4,138,0,333,0,2,19,240,127.3,11,19,3,2,33,27.9,72.5,0.0,,20.5,66.1,77.7,55.6,37,2,51,6,49,85,0,0,7,66,2,333,240,4.0,5.6,1.04,27
Chase Edmonds,45851,HB,ARZ,16,60,6,2,23.6,49,0,208,1,6,6,133,33.3,3,14,1,1,18,31.8,60.5,18.5,,49.7,65.0,60.3,60.0,29,1,103,20,114,64,0,0,23,80,2,208,133,2.22,3.5,0.9,37
Patrick Mahomes,11765,QB,KC,16,60,3,1,5.5,15,0,54,0,0,0,5,0.0,9,19,16,9,0,64.3,93.2,67.5,92.7,,58.7,66.4,60.1,28,6,0,0,0,348,218,29,0,31,2,272,53,0.88,4.5,,14
Blake Bortles,8638,QB,JAX,13,58,5,1,11.2,41,0,95,0,0,0,18,0.0,14,28,15,9,0,40.4,64.1,60.6,64.7,,,54.6,60.1,41,3,0,0,0,283,270,40,0,18,1,365,153,2.64,6.3,,8
Rex Burkhead,7971,HB,NE,8,57,5,0,0.0,0,0,186,0,2,5,131,22.7,5,11,19,2,31,28.6,61.0,80.2,,64.4,72.5,55.4,59.0,12,0,131,14,71,66,0,0,19,71,0,186,131,2.3,3.3,1.85,25
Giovani Bernard,7818,HB,CIN,12,56,3,2,21.3,45,1,211,2,3,3,143,16.8,8,14,7,0,17,86.0,68.1,86.6,,63.3,67.4,68.2,60.7,23,2,218,35,195,70,0,0,41,91,3,211,143,2.55,3.8,1.12,36
Jaylen Samuels,47297,HB,PIT,11,56,3,5,34.4,88,0,256,0,6,3,147,28.8,7,13,25,0,28,85.3,68.8,85.2,,58.6,73.0,64.5,60.0,25,0,199,26,130,64,0,0,29,82,0,256,147,2.63,4.6,1.53,25
Jalen Richard,11395,HB,OAK,16,55,12,5,42.5,110,0,259,1,10,12,162,52.7,6,12,23,2,11,46.2,66.6,46.3,,55.1,82.5,58.5,42.1,30,1,607,68,269,77,0,0,77,123,1,259,162,2.95,4.7,2.26,40
Zach Zenner,9761,HB,DET,8,55,5,2,17.4,46,0,265,2,1,5,193,34.0,6,14,11,0,28,84.5,72.4,79.5,,68.6,45.5,76.8,44.0,29,0,56,7,42,60,0,0,10,62,3,265,193,3.51,4.8,1.33,27
Marcus Murphy,9663,HB,BUF,11,52,11,3,26.0,65,0,250,2,3,11,153,65.4,3,7,4,0,13,86.3,53.9,83.1,,10.3,42.8,69.4,59.6,30,0,26,11,99,61,0,0,17,63,0,250,153,2.94,4.8,0.26,28
Spencer Ware,7975,HB,KC,13,51,9,3,31.7,78,0,246,2,6,9,142,58.8,8,14,16,0,17,84.4,69.9,87.9,54.1,78.3,68.9,68.9,60.4,34,0,224,20,142,66,0,0,22,71,2,246,142,2.78,4.8,1.58,32
Wayne Gallman,11895,HB,NYG,15,51,9,0,0.0,0,0,176,2,3,9,114,41.3,0,7,21,2,19,27.9,57.6,80.5,,88.3,36.4,63.2,60.0,9,0,89,14,77,61,0,0,21,65,1,176,114,2.24,3.5,1.16,29
Justin Jackson,29539,HB,LAC,8,50,10,4,36.4,75,0,206,0,5,10,138,63.7,6,14,27,0,23,83.7,77.2,82.7,,26.1,77.6,78.1,59.6,20,1,135,15,67,62,0,0,17,65,2,206,138,2.76,4.1,2.01,25
Damien Williams,9205,HB,KC,12,50,7,6,45.7,117,0,256,0,1,7,126,27.6,7,15,16,1,16,54.7,79.2,86.1,,72.7,72.6,77.8,84.2,25,0,160,23,117,57,0,0,24,73,4,256,126,2.52,5.1,1.37,34
Jameis Winston,9434,QB,TB,11,49,14,0,0.0,0,0,26,0,0,0,12,0.0,10,17,30,7,0,60.2,69.9,40.3,68.3,,,69.2,60.0,18,3,0,0,0,218,255,36,0,13,1,281,215,4.39,5.7,,3
Andrew Luck,7007,QB,IND,16,46,4,0,0.0,0,0,-12,0,0,0,1,0.0,5,12,14,6,0,88.9,91.0,90.3,88.8,,80.0,76.9,60.0,33,3,4,1,2,392,160,21,2,26,0,148,114,2.48,3.2,2.0,0
Jay Ajayi,9582,HB,PHI,4,45,8,2,19.0,35,0,184,0,1,8,120,48.0,5,11,24,1,17,44.6,62.4,80.8,,40.0,57.4,64.1,60.0,20,0,20,5,58,51,0,0,6,50,3,184,120,2.67,4.1,0.34,28
Sam Darnold,29048,QB,NYJ,13,44,5,0,0.0,0,0,21,0,0,1,14,1.8,5,16,22,5,2,71.5,64.7,88.9,62.9,,58.9,62.7,60.0,28,2,0,0,1,332,117,16,0,28,1,138,63,1.43,3.1,0.0,3
Rod Smith,9996,HB,DAL,15,44,3,0,0.0,0,1,127,0,2,3,111,23.8,3,10,9,0,18,82.5,57.9,9.3,,60.0,59.8,59.1,56.5,14,2,60,9,75,55,0,0,11,53,1,127,111,2.52,2.9,0.8,24
Kirk Cousins,7102,QB,MIN,16,44,2,0,0.0,0,0,19,0,0,0,19,0.0,3,12,18,10,1,61.1,79.3,79.1,79.2,,,51.4,60.0,19,2,-1,1,0,346,96,17,1,28,1,115,84,1.91,2.6,,3
Chris Thompson,7936,HB,WAS,10,43,7,3,25.8,46,0,178,3,8,7,109,45.3,9,9,32,1,19,57.1,58.8,87.7,,53.0,60.0,55.9,75.7,16,0,268,41,206,56,0,0,52,84,0,178,109,2.53,4.1,1.3,16
Malcolm Brown,9902,HB,LA,11,43,9,1,9.0,19,0,212,0,1,9,128,62.0,4,10,26,0,9,82.2,83.1,81.6,,89.2,78.3,76.5,72.9,19,0,52,5,47,59,0,0,6,48,0,212,128,2.98,4.9,1.11,34
Aaron Rodgers,2241,QB,GB,16,43,0,0,0.0,0,1,-12,0,0,0,1,0.0,10,20,12,6,0,60.3,89.0,45.1,86.3,,,77.0,60.0,23,11,0,0,0,288,281,34,0,9,2,269,90,2.09,6.3,,3
Ty Montgomery,9527,HB,BLT,13,41,8,2,16.5,31,0,183,1,4,8,122,54.1,6,10,3,1,17,28.2,68.6,86.1,,62.3,71.1,66.5,64.6,16,0,235,25,152,69,0,0,36,66,1,188,122,2.98,4.6,1.55,22
Jared Goff,10635,QB,LA,16,42,0,0,0.0,0,0,-14,0,0,0,3,0.0,3,9,26,12,0,55.4,85.5,79.3,84.3,,,58.3,60.0,16,2,0,0,0,411,122,20,0,22,2,108,11,0.26,2.6,,2
Cordarrelle Patterson,7810,WR,NE,15,42,9,4,35.5,81,0,228,1,2,9,171,71.1,10,15,19,0,15,60.6,72.6,44.0,,,73.6,69.0,52.3,27,2,247,21,106,121,0,0,27,63,1,228,171,4.07,5.4,2.33,15
Alex Smith,2218,QB,WAS,10,41,3,0,0.0,0,0,31,0,0,0,10,0.0,3,15,32,6,0,75.6,70.2,88.1,69.0,,,61.6,60.0,22,2,0,0,0,255,137,23,0,18,1,168,88,2.15,4.1,,6
Javorius Allen,9558,HB,BLT,13,41,4,1,15.5,17,0,110,1,9,4,91,38.0,2,10,3,1,22,53.5,62.8,6.3,,59.8,62.7,66.6,58.5,17,2,196,35,183,65,0,0,40,76,3,110,91,2.22,2.7,1.07,13
Theo Riddick,7980,HB,DET,14,40,6,1,11.1,19,0,171,5,7,6,98,31.5,3,8,11,0,21,85.2,72.3,91.5,,81.2,73.2,71.5,40.6,19,0,384,61,272,58,0,0,74,101,0,171,98,2.45,4.3,1.41,17
Duke Johnson Jr.,9510,HB,CLV,16,40,12,3,26.4,53,0,201,3,8,12,165,94.8,6,9,8,1,18,58.5,72.1,88.3,,72.5,74.0,68.3,66.9,23,0,429,47,300,71,0,0,61,87,0,201,165,4.13,5.0,1.43,13
Baker Mayfield,46518,QB,CLV,14,39,2,0,0.0,0,1,-17,0,0,0,7,0.0,5,8,8,7,0,70.2,83.2,89.4,79.9,,56.8,75.8,60.1,35,1,0,0,3,327,148,18,1,21,0,131,67,1.72,3.4,0.0,1
Trenton Cannon,66446,HB,NYJ,13,38,9,1,18.6,21,0,113,4,2,9,100,52.6,2,7,22,0,8,82.9,55.1,86.9,,36.2,50.3,59.2,56.7,21,0,144,17,101,72,0,0,26,55,1,113,100,2.63,3.0,1.43,23
Taysom Hill,12112,QB,NO,15,37,17,3,36.2,71,0,182,2,0,16,143,172.0,4,15,20,1,9,87.1,64.4,84.4,44.3,76.0,34.9,75.9,77.1,35,1,4,3,34,135,14,2,7,38,2,196,159,4.3,5.3,0.12,23
Ryan Fitzpatrick,2467,QB,TB,8,36,4,0,0.0,0,0,2,0,0,0,2,0.0,4,9,30,4,0,68.0,83.9,86.3,82.4,,,65.4,60.0,18,1,0,0,0,125,150,24,0,12,2,152,80,2.22,4.2,,2
Kalen Ballage,45741,HB,MIA,11,36,2,2,47.6,91,0,191,1,1,2,146,27.0,4,10,17,1,15,82.2,56.6,81.9,,25.3,66.3,55.2,60.0,75,0,56,9,42,43,0,0,11,45,1,191,146,4.06,5.3,1.33,19
Devontae Booker,10770,HB,DEN,16,34,3,1,14.2,26,1,183,1,10,3,112,59.5,5,11,10,1,13,57.8,64.6,40.2,,30.0,67.2,69.8,60.0,26,1,275,38,226,39,0,0,48,72,1,183,112,3.29,5.4,1.22,17
Raheem Mostert,9783,HB,SF,8,34,9,5,48.3,126,0,261,0,0,9,148,97.9,11,13,28,1,7,34.0,72.1,78.5,,75.3,58.8,73.1,60.0,52,0,25,6,37,40,0,0,7,40,1,261,148,4.35,7.7,0.68,26
Carson Wentz,10636,QB,PHI,11,34,2,0,0.0,0,0,0,0,0,1,10,2.9,2,9,24,10,1,44.9,79.4,73.5,78.5,,,60.3,60.0,13,3,4,1,0,252,93,16,1,19,0,93,99,2.91,2.7,,4
Matt Ryan,4317,QB,ATL,16,34,1,0,0.0,0,0,1,0,0,1,2,0.7,4,15,2,11,1,44.1,84.3,79.1,80.6,,89.4,79.0,61.4,15,1,5,1,2,340,124,18,1,17,3,125,49,1.44,3.7,2.5,0
Jacquizz Rodgers,6297,HB,TB,16,33,3,2,33.0,35,1,106,0,9,3,70,35.9,3,7,30,1,9,52.6,65.1,87.5,,49.7,68.5,66.4,71.3,20,1,304,38,234,42,0,0,43,71,1,106,70,2.12,3.2,1.3,22
Ryan Tannehill,7014,QB,MIA,11,32,3,0,0.0,0,0,59,0,0,1,13,2.2,7,9,17,5,1,38.2,45.3,69.7,42.4,60.9,90.3,65.8,61.8,20,1,3,1,2,233,86,8,1,25,0,145,41,1.28,4.5,1.5,11
Ben Roethlisberger,1732,QB,PIT,16,31,2,0,0.0,0,0,-2,0,0,0,5,0.0,4,13,25,7,0,73.8,78.2,79.4,75.2,,58.9,78.4,60.0,18,3,-1,1,1,323,100,13,1,19,3,98,68,2.19,3.2,-1.0,0
Drew Brees,802,QB,NO,15,31,1,0,0.0,0,0,-5,0,0,0,4,0.0,1,11,20,5,0,83.2,94.7,43.0,94.0,,54.2,77.4,63.4,11,7,1,1,8,428,27,4,1,28,4,22,11,0.35,0.7,0.13,0
Darren Sproles,2347,HB,PHI,6,29,3,2,27.5,33,0,120,2,6,3,89,62.8,5,6,24,0,11,85.6,65.3,85.0,,37.7,63.9,68.1,60.0,17,0,160,15,94,34,0,0,22,44,1,120,89,3.07,4.1,1.7,13
DeAndre Washington,10777,HB,OAK,10,29,5,0,0.0,0,0,111,0,1,5,80,55.2,3,8,23,1,6,28.6,62.0,79.2,,70.9,56.9,62.0,60.0,13,0,9,1,25,37,0,0,1,30,0,111,80,2.76,3.8,0.36,22
Stevan Ridley,6225,HB,PIT,9,29,1,0,0.0,0,0,80,0,0,1,86,9.3,1,3,25,2,16,22.1,52.6,75.6,,74.2,44.0,56.6,60.0,12,0,18,3,24,34,0,0,4,32,1,80,86,2.97,2.8,0.75,13
John Kelly Jr.,34761,HB,LA,3,27,6,0,0.0,0,0,74,1,0,6,67,51.3,0,6,26,0,12,79.1,57.4,74.8,,27.0,40.1,61.6,60.3,7,0,27,2,11,34,0,0,3,29,0,74,67,2.48,2.7,2.45,15
Dwayne Washington,10870,HB,NO,4,27,5,5,70.8,109,0,154,0,0,5,80,54.9,5,7,20,0,12,78.9,62.2,74.7,,0.0,52.9,65.0,60.0,28,1,0,0,12,33,0,0,0,27,0,154,80,2.96,5.7,0.0,15
Case Keenum,7323,QB,DEN,16,26,3,0,0.0,0,0,1,0,0,1,10,5.1,3,10,10,11,0,46.1,70.0,79.3,66.9,,60.0,81.5,60.3,17,2,0,0,1,392,92,12,0,14,2,93,74,2.85,3.6,0.0,2
Jeff Driskel,10841,QB,CIN,9,26,5,1,20.8,27,0,49,0,0,3,22,33.7,5,7,7,4,1,59.8,52.7,85.8,51.1,,58.9,60.8,60.0,27,1,0,0,1,148,81,12,0,14,2,130,86,3.31,5.0,0.0,6
Matthew Stafford,4924,QB,DET,16,25,2,0,0.0,0,0,-2,0,0,0,4,0.0,1,8,11,6,0,63.6,77.8,79.0,76.6,,46.7,59.0,60.0,10,1,0,0,1,402,73,13,0,12,0,71,55,2.2,2.8,0.0,1
Derek Carr,8671,QB,OAK,16,24,0,0,0.0,0,0,-4,0,0,0,1,0.0,2,5,23,12,1,46.7,73.2,56.4,71.9,,,64.6,60.0,15,4,-9,1,0,383,51,8,1,17,1,47,14,0.58,2.0,,2
Tom Brady,698,QB,NE,16,23,1,0,0.0,0,0,2,0,0,0,3,0.0,1,10,19,4,0,80.6,90.7,90.2,88.6,,59.8,75.1,60.1,10,1,6,1,2,466,33,5,1,19,2,35,24,1.04,1.5,3.0,0
Josh Rosen,35460,QB,ARZ,14,23,2,0,0.0,0,0,-7,0,0,0,0,0.0,6,7,1,10,0,34.6,49.1,74.8,48.2,,58.4,60.6,60.1,33,4,0,0,1,299,145,14,0,9,0,138,98,4.26,6.0,0.0,0
Ronald Jones,34001,HB,TB,8,23,2,0,0.0,0,0,44,2,1,2,47,20.4,0,2,30,0,8,78.8,48.8,80.5,,70.8,41.5,52.4,60.0,9,0,33,7,54,26,0,0,9,30,1,44,47,2.04,1.9,0.61,14
Tyreek Hill,10799,WR,KC,16,22,2,4,58.9,89,1,151,5,11,2,23,12.5,5,8,16,0,0,88.0,89.6,23.9,,,90.3,66.3,73.6,33,6,1479,87,583,280,0,0,129,109,1,151,23,1.05,6.9,2.54,2
Josh Johnson,4474,QB,WAS,4,22,1,1,13.2,16,0,37,0,0,0,17,0.0,4,7,32,2,3,39.1,47.6,83.4,42.3,,,68.2,60.0,16,1,0,0,0,78,84,13,0,9,1,121,35,1.59,5.5,,4
Keith Ford,23614,HB,BUF,2,21,0,0,0.0,0,0,79,1,0,0,45,0.0,1,4,4,0,8,78.0,54.2,77.8,,83.4,47.7,58.3,59.1,11,0,21,3,32,30,0,0,4,24,0,79,45,2.14,3.8,0.66,12
Kapri Bibbs,8906,HB,GB,10,21,3,1,14.6,15,0,103,1,1,3,49,25.2,4,8,12,1,9,47.7,58.6,85.1,,43.8,49.8,67.3,60.0,15,0,115,16,128,27,0,0,21,37,3,103,49,2.33,4.9,0.9,8
Brian Hill,11911,HB,ATL,5,20,3,3,66.9,105,0,157,0,2,3,53,63.1,4,5,2,1,6,26.5,70.1,0.0,,46.9,56.1,76.7,56.5,60,1,9,1,28,30,0,0,2,21,0,157,53,2.65,7.9,0.32,12
Robert Woods,7822,WR,LA,16,19,3,2,47.8,75,0,157,2,7,3,68,34.1,5,9,26,0,4,84.7,87.9,49.3,,78.9,87.9,60.1,80.8,56,5,1219,86,596,396,0,0,127,105,1,157,68,3.58,8.3,2.05,0
Joe Flacco,4332,QB,BLT,9,19,0,0,0.0,0,0,17,0,0,0,12,0.0,2,10,3,3,1,76.8,72.0,54.1,70.6,,54.5,71.2,63.7,13,2,0,0,5,208,28,4,0,15,0,45,14,0.74,2.4,0.0,0
Cameron Artis-Payne,9607,HB,CAR,6,19,3,1,21.7,15,0,69,0,0,3,44,31.6,2,8,5,0,10,77.3,74.3,76.4,,45.4,68.1,74.1,58.6,15,0,15,3,11,25,0,0,4,22,1,69,44,2.32,3.6,1.36,9
Cody Kessler,10727,QB,JAX,5,19,7,0,0.0,0,0,3,0,0,0,2,0.0,6,9,15,5,0,23.6,55.7,84.3,52.1,,58.9,70.0,60.0,21,0,0,0,1,85,120,15,0,4,0,123,64,3.37,6.5,0.0,0
Kenjon Barner,7963,HB,CAR,6,19,4,0,0.0,0,0,71,0,0,4,35,36.8,2,3,5,0,11,84.2,60.0,76.0,,77.7,54.0,61.0,60.0,11,0,3,1,20,26,0,0,1,20,0,71,35,1.84,3.7,0.15,7
C.J. Beathard,11859,QB,SF,6,19,0,0,0.0,0,0,8,0,0,0,4,0.0,2,6,28,5,0,61.4,64.9,85.4,65.5,,,52.7,60.0,13,0,0,0,0,133,61,11,0,8,1,69,50,2.63,3.6,,3
Nick Mullens,12282,QB,SF,8,18,0,0,0.0,0,0,-17,0,0,0,2,0.0,0,1,28,2,0,69.9,64.6,28.4,66.7,,,37.9,60.0,2,3,0,0,0,203,1,1,0,17,0,-16,2,0.11,-0.9,,3
Philip Rivers,1725,QB,LAC,16,18,1,0,0.0,0,0,-9,0,0,1,5,2.6,0,1,27,2,1,90.4,90.8,66.2,90.3,,55.3,54.7,60.2,7,4,0,0,2,383,16,4,0,14,0,7,13,0.72,0.4,0.0,1
Andy Dalton,6187,QB,CIN,11,16,1,0,0.0,0,0,0,0,0,0,0,0.0,3,4,7,1,0,86.5,81.9,87.9,79.3,,58.9,69.7,60.4,21,0,0,0,1,198,99,12,0,4,0,99,81,5.06,6.2,0.0,1
Tyrod Taylor,6332,QB,CLV,4,16,2,0,0.0,0,0,22,0,0,1,14,38.9,4,6,8,2,0,60.0,47.0,35.6,44.9,,,61.4,60.0,24,1,0,0,0,70,103,10,0,6,1,125,45,2.81,7.8,,4
Mike Gillislee,7946,HB,NO,4,16,4,0,0.0,0,0,43,0,0,4,35,51.5,0,2,20,1,6,24.2,46.1,71.2,,67.1,59.0,46.9,,5,0,9,1,8,16,0,0,1,17,0,43,35,2.19,2.7,1.13,9
Eli Manning,1722,QB,NYG,16,15,0,0,0.0,0,0,4,0,0,0,2,0.0,0,5,21,7,0,55.1,64.3,55.5,63.7,,55.3,59.6,60.0,7,5,0,0,2,350,16,4,0,11,1,20,4,0.27,1.3,0.0,0
Mark Walton,45996,HB,CIN,9,14,0,0,0.0,0,0,34,1,2,0,26,19.5,1,5,7,0,4,76.8,51.3,81.5,,60.1,47.1,52.0,60.0,10,0,41,5,57,20,0,0,7,19,0,34,26,1.86,2.4,0.72,9
Devonta Freeman,8738,HB,ATL,2,14,0,2,58.8,40,0,68,1,1,0,31,11.7,2,2,2,0,3,76.5,52.1,78.0,,51.9,48.4,56.0,60.0,20,0,23,5,36,17,0,0,7,19,0,68,31,2.21,4.9,0.64,11
Tyler Lockett,9502,WR,SEA,16,13,2,1,26.1,18,0,61,0,2,2,41,19.8,3,3,29,1,0,71.7,80.3,77.7,,,82.5,53.7,58.7,18,1,965,57,459,414,1,1,65,69,0,69,42,3.23,5.3,2.1,0
Darrel Williams,13014,HB,KC,6,13,2,0,0.0,0,0,44,0,0,2,30,28.8,0,3,16,0,2,75.4,73.7,78.4,,73.4,64.9,73.8,60.0,8,0,27,3,19,18,0,0,3,16,0,44,30,2.31,3.4,1.42,11
Chase Daniel,5214,QB,CHI,5,13,0,0,0.0,0,0,-3,0,0,0,2,0.0,0,1,6,4,2,25.1,57.6,24.7,67.7,,89.1,26.3,60.0,4,2,8,1,3,50,6,2,1,12,0,3,2,0.15,0.2,2.67,3
Corey Grant,9827,HB,JAX,5,13,2,0,0.0,0,0,40,0,4,2,37,77.6,0,1,15,0,4,77.0,67.9,80.1,,73.7,86.7,53.2,59.2,8,0,67,9,43,19,0,0,10,22,0,40,37,2.85,3.1,1.56,6
DJ Moore,48267,WR,CAR,16,13,6,5,68.6,118,0,172,4,17,6,101,266.7,7,4,5,3,1,21.4,71.8,48.3,,64.9,73.7,56.1,56.1,32,3,781,54,432,271,0,0,76,67,0,172,101,7.77,13.2,1.81,3
Teddy Bridgewater,8667,QB,NO,5,11,1,0,0.0,0,0,-6,0,0,0,0,0.0,0,1,20,0,0,79.1,58.4,79.5,59.4,,,55.6,60.9,9,0,0,0,0,42,11,3,0,8,0,5,21,1.91,0.5,,0
Benny Cunningham,8283,HB,CHI,9,11,0,0,0.0,0,0,20,0,0,0,24,0.0,0,0,6,0,2,78.5,45.5,77.6,,52.0,65.8,44.6,60.0,6,0,9,1,8,21,0,0,2,12,0,20,24,2.18,1.8,1.13,8
Travaris Cadet,7457,HB,CAR,1,11,0,0,0.0,0,0,17,0,0,0,19,0.0,0,0,5,0,4,74.1,46.8,74.7,,80.0,58.9,45.4,,5,0,5,1,9,11,0,0,1,12,0,17,19,1.73,1.5,0.56,7
Mike Boone,31615,HB,MIN,6,11,4,1,42.6,20,0,47,1,0,4,39,109.1,2,2,18,0,6,74.8,51.8,78.5,,5.2,41.0,62.0,60.0,20,0,1,2,22,13,0,0,3,13,0,47,39,3.55,4.3,0.05,5
Detrez Newsome,45695,HB,LAC,3,11,1,1,32.7,16,0,49,0,1,1,39,54.5,2,3,27,0,5,74.4,80.3,74.8,,73.1,70.5,78.5,60.0,16,0,19,2,14,14,0,0,2,13,0,49,39,3.55,4.5,1.36,4
Brian Hoyer,5277,QB,NE,5,11,0,0,0.0,0,0,-8,0,0,0,0,0.0,0,1,19,0,0,74.4,64.9,75.9,55.5,,,67.3,60.0,2,0,0,0,0,25,0,0,0,11,0,-8,0,0.0,-0.7,,0
Brandin Cooks,8655,WR,LA,16,10,0,1,25.0,17,0,68,1,7,0,14,10.9,2,5,26,1,0,55.7,79.7,91.2,,,80.5,55.0,58.4,17,2,1204,80,583,369,0,0,110,90,1,68,14,1.4,6.8,2.07,0
Nathan Peterman,11926,QB,BUF,4,10,1,0,0.0,0,0,2,0,0,0,0,0.0,1,4,4,0,0,85.5,32.9,82.1,31.6,,,58.9,60.0,24,1,0,0,0,42,48,8,0,2,1,50,32,3.2,5.0,,0
Isaiah McKenzie,11927,WR,BUF,8,10,1,2,45.5,30,0,66,1,5,1,14,30.0,3,4,4,0,0,51.3,67.0,82.6,,,66.4,63.8,57.4,15,0,179,18,144,66,0,0,29,28,2,66,14,1.4,6.6,1.24,0
Stefon Diggs,9579,WR,MIN,15,10,0,1,32.3,20,0,62,1,12,0,13,13.9,2,3,18,0,1,84.5,81.1,65.7,,66.3,81.0,65.4,60.3,20,4,1021,102,595,247,0,0,141,112,0,62,13,1.3,6.2,1.72,0
Colt McCoy,5609,QB,WAS,3,10,3,0,0.0,0,0,8,0,0,1,4,44.4,3,4,32,1,0,46.0,60.1,80.7,51.2,,,87.4,60.0,15,0,0,0,0,28,55,7,0,3,0,63,46,4.6,6.3,,1
Nick Foles,7089,QB,PHI,5,9,0,0,0.0,0,0,11,0,0,0,3,0.0,0,6,24,4,0,41.3,73.8,31.2,71.1,,90.6,70.5,60.1,4,3,10,1,1,135,6,2,1,8,0,17,6,0.67,1.9,10.0,1
Zach Line,8420,FB,NO,16,9,1,0,0.0,0,0,41,3,0,1,23,18.3,0,6,20,0,4,74.9,61.0,32.5,,55.8,33.5,79.3,72.0,9,1,14,5,65,140,0,0,10,14,0,41,23,2.56,4.6,0.22,0
Dede Westbrook,11865,WR,JAX,16,9,3,2,64.3,63,0,98,6,8,3,20,32.6,4,5,15,2,0,43.8,71.3,76.5,60.0,61.6,70.0,84.9,50.6,43,3,717,66,554,227,0,0,96,75,0,98,20,2.22,10.9,1.29,0
Jeremy Langford,9539,HB,ATL,1,9,1,0,0.0,0,0,25,0,0,1,20,24.7,0,1,2,0,2,72.7,54.4,71.1,,68.8,54.8,55.8,,7,0,0,0,6,9,0,0,0,9,0,25,20,2.22,2.8,0.0,7
Keenan Allen,7857,WR,LAC,16,9,2,3,85.3,64,0,75,3,7,2,23,21.7,3,4,27,2,0,61.7,90.3,51.7,37.7,,90.5,70.2,75.4,28,5,1196,97,478,284,0,0,125,106,0,75,23,2.56,8.3,2.5,0
Julian Edelman,5156,WR,NE,12,9,0,4,65.4,70,1,107,8,5,0,24,16.1,5,7,19,0,0,87.5,75.2,48.7,61.6,,74.1,78.3,67.3,20,5,850,74,436,287,0,0,105,83,0,107,24,2.67,11.9,1.95,0
Alex Armah,11948,FB,CAR,16,9,0,0,0.0,0,0,15,0,0,0,11,0.0,0,3,5,0,0,73.1,62.7,82.6,,81.3,54.2,63.1,59.4,4,0,5,1,13,89,0,0,1,10,2,15,11,1.22,1.7,0.38,0
Taquan Mizzell Sr.,45675,HB,CHI,9,9,0,0,0.0,0,0,16,0,0,0,20,0.0,0,0,6,0,2,78.2,64.0,83.0,,33.1,77.7,51.2,37.5,7,0,78,8,43,21,0,0,10,17,0,16,20,2.22,1.8,1.81,6
Taylor Gabriel,9002,WR,CHI,16,9,0,1,32.8,20,2,61,2,6,0,21,18.4,2,3,6,1,0,51.6,68.9,41.9,,65.3,69.8,62.4,59.0,20,4,688,67,481,314,0,0,91,76,0,61,21,2.33,6.8,1.43,0
Jimmy Garoppolo,8697,QB,SF,3,8,2,0,0.0,0,0,0,0,0,0,0,0.0,1,2,28,4,0,33.3,62.6,83.2,60.5,,,63.2,60.0,13,0,0,0,0,81,33,5,0,3,0,33,26,3.25,4.1,,0
Brock Osweiler,7059,QB,MIA,7,8,0,0,0.0,0,0,0,0,0,0,0,0.0,0,1,17,1,0,90.1,52.7,56.8,53.4,,60.0,50.9,60.6,7,1,0,0,1,129,21,4,0,4,0,21,18,2.25,2.6,0.0,0
Geno Smith,7820,QB,LAC,5,8,0,0,0.0,0,0,-7,0,0,0,0,0.0,0,0,27,1,0,13.9,20.6,0.0,17.2,,,59.2,60.0,9,1,0,0,0,25,9,1,0,7,0,2,0,0.0,0.3,,0
Curtis Samuel,11795,WR,CAR,13,8,2,2,69.0,58,0,84,3,9,2,24,70.2,3,3,5,0,1,44.4,71.5,46.3,,,71.9,77.2,44.4,33,2,494,39,298,149,0,0,62,47,2,84,24,3.0,10.5,1.66,1
Brandon Bolden,7469,HB,MIA,6,8,2,1,59.3,54,0,79,0,0,2,12,34.3,3,4,17,1,2,20.9,76.2,74.3,,,75.5,73.5,38.3,54,0,13,3,11,14,12,1,3,10,2,91,12,1.5,11.4,1.18,5
Albert Wilson,8943,WR,MIA,7,8,2,0,0.0,0,0,16,1,9,2,18,72.8,0,2,17,0,1,78.8,82.5,86.6,71.0,61.6,82.7,50.4,75.3,5,1,391,26,129,87,0,0,36,34,0,16,18,2.25,2.0,3.03,4
Roc Thomas,27875,HB,MIN,5,8,2,1,76.7,23,0,30,0,0,2,14,35.0,1,2,18,0,5,73.6,58.5,76.1,,,46.9,64.8,58.5,23,0,21,2,18,11,0,0,3,10,0,30,14,1.75,3.8,1.17,2
Kyle Juszczyk,7912,FB,SF,16,8,1,0,0.0,0,0,30,1,4,1,19,31.2,1,2,28,2,2,22.4,69.1,50.7,,73.2,65.5,49.6,72.8,12,4,324,30,261,291,0,0,37,38,0,30,19,2.38,3.8,1.24,3
Samaje Perine,11869,HB,WAS,4,8,2,0,0.0,0,0,32,0,0,2,23,52.3,1,2,32,0,1,73.2,66.9,76.5,,75.7,56.8,70.4,60.0,11,0,5,3,19,10,0,0,3,11,0,32,23,2.88,4.0,0.26,6
David Williams,45732,HB,JAX,4,8,0,1,41.7,15,0,36,0,0,0,15,0.0,2,3,15,0,1,72.7,56.7,72.3,,3.6,55.0,61.1,60.0,15,0,0,0,8,11,0,0,0,8,0,36,15,1.88,4.5,0.0,6
Sean Mannion,9522,QB,LA,3,7,0,0,0.0,0,0,-9,0,0,0,1,0.0,0,1,26,0,0,72.8,62.4,76.8,62.8,,,58.5,60.0,3,0,0,0,0,33,0,0,0,7,0,-9,1,0.14,-1.3,,0
Mike Williams,11762,WR,LAC,16,7,3,1,67.9,19,0,28,2,4,3,13,26.0,2,2,27,0,0,80.0,81.8,88.1,,,81.3,70.3,55.9,19,0,664,43,382,214,0,0,64,50,1,28,13,1.86,4.0,1.74,0
Elijhaa Penny,11300,FB,NYG,13,7,2,0,0.0,0,0,25,0,1,2,15,42.9,0,2,21,0,1,74.2,68.6,0.0,,74.5,76.8,63.0,63.2,8,1,50,8,24,74,0,0,9,15,0,25,15,2.14,3.6,2.08,4
Mohamed Sanu,7084,WR,ATL,16,7,0,1,54.5,24,0,44,1,11,0,12,25.8,2,5,2,2,2,31.2,71.6,62.1,53.4,,70.7,67.7,73.4,24,2,838,66,565,231,0,0,91,73,0,44,12,1.71,6.3,1.48,5
Travis Benjamin,7100,WR,LAC,12,7,2,1,46.3,19,0,41,2,2,2,14,42.1,2,2,27,0,0,79.9,61.4,84.8,,,61.6,56.4,58.3,19,0,186,12,181,86,0,0,23,19,0,41,14,2.0,5.9,1.03,0
Jacoby Brissett,10725,QB,IND,4,7,0,0,0.0,0,0,-7,0,0,0,0,0.0,0,0,14,0,0,73.2,57.8,74.3,54.8,,,61.9,60.0,-1,0,0,0,0,14,0,0,0,7,0,-7,0,0.0,-1.0,,0
D'Onta Foreman,11844,HB,HST,1,7,1,0,0.0,0,0,-1,0,0,1,3,4.8,0,0,13,1,4,18.0,37.3,74.7,,76.2,62.6,29.1,60.0,2,0,28,2,20,8,0,0,2,9,0,-1,3,0.43,-0.1,1.4,2
Ryan Switzer,11888,WR,PIT,16,6,0,0,0.0,0,0,21,2,2,0,15,11.9,0,0,25,0,3,90.3,63.0,84.3,,,62.4,65.2,53.8,8,0,253,36,242,42,0,0,44,42,0,21,15,2.5,3.5,1.05,3
Jonathan Stewart,4327,HB,NYG,3,6,0,0,0.0,0,0,17,0,0,0,12,0.0,0,0,21,0,3,70.6,52.8,74.9,,77.8,53.9,52.7,,5,0,0,0,9,6,0,0,0,6,0,17,12,2.0,2.8,0.0,3
DeSean Jackson,4363,WR,TB,12,6,0,0,0.0,0,1,29,2,2,0,7,5.0,1,2,30,0,0,81.0,79.4,48.2,,,80.8,47.5,60.7,14,2,774,41,341,91,0,0,72,47,1,29,7,1.17,4.8,2.27,0
Jamaal Charles,4387,HB,JAX,2,6,0,0,0.0,0,0,7,1,0,0,7,0.0,0,0,15,0,1,71.6,48.8,73.3,,74.1,32.0,55.0,60.0,5,0,7,2,11,8,0,0,3,8,0,7,7,1.17,1.2,0.64,5
James Develin,6142,FB,NE,16,6,0,0,0.0,0,0,8,0,0,0,4,0.0,0,5,19,0,0,75.3,56.8,54.6,,75.1,55.2,71.2,55.0,2,1,61,12,101,276,0,0,17,18,4,8,4,0.67,1.3,0.6,0
Blaine Gabbert,6162,QB,TEN,8,6,0,0,,0,1,0,0,0,0,0,0.0,0,2,31,0,0,86.4,33.6,41.6,35.2,,56.7,49.8,61.8,1,3,0,0,2,94,0,0,0,6,0,0,0,0.0,0.0,0.0,0
Tavon Austin,7789,WR,DAL,7,6,1,2,60.0,33,0,55,0,3,1,24,114.3,3,3,9,0,0,81.7,72.6,81.9,,,72.1,60.5,71.3,18,0,140,8,70,39,0,0,12,14,0,55,24,4.0,9.2,2.0,0
Darius Jackson,10850,HB,DAL,1,6,1,0,0.0,0,0,16,0,0,1,12,33.3,0,0,9,0,1,74.7,47.6,71.9,,17.9,53.8,52.1,,4,0,0,0,6,7,0,0,0,6,0,16,12,2.0,2.7,0.0,5
Brandon Wilds,11057,HB,JAX,3,6,0,0,0.0,0,0,15,0,0,0,7,0.0,0,0,15,0,1,70.6,42.9,70.3,,5.1,58.0,50.7,,5,0,0,0,2,6,0,0,0,6,0,15,7,1.17,2.5,0.0,5
C.J. Ham,11347,FB,MIN,15,6,0,0,0.0,0,0,8,1,5,0,6,29.4,0,1,18,0,1,74.6,50.9,83.2,,84.1,52.7,53.3,48.8,5,0,85,11,59,68,0,0,14,17,0,8,6,1.0,1.3,1.44,1
Corey Davis,11760,WR,TEN,16,6,1,1,70.9,39,0,55,4,8,1,18,38.0,2,2,31,1,0,48.2,76.4,79.4,,,75.8,54.1,72.5,39,2,891,65,486,356,0,0,108,71,0,55,18,3.0,9.2,1.83,0
Shaun Wilson,45993,HB,TB,5,6,0,0,0.0,0,0,29,0,0,0,10,0.0,0,0,30,0,1,76.6,58.0,79.7,,,58.0,58.1,,9,0,5,3,16,6,0,0,5,9,0,29,10,1.67,4.8,0.31,4
Anthony Miller,48160,WR,CHI,15,6,1,0,0.0,0,0,26,4,2,1,8,10.3,0,0,6,1,0,80.9,60.4,23.0,60.0,,61.6,56.9,61.0,9,6,423,33,361,191,0,0,54,39,0,26,8,1.33,4.3,1.17,0
Adam Thielen,8288,WR,MIN,16,5,1,1,50.0,15,0,30,5,6,1,21,24.9,1,1,18,1,1,62.9,89.4,78.9,,77.7,89.4,68.6,58.3,15,1,1373,113,655,317,0,0,149,118,0,30,21,4.2,6.0,2.1,0
DeShone Kizer,11807,QB,GB,3,5,2,0,0.0,0,0,-1,0,0,0,0,0.0,3,3,12,1,0,31.5,34.2,78.8,29.6,,,76.8,60.0,12,0,0,0,0,12,40,4,0,1,0,39,21,4.2,7.8,,0
Josh McCown,1085,QB,NYJ,4,5,0,0,0.0,0,0,0,0,0,0,,100.0,2,2,22,0,0,86.6,47.0,83.1,45.5,,,65.9,60.0,12,0,0,0,0,65,32,5,0,0,0,32,7,1.4,6.4,,0
Chris Moore,10741,WR,BLT,16,5,1,0,0.0,0,0,17,0,1,1,11,18.3,0,1,3,0,0,82.9,60.0,67.0,,,59.6,55.9,64.7,9,1,196,19,207,252,0,0,25,24,0,17,11,2.2,3.4,0.95,0
Kyle Allen,26152,QB,CAR,2,5,0,0,0.0,0,0,2,0,0,0,1,0.0,1,2,5,0,0,79.2,73.8,79.2,73.2,,,61.5,60.0,10,0,0,0,0,30,17,3,0,2,1,19,6,1.2,3.8,,1
Sammy Watkins,8639,WR,KC,10,5,5,1,59.6,31,0,52,2,8,5,45,260.0,2,2,16,1,0,34.6,73.5,87.1,,69.0,74.2,53.0,55.1,31,2,519,40,286,151,0,0,53,45,0,52,45,9.0,10.4,1.81,0
Odell Beckham Jr.,8647,WR,NYG,12,5,0,0,0.0,0,0,19,3,20,0,10,48.8,2,2,21,0,0,84.7,90.0,62.0,83.3,,89.9,49.8,71.1,11,2,1052,77,465,227,0,0,119,82,0,19,10,2.0,3.8,2.26,0
Taylor Heinicke,9896,QB,CAR,6,5,0,0,0.0,0,0,12,0,0,0,14,0.0,2,2,5,1,1,82.6,46.2,80.3,43.8,,,70.6,60.0,19,0,0,0,0,25,19,1,0,4,0,31,14,2.8,6.2,,0
Calvin Ridley,48262,WR,ATL,16,5,1,0,0.0,0,1,24,8,3,1,15,17.4,0,1,2,2,0,24.6,68.8,72.8,,,70.5,30.5,63.5,9,1,821,64,465,152,0,0,91,69,0,24,15,3.0,4.8,1.77,0
Emmanuel Sanders,5606,WR,DEN,12,4,0,2,100.0,53,1,53,4,7,0,7,16.3,2,2,10,1,0,82.2,81.1,56.4,73.4,73.4,80.1,60.5,72.8,35,3,868,71,409,215,0,0,97,75,1,53,7,1.75,13.3,2.12,0
Rob Kelley,11090,HB,WAS,2,4,0,0,0.0,0,0,8,0,0,0,8,0.0,0,1,32,0,1,68.6,53.4,70.9,,25.3,,57.5,58.4,6,0,0,0,0,8,0,0,0,4,0,8,8,2.0,2.0,,2
A.J. McCarron,8799,QB,OAK,2,4,0,0,0.0,0,0,2,0,0,0,3,0.0,0,0,23,1,0,18.7,37.2,72.9,54.2,,,40.9,60.0,4,0,0,0,0,8,0,0,0,4,0,2,3,0.75,0.5,,1
Robert Turbin,7106,HB,IND,2,4,0,0,0.0,0,0,10,0,0,0,7,0.0,0,0,14,1,3,16.6,41.0,76.5,,69.2,55.7,35.7,60.0,5,0,3,1,15,5,0,0,1,5,0,10,7,1.75,2.5,0.2,1
Joshua Dobbs,11890,QB,PIT,5,4,0,0,0.0,0,0,-4,0,0,0,0,0.0,1,2,25,0,0,74.2,66.7,76.1,59.1,,,72.6,60.0,10,0,0,0,0,16,15,2,0,2,0,11,1,0.25,2.8,,0
Marquise Goodwin,7859,WR,SF,11,4,0,0,0.0,0,0,9,1,2,0,4,7.4,0,0,28,1,0,20.1,62.7,87.1,,,63.8,43.9,58.8,5,1,395,23,249,172,0,0,41,27,0,9,4,1.0,2.3,1.59,0
Jeremy Hill,8690,HB,NE,1,4,0,0,0.0,0,0,25,0,0,0,6,0.0,1,1,19,0,4,69.4,66.3,69.2,,74.1,61.9,65.1,60.0,11,0,6,1,4,6,0,0,1,5,0,25,6,1.5,6.3,1.5,0
Cooper Kupp,11824,WR,LA,8,4,0,0,0.0,0,0,25,2,6,0,10,34.1,2,3,26,0,0,80.6,77.3,85.1,,79.9,79.1,49.8,59.7,12,0,566,40,250,168,0,0,49,44,0,25,10,2.5,6.3,2.26,0
David Fluellen,9184,HB,TEN,2,4,0,0,0.0,0,0,16,0,0,0,7,0.0,1,1,31,0,0,68.6,52.7,68.4,,72.4,59.7,53.7,,13,0,0,0,1,4,0,0,0,4,0,16,7,1.75,4.0,0.0,4
Jamison Crowder,9538,WR,WAS,9,4,1,1,83.3,25,0,30,3,2,1,5,11.4,1,1,32,0,1,79.1,60.9,87.1,,,61.4,63.0,44.1,25,1,388,29,266,138,0,0,44,33,0,30,5,1.25,7.5,1.46,0
Derek Watt,10832,FB,LAC,16,4,1,0,0.0,0,0,11,0,0,1,7,35.0,0,1,27,0,1,70.3,64.4,82.1,,81.1,52.1,73.6,58.8,8,0,2,1,24,116,0,0,1,5,0,11,7,1.75,2.8,0.08,0
John Ross,11764,WR,CIN,13,4,0,0,0.0,0,0,9,7,3,0,7,21.0,0,0,7,0,0,76.0,49.4,72.5,,,50.6,52.1,44.3,7,2,210,21,368,202,0,0,55,25,0,9,7,1.75,2.3,0.57,0
Phillip Dorsett,9462,WR,NE,16,4,0,1,58.6,17,0,29,2,5,0,8,27.8,2,2,19,0,0,77.8,67.0,86.4,,,65.8,61.7,67.4,17,0,290,32,228,162,0,0,43,36,0,29,8,2.0,7.3,1.27,0
Breshad Perriman,9459,WR,CLV,10,4,0,0,0.0,0,1,2,0,2,0,2,5.0,0,0,8,0,0,75.4,70.9,7.0,,,76.0,46.6,43.3,7,3,340,16,134,73,0,0,25,20,0,2,2,0.5,0.5,2.54,0
Golden Tate,5585,WR,PHI,15,4,0,1,88.2,30,0,34,7,23,0,10,73.7,1,1,24,2,0,29.6,70.1,71.1,,,69.8,51.6,70.1,30,2,795,74,401,183,0,0,105,78,0,34,10,2.5,8.5,1.98,0
J.J. Nelson,9592,WR,ARZ,14,4,0,0,,0,0,0,1,1,0,7,15.9,0,0,1,0,0,72.4,48.9,84.4,,,48.9,51.6,65.7,8,0,64,7,131,74,0,0,19,11,0,0,7,1.75,0.0,0.49,0
Evan Engram,11778,TE,NYG,11,3,2,0,0.0,0,0,36,3,6,2,20,111.1,3,3,21,0,0,79.5,76.3,86.8,,70.4,75.7,71.9,60.6,14,2,577,45,315,126,0,0,63,48,0,36,20,6.67,12.0,1.83,0
J.D. McKissic,11047,HB,SEA,5,3,0,0,0.0,0,0,8,1,0,0,2,0.0,0,0,29,0,1,69.8,57.2,72.3,,,70.6,49.1,60.0,6,0,0,0,4,4,0,0,1,3,0,8,2,0.67,2.7,0.0,1
Byron Marshall,11076,HB,WAS,6,3,0,0,0.0,0,0,9,0,0,0,4,0.0,0,0,32,0,1,75.6,56.5,78.0,,23.8,66.8,47.7,74.0,4,0,30,4,29,7,0,0,6,7,0,9,4,1.33,3.0,1.03,2
Martavis Bryant,8753,WR,OAK,8,3,1,1,73.9,17,1,23,2,5,1,9,81.8,1,1,23,1,0,25.4,63.7,84.6,,,62.0,64.3,69.3,17,2,266,19,145,67,0,0,26,22,0,23,9,3.0,7.7,1.83,0
Eric Ebron,8645,TE,IND,16,3,0,0,0.0,0,1,-8,5,3,0,-6,-8.7,0,1,14,1,0,47.8,67.4,41.2,54.8,72.6,71.8,34.6,48.1,2,5,750,66,453,138,0,0,108,69,1,-8,-6,-2.0,-2.7,1.66,0
Ted Ginn Jr.,3625,WR,NO,5,3,1,1,76.9,20,0,26,2,1,1,4,13.3,1,1,20,1,0,26.4,67.2,0.8,,,68.2,58.0,70.0,20,2,209,17,141,45,0,0,29,20,0,26,4,1.33,8.7,1.48,0
Maxx Williams,9488,TE,BLT,13,3,0,0,0.0,0,1,8,0,1,0,3,5.3,0,2,3,0,0,74.6,69.7,29.9,,70.9,67.5,62.9,69.7,7,4,143,16,84,234,0,0,16,19,0,8,3,1.0,2.7,1.7,0
Alex Erickson,11107,WR,CIN,15,3,0,0,0.0,0,1,22,1,0,0,8,0.0,1,1,7,0,1,89.7,59.1,60.4,,65.7,57.2,70.0,68.0,14,1,167,20,222,123,0,0,28,23,0,22,8,2.67,7.3,0.75,0
Matt Barkley,7880,QB,BUF,1,3,0,0,0.0,0,0,-2,0,0,0,0,0.0,0,0,4,0,0,77.4,61.6,79.4,61.3,,,57.9,60.0,0,0,0,0,0,47,0,0,0,3,0,-2,0,0.0,-0.7,,0
Seth Roberts,9079,WR,OAK,15,3,0,0,0.0,0,0,5,3,6,0,2,8.3,1,1,23,0,0,79.4,62.1,57.2,,70.9,61.8,54.8,67.3,11,5,494,45,375,168,0,0,60,48,0,5,2,0.67,1.7,1.32,0
John Brown,8726,WR,BLT,16,3,0,0,0.0,0,0,4,7,1,0,5,3.7,0,0,3,0,0,79.0,65.9,90.1,,,66.5,46.4,52.9,3,1,715,42,479,243,0,0,91,45,0,4,5,1.67,1.3,1.49,0
Jarvis Landry,8698,WR,CLV,16,3,1,1,85.0,51,1,60,6,7,1,27,85.7,1,2,8,1,2,56.8,74.7,78.3,87.2,38.5,70.8,77.0,81.4,51,3,976,81,596,310,0,0,137,84,1,60,27,9.0,20.0,1.64,0
Nelson Agholor,9453,WR,PHI,16,3,0,1,50.0,16,0,32,4,11,0,18,98.5,2,2,24,1,1,49.4,64.8,68.2,68.5,66.2,64.0,62.7,63.2,16,2,736,64,599,348,0,0,90,67,0,32,18,6.0,10.7,1.23,0
Tre Madden,11286,FB,SEA,14,3,0,0,0.0,0,0,3,0,0,0,2,0.0,0,1,29,0,0,69.0,72.8,78.2,,50.6,62.3,63.4,74.8,2,0,35,2,23,55,0,0,3,5,0,3,2,0.67,1.0,1.52,0
Tim Patrick,12087,WR,DEN,16,3,2,0,0.0,0,2,17,4,3,2,5,32.1,2,2,10,2,0,26.6,60.2,64.5,,62.0,60.0,63.5,57.3,13,3,315,23,245,131,0,0,40,26,0,17,5,1.67,5.7,1.29,0
Keke Coutee,47698,WR,HST,6,3,0,0,,0,0,0,3,2,0,5,10.8,0,0,13,0,1,77.0,64.7,82.8,,62.4,65.1,52.7,58.9,3,0,287,28,167,89,0,0,38,31,0,0,5,1.67,0.0,1.72,1
Jonathan Williams,10790,HB,IND,3,3,0,0,,0,0,0,0,0,0,2,0.0,0,0,14,0,2,68.2,58.9,71.2,,76.2,56.5,52.7,72.5,1,0,1,1,10,4,0,0,1,4,0,0,2,0.67,0.0,0.1,1
Sterling Shepard,10674,WR,NYG,16,3,1,1,81.8,27,3,33,8,6,1,11,37.2,1,1,21,0,0,81.4,67.3,26.1,,42.3,66.2,66.5,82.5,27,6,872,66,600,307,0,0,102,69,0,33,11,3.67,11.0,1.45,0
Christian Kirk,47546,WR,ARZ,12,3,0,1,65.7,23,0,35,3,4,0,3,8.7,1,2,1,0,0,87.0,70.3,87.8,,,70.1,62.5,55.1,23,0,590,43,344,178,0,0,65,46,0,35,3,1.0,11.7,1.72,0
De'Angelo Henderson Sr.,11958,HB,NYJ,1,2,0,0,0.0,0,0,19,0,0,0,2,0.0,1,0,22,1,0,13.4,43.8,66.2,,,59.9,48.1,,13,0,0,0,1,2,0,0,0,2,0,19,2,1.0,9.5,0.0,2
Marvin Hall,11440,WR,ATL,16,2,0,0,,0,1,0,1,0,0,1,0.0,0,0,2,0,0,83.1,55.9,84.1,,,56.8,53.2,52.5,3,2,149,10,117,63,0,0,19,12,0,0,1,0.5,0.0,1.27,0
Justin Davis,12202,HB,LA,2,2,0,1,100.0,19,0,19,0,0,0,3,0.0,1,1,26,0,0,65.2,52.8,68.8,,,56.1,55.7,,19,0,0,0,3,2,0,0,0,2,0,19,3,1.5,9.5,0.0,2
Zach Pascal,12303,WR,IND,16,2,0,0,0.0,0,0,10,1,1,0,2,3.4,0,0,14,0,0,81.3,60.9,51.7,,45.6,59.3,55.5,77.5,8,4,268,27,266,237,0,0,44,29,0,10,2,1.0,5.0,1.01,0
Christine Michael,7843,HB,IND,1,2,1,0,0.0,0,0,9,0,0,1,9,225.0,0,0,14,0,2,65.2,63.5,67.0,,,60.0,62.7,,8,0,0,0,0,2,0,0,0,2,0,9,9,4.5,4.5,,0
Clayton Fejedelem,10879,S,CIN,2,2,0,0,0.0,0,0,6,0,0,0,4,0.0,0,1,7,1,0,13.4,44.0,65.7,,,,41.8,,6,0,0,0,0,2,0,0,0,2,0,6,4,2.0,3.0,,0
Derrick Coleman,7377,FB,ARZ,16,2,0,0,0.0,0,0,3,0,1,0,2,25.0,0,0,1,0,0,67.8,67.8,78.6,,77.9,70.5,56.7,66.1,2,0,17,2,10,63,0,0,3,4,0,3,2,1.0,1.5,1.7,0
Jarius Wright,7118,WR,CAR,16,2,0,1,87.2,34,0,39,3,6,0,2,13.3,1,1,5,3,0,19.5,63.7,67.8,,,63.0,71.7,58.7,34,1,447,43,387,120,0,0,57,45,0,39,2,1.0,19.5,1.16,0
Amari Cooper,9437,WR,DAL,15,2,1,0,0.0,0,1,20,5,4,1,19,61.7,1,1,9,2,0,28.4,77.9,89.3,,,76.5,71.7,64.8,11,1,1005,75,544,251,0,0,102,77,0,20,19,9.5,10.0,1.85,0
Gerald Everett,11799,TE,LA,16,2,1,0,0.0,0,0,16,1,5,1,6,51.4,1,1,26,0,0,78.2,82.4,85.6,,63.1,79.7,68.1,76.3,12,0,320,33,247,102,0,0,48,35,0,16,6,3.0,8.0,1.3,0
Nate Sudfeld,10821,QB,PHI,2,2,0,0,0.0,0,0,-2,0,0,0,0,0.0,0,0,24,0,0,67.8,49.4,72.6,47.5,,,60.0,60.0,-1,0,0,0,0,9,0,0,0,2,0,-2,0,0.0,-1.0,,0
Maurice Harris,11035,WR,WAS,12,2,0,0,0.0,0,0,10,1,0,0,2,0.0,0,1,32,0,1,79.2,55.9,67.6,,,56.0,50.2,61.6,6,1,304,28,288,163,0,0,44,30,0,10,2,1.0,5.0,1.06,0
Dwayne Harris,6328,WR,OAK,12,2,1,0,0.0,0,0,12,0,3,1,7,175.0,1,1,23,1,0,31.9,61.6,80.1,,,60.4,61.2,61.4,13,0,40,6,27,27,0,0,6,8,0,12,7,3.5,6.0,1.48,0
Jourdan Lewis,11846,CB,DAL,6,2,1,0,0.0,0,0,12,0,0,1,2,50.0,0,0,9,0,0,69.4,67.6,72.0,,,57.0,68.1,60.0,7,0,0,0,4,4,0,0,1,2,0,12,2,1.0,6.0,0.0,0
Julio Jones,6158,WR,ATL,16,2,1,0,0.0,0,0,12,8,11,1,16,83.5,1,1,2,2,0,38.6,90.9,78.6,,,90.7,59.1,63.1,11,1,1677,113,572,213,0,0,166,115,0,12,16,8.0,6.0,2.93,0
Andre Roberts,5612,WR,NYJ,13,2,0,1,90.0,18,0,20,2,3,0,4,50.0,1,1,22,0,0,50.1,58.1,83.3,,,56.1,61.3,69.5,18,0,79,10,120,74,0,0,18,12,0,20,4,2.0,10.0,0.66,0
Tyrell Williams,10154,WR,LAC,16,2,0,0,0.0,0,0,15,3,2,0,7,16.3,1,1,27,2,0,23.3,66.8,50.4,,66.1,67.8,60.1,56.3,14,4,653,41,462,265,0,0,63,43,0,15,7,3.5,7.5,1.41,0
Sam Bradford,5526,QB,ARZ,3,2,0,0,0.0,0,0,-1,0,0,0,0,0.0,0,1,1,3,0,23.7,41.4,0.0,42.6,,,64.3,60.0,8,2,0,0,0,43,8,1,0,1,0,7,12,6.0,3.5,,0
Charcandrick West,9047,HB,KC,3,2,1,0,0.0,0,0,-1,0,0,1,2,25.0,0,1,16,0,0,67.8,60.7,78.1,,73.4,66.3,55.0,60.0,1,0,37,2,25,4,0,0,3,4,0,-1,2,1.0,-0.5,1.48,2
Josh Reynolds,11872,WR,LA,16,2,0,0,0.0,0,0,8,0,3,0,3,14.5,1,1,26,0,0,77.4,68.9,71.2,,82.2,68.3,59.9,56.1,10,1,402,29,325,244,0,0,49,31,0,8,3,1.5,4.0,1.24,0
Matt Cassel,2447,QB,DET,2,2,0,0,0.0,0,0,-1,0,0,0,0,0.0,1,1,11,0,0,75.7,48.6,75.3,46.4,,,64.5,60.0,14,0,0,0,0,2,14,1,0,1,0,13,21,10.5,6.5,,0
Tommylee Lewis,11231,WR,NO,6,2,1,0,0.0,0,0,10,0,0,1,8,80.0,0,0,20,1,1,24.7,61.4,78.8,,,66.6,44.1,58.2,6,0,60,3,37,31,0,0,3,5,0,10,8,4.0,5.0,1.62,0
Marquez Valdes-Scantling,47809,WR,GB,16,2,0,1,72.4,21,1,29,4,5,0,22,137.5,1,2,12,0,0,78.5,60.4,58.8,,68.0,62.1,68.1,35.6,21,2,581,38,476,184,0,0,67,40,0,29,22,11.0,14.5,1.22,0
Ray-Ray McCloud III,47895,WR,BUF,10,2,0,0,0.0,0,0,4,1,0,0,5,0.0,0,0,4,0,1,23.4,53.9,81.1,,,51.5,61.7,70.3,7,0,36,5,74,41,0,0,6,7,0,4,5,2.5,2.0,0.49,0
Robbie Chosen,11254,WR,NYJ,14,2,0,0,0.0,0,0,-8,3,2,0,2,3.8,0,0,22,2,0,24.8,68.3,30.8,,,70.8,52.2,48.0,1,4,752,50,437,230,0,0,87,52,0,-8,2,1.0,-4.0,1.72,0
Antonio Callaway,48101,WR,CLV,16,2,0,1,214.3,15,0,7,6,3,0,1,3.3,1,1,8,1,0,46.8,64.0,75.7,,,63.1,61.7,65.8,15,3,586,43,490,232,0,0,78,45,0,7,1,0.5,3.5,1.2,0
Adam Humphries,10075,WR,TB,16,2,0,0,0.0,0,1,11,3,9,0,3,17.3,0,0,30,0,1,87.5,75.2,86.5,,,74.0,62.9,67.3,7,1,816,76,567,177,0,0,103,78,0,11,3,1.5,5.5,1.44,0
Tyler Boyd,10689,WR,CIN,14,2,0,0,0.0,0,1,3,3,6,0,3,11.5,0,0,7,0,0,82.3,84.5,61.6,59.7,,85.7,53.6,58.9,5,2,1028,76,500,235,0,0,103,78,0,3,3,1.5,1.5,2.06,0
Jeremy McNichols,11917,HB,TEN,1,2,1,0,0.0,0,0,4,0,0,1,6,150.0,0,1,31,0,2,65.2,63.5,64.4,,,,62.5,,7,0,0,0,0,2,0,0,0,2,0,4,6,3.0,2.0,,0
Paul Richardson Jr.,8680,WR,WAS,7,2,0,0,0.0,0,0,9,0,2,0,4,18.2,0,0,32,0,0,74.8,64.7,85.7,,,64.1,63.1,55.4,7,0,262,20,237,114,0,0,33,22,0,9,4,2.0,4.5,1.11,0
T.J. Logan,11935,HB,ARZ,7,2,0,0,0.0,0,0,2,0,3,0,4,66.7,0,0,1,0,1,78.3,59.9,80.3,,,68.0,51.9,60.0,5,0,37,7,18,3,0,0,7,9,0,2,4,2.0,1.0,2.06,0
Andy Janovich,10810,FB,DEN,16,2,0,0,0.0,0,0,5,0,1,0,2,10.0,0,2,10,0,0,72.7,68.5,41.5,,30.7,71.1,67.7,66.2,3,2,112,8,66,145,0,0,9,10,0,5,2,1.0,2.5,1.7,0
Rod Streater,7416,WR,CLV,2,1,0,0,0.0,0,0,-11,0,0,0,0,0.0,0,0,8,0,0,61.9,50.0,75.8,,,52.9,56.6,60.4,-11,0,0,0,14,9,0,0,0,1,0,-11,0,0.0,-11.0,0.0,0
Roosevelt Nix,10269,FB,PIT,15,1,1,0,0.0,0,0,4,0,0,1,5,100.0,0,0,25,0,0,69.8,71.0,79.5,,,80.0,65.3,58.6,4,0,38,4,22,88,0,0,5,5,0,4,5,5.0,4.0,1.73,0
Jakeem Grant Sr.,10820,WR,MIA,10,1,0,0,0.0,0,1,5,1,2,0,1,9.1,0,0,17,0,0,85.7,70.5,53.7,,,71.0,56.6,68.4,5,3,268,21,164,107,0,0,31,22,0,5,1,1.0,5.0,1.63,0
Darius Jennings,10038,WR,TEN,16,1,0,0,0.0,0,0,2,1,0,0,3,0.0,0,0,31,0,1,82.1,55.5,36.2,72.9,65.7,54.6,59.3,55.1,2,1,101,11,100,70,0,0,15,12,0,2,3,3.0,2.0,1.01,0
J.J. Jones,66921,WR,NYJ,2,1,0,0,,0,0,0,0,0,0,2,0.0,0,0,22,0,0,22.3,52.4,69.5,,,60.7,56.5,60.0,0,0,3,1,2,3,0,0,1,2,0,0,2,2.0,0.0,1.5,0
Riley Dixon,10862,P,NYG,1,1,0,0,0.0,0,0,14,0,0,0,0,0.0,1,1,21,0,0,61.9,60.0,65.7,,,,60.0,,14,0,0,0,0,1,0,0,0,1,0,14,0,0.0,14.0,,0
Chester Rogers,10918,WR,IND,16,1,0,0,0.0,0,1,-4,7,5,0,0,0.0,0,0,14,0,0,89.7,63.3,71.4,,,63.7,56.6,57.0,-4,4,485,53,398,174,0,0,71,54,0,-4,0,0.0,-4.0,1.22,0
Eli Rogers,9878,WR,PIT,3,1,0,0,0.0,0,0,-4,0,1,0,4,30.8,0,0,25,1,0,22.0,61.6,10.6,,,63.3,56.6,63.1,-4,1,79,12,77,25,0,0,13,13,0,-4,4,4.0,-4.0,1.03,0
Courtland Sutton,48164,WR,DEN,16,1,0,0,0.0,0,0,-1,9,6,0,2,27.9,0,0,10,0,0,78.6,64.0,52.0,,,62.6,59.2,82.8,-1,6,704,42,532,245,0,0,79,43,0,-1,2,2.0,-1.0,1.32,0
Marcus Johnson,11074,WR,IND,5,1,1,0,0.0,0,0,-2,1,1,1,2,57.1,0,0,14,0,0,70.9,61.1,80.9,,,61.4,56.6,63.8,-2,0,102,6,65,28,0,0,8,7,0,-2,2,2.0,-2.0,1.57,0
DeAndre Carter,9859,WR,HST,11,1,1,0,0.0,0,0,7,0,1,1,6,52.2,0,0,13,1,0,25.5,64.0,84.2,,,63.6,63.4,51.1,7,0,216,22,170,109,0,0,24,23,0,7,6,6.0,7.0,1.27,0
Darren Waller,9637,TE,OAK,4,1,0,1,100.0,21,0,21,0,2,0,5,142.9,1,1,23,0,0,69.8,70.4,76.0,,64.9,71.2,63.1,52.3,21,0,75,6,29,11,0,0,6,7,0,21,5,5.0,21.0,2.59,0
Matt Schaub,1811,QB,ATL,3,1,0,0,,0,0,0,0,0,0,0,0.0,0,0,2,1,0,17.7,40.1,72.9,55.0,,,45.9,60.0,0,0,-7,1,0,5,0,0,1,2,0,0,0,0.0,0.0,,1
Ameer Abdullah,9487,HB,MIN,6,1,0,0,0.0,0,0,1,0,0,0,1,0.0,0,0,18,0,0,25.4,63.5,74.1,,72.4,68.1,59.7,59.2,1,0,28,3,13,3,0,0,4,4,0,1,1,1.0,1.0,2.15,1
Zay Jones,11792,WR,BUF,16,1,0,0,,0,0,0,3,1,0,4,7.0,0,0,4,1,0,43.7,62.2,77.6,56.0,76.9,60.4,56.2,74.9,0,1,652,56,545,346,0,0,99,57,0,0,4,4.0,0.0,1.2,0
Keith Smith,9302,FB,OAK,16,1,0,0,,0,0,0,1,0,0,0,0.0,0,0,23,0,0,69.1,59.8,81.8,,81.3,57.5,58.9,59.5,0,0,23,5,36,116,0,0,7,6,0,0,0,0.0,0.0,0.64,0
JuJu Smith-Schuster,11817,WR,PIT,16,1,0,0,0.0,0,0,13,6,7,0,1,6.3,1,1,25,1,0,60.6,81.8,77.8,,,81.2,63.1,60.8,13,2,1426,111,684,231,0,0,161,112,0,13,1,1.0,13.0,2.08,0
Trey Burton,9185,TE,CHI,16,1,0,0,0.0,0,0,2,3,1,0,3,5.5,0,1,6,1,1,41.9,69.4,83.4,,65.7,64.4,62.1,79.2,2,4,569,54,490,302,0,0,73,55,0,2,3,3.0,2.0,1.16,0
Kenny Golladay,11851,WR,DET,15,1,0,0,0.0,0,1,8,3,7,0,2,19.7,0,0,11,1,0,49.4,81.0,78.9,,,81.3,63.1,57.6,8,4,1063,70,568,294,0,0,115,71,0,8,2,2.0,8.0,1.87,0
Chad Williams,11853,WR,ARZ,10,1,0,0,0.0,0,0,9,3,0,0,9,0.0,0,0,1,0,0,74.0,53.7,87.3,,65.7,52.7,63.1,58.1,9,0,171,17,284,131,0,0,42,18,0,9,9,9.0,9.0,0.6,0
Willie Snead IV,8999,WR,BLT,16,1,0,0,0.0,0,0,13,5,14,0,1,22.2,1,1,3,0,0,81.4,67.1,75.2,,66.2,66.3,63.0,63.9,13,4,651,62,438,345,0,0,91,63,0,13,1,1.0,13.0,1.49,0
Quincy Enunwa,8843,WR,NYJ,11,1,1,0,,0,0,0,6,9,1,4,102.6,0,0,22,2,0,22.5,68.0,72.4,,67.6,65.9,59.2,83.4,0,2,449,38,321,189,0,0,62,39,0,0,4,4.0,0.0,1.4,0
De'Anthony Thomas,8759,WR,KC,5,1,0,0,0.0,0,0,6,0,0,0,1,0.0,0,0,16,0,0,73.1,75.5,77.8,,,71.0,63.1,83.0,6,0,29,3,25,8,0,0,5,4,0,6,1,1.0,6.0,1.16,0
Bruce Ellington,8741,WR,DET,7,1,0,0,0.0,0,0,2,3,1,0,1,3.1,0,0,11,0,0,78.6,68.3,83.4,60.0,,68.3,56.6,61.7,2,0,224,31,175,84,0,0,42,32,0,2,1,1.0,2.0,1.28,0
Jehu Chesson,11894,WR,WAS,4,1,0,0,0.0,0,0,-4,0,0,0,1,0.0,0,0,32,0,0,67.2,58.0,73.9,,,63.4,56.6,60.0,-4,0,7,1,3,5,0,0,2,2,0,-4,1,1.0,-4.0,2.33,0
George Kittle,11901,TE,SF,16,1,0,0,0.0,0,1,10,6,17,0,1,19.1,1,1,28,0,0,83.1,89.7,61.2,,55.7,90.4,63.1,73.3,10,6,1377,88,489,338,0,0,128,89,0,10,1,1.0,10.0,2.82,0
Allen Robinson II,8696,WR,CHI,13,1,0,0,0.0,0,2,9,2,7,0,4,50.0,0,0,6,1,0,32.9,74.7,50.2,,67.6,75.7,63.1,56.9,9,4,754,55,447,285,0,0,94,56,0,9,4,4.0,9.0,1.69,0
Jamal Agnew,11920,CB,DET,1,1,0,1,100.0,17,0,17,0,0,0,3,0.0,1,1,11,0,0,81.7,69.5,65.4,,,,63.1,59.8,17,0,0,0,0,2,0,0,0,1,0,17,3,3.0,17.0,,0
David Moore,11981,WR,SEA,16,1,2,0,0.0,0,0,5,2,2,2,4,59.3,0,0,29,2,0,21.7,65.4,41.3,,,64.9,63.1,71.0,5,3,445,26,322,274,0,0,50,27,0,5,4,4.0,5.0,1.38,0
Jeff Heath,8396,S,DAL,1,1,0,0,0.0,0,0,3,0,0,0,2,0.0,0,1,9,0,0,61.9,65.0,65.0,,,,63.1,,3,1,0,0,0,1,0,0,0,1,0,3,2,2.0,3.0,,0
Chad Kelly,12008,QB,DEN,1,1,0,0,0.0,0,0,-1,0,0,0,0,0.0,0,0,10,0,0,61.9,60.0,64.6,,,,60.0,,-1,0,0,0,0,1,0,0,0,1,0,-1,0,0.0,-1.0,,0
Rontez Miles,8102,S,NYJ,1,1,0,0,0.0,0,0,4,0,0,0,2,0.0,0,1,22,0,0,61.9,64.9,60.4,,,,63.1,,4,0,0,0,0,1,0,0,0,1,0,4,2,2.0,4.0,,0
Tommy Bohanon,7997,FB,JAX,16,1,0,0,,0,1,0,0,2,0,1,28.6,0,0,15,0,0,70.9,53.8,81.8,,81.5,69.2,60.0,48.9,0,2,41,6,29,117,0,0,8,7,0,0,1,1.0,0.0,1.41,0
DeAndre Hopkins,7808,WR,HST,16,1,0,0,0.0,0,1,-7,0,12,0,0,0.0,0,0,13,2,0,40.5,92.4,91.2,48.9,,92.5,59.2,63.7,-7,2,1572,115,627,411,0,0,159,116,0,-7,0,0.0,-7.0,2.51,0
Johnny Townsend,22261,P,OAK,1,1,0,1,100.0,42,0,42,0,0,0,1,0.0,1,1,23,0,0,61.9,53.8,65.7,,,,56.0,,42,0,0,0,0,1,0,0,0,1,0,42,1,1.0,42.0,,0
Corey Coleman,10649,WR,NYG,8,1,0,0,0.0,0,0,5,1,0,0,2,0.0,0,0,21,0,0,82.3,60.0,82.3,,,60.0,56.6,64.8,5,0,71,5,72,57,0,0,8,6,0,5,2,2.0,5.0,0.99,0
Raven Greene,24750,S,GB,1,1,0,1,100.0,26,0,26,0,0,0,6,0.0,1,1,12,0,0,61.9,65.0,65.0,,,,63.1,,26,1,0,0,0,1,0,0,0,1,0,26,6,6.0,26.0,,0
De'Lance Turner,25681,HB,BLT,2,1,1,0,0.0,0,0,4,0,2,1,5,500.0,0,0,3,0,0,66.2,66.2,73.9,,37.3,68.0,62.8,,4,0,17,2,6,1,0,0,2,3,0,4,5,5.0,4.0,2.83,1
Johnny Hekker,7252,P,LA,5,1,0,0,0.0,0,0,0,0,0,0,,100.0,0,0,26,0,0,68.0,49.4,69.4,56.4,,,55.3,,3,0,0,0,0,0,3,1,0,0,0,3,1,1.0,3.0,,0
Corey Bojorquez,27626,P,BUF,2,1,0,0,,0,0,0,0,0,0,0,0.0,0,0,4,1,0,13.3,28.7,66.5,60.0,,,60.0,,0,0,0,0,0,1,0,0,0,1,0,0,0,0.0,0.0,,0
Akiem Hicks,7090,DI,CHI,3,1,0,0,0.0,0,0,1,0,0,0,0,0.0,0,1,6,0,0,61.9,66.1,68.3,,,56.1,62.3,,1,3,0,0,1,1,0,0,0,1,1,1,0,0.0,1.0,0.0,0
Tavon Wilson,7051,S,DET,1,1,0,0,0.0,0,0,7,0,0,0,0,0.0,0,1,11,0,0,61.9,64.9,60.4,,,,63.1,,7,1,0,0,0,1,0,0,0,1,0,7,0,0.0,7.0,,0
Brandon Weeden,7028,QB,HST,1,1,0,0,0.0,0,0,-1,0,0,0,0,0.0,0,0,13,0,0,61.9,60.0,64.6,,,,60.0,,-1,0,0,0,0,1,0,0,0,1,0,-1,0,0.0,-1.0,,0
Melvin Ingram III,7024,ED,LAC,1,1,0,0,,0,1,0,0,0,0,0,0.0,0,0,27,0,0,61.9,57.3,63.2,,,,60.0,,0,13,0,0,0,1,0,0,0,1,0,0,0,0.0,0.0,,0
Patrick DiMarco,6997,FB,BUF,16,1,0,0,0.0,0,0,9,0,0,0,3,0.0,0,1,4,0,0,67.4,56.5,83.0,,77.5,59.7,62.8,50.4,9,0,62,3,43,112,0,0,4,4,0,9,3,3.0,9.0,1.44,1
Terrelle Pryor Sr.,6944,WR,BUF,8,1,0,0,0.0,0,0,-1,2,1,0,1,5.9,0,0,4,0,0,73.8,56.6,53.3,,,58.2,59.5,44.5,-1,1,252,16,165,101,0,0,27,17,0,-1,1,1.0,-1.0,1.53,1
Nick Bellore,6515,FB,DET,14,1,0,0,,0,0,0,0,0,0,0,0.0,0,0,11,0,0,68.3,59.9,81.9,,82.1,57.4,59.3,60.2,0,0,15,4,27,87,0,0,4,5,0,0,0,0.0,0.0,0.56,0
Michael Dickson,35381,P,SEA,1,1,0,0,0.0,0,0,9,0,0,0,2,0.0,0,1,29,0,0,61.9,53.8,65.7,,,,56.0,,9,0,0,0,0,1,0,0,0,1,0,9,2,2.0,9.0,,0
Trey Quinn,38276,WR,WAS,3,1,0,0,,0,0,0,0,0,0,0,0.0,0,0,32,0,0,76.4,57.3,80.7,,,58.7,56.6,51.6,0,0,75,9,73,31,0,0,10,10,0,0,0,0.0,0.0,1.03,0
Niles Paul,6307,TE,JAX,6,1,0,0,0.0,0,0,-3,2,0,0,2,0.0,0,0,15,0,0,72.6,55.2,80.9,,27.1,56.3,56.2,59.5,-3,0,98,10,67,32,0,0,13,11,0,-3,2,2.0,-3.0,1.46,0
Anthony Sherman,6288,FB,KC,16,1,0,0,0.0,0,0,2,1,2,0,1,22.2,0,1,16,0,0,71.8,80.0,82.6,,74.3,90.2,62.3,61.3,2,0,96,8,30,63,0,0,9,9,0,2,1,1.0,2.0,3.2,0
Luke Stocker,6256,TE,TEN,16,1,0,0,,0,0,0,0,1,0,0,0.0,0,0,31,0,0,73.8,76.1,85.7,,77.9,77.8,58.2,66.6,0,0,165,15,112,297,0,0,21,16,0,0,0,0.0,0.0,1.47,0
Ed Dickson,5595,TE,SEA,10,1,0,0,0.0,0,0,9,0,3,0,8,184.6,0,1,29,0,0,72.2,62.4,85.6,,50.5,65.7,,52.5,9,0,143,12,147,161,0,0,13,13,0,9,8,8.0,9.0,0.97,0
Darrius Heyward-Bey,4930,WR,PIT,14,1,0,0,0.0,0,0,-7,0,0,0,1,0.0,0,0,25,0,0,64.6,55.3,80.2,,,53.9,56.2,76.5,-7,0,9,1,41,35,0,0,2,2,0,-7,1,1.0,-7.0,0.22,0
Mark Sanchez,4928,QB,WAS,2,1,0,0,0.0,0,0,0,0,0,0,,100.0,0,1,32,1,0,28.8,41.8,0.0,41.7,,,63.9,60.0,8,1,0,0,0,22,8,1,0,0,0,8,0,0.0,8.0,,0
Danny Amendola,4717,WR,MIA,15,1,0,0,0.0,0,0,-2,2,2,0,1,3.3,0,0,17,0,0,56.6,66.6,72.6,81.0,61.4,66.1,56.6,55.9,-2,2,575,59,415,239,0,0,75,60,0,-2,1,1.0,-2.0,1.39,0
Chad Henne,4371,QB,KC,1,1,0,0,0.0,0,0,3,0,0,0,2,0.0,0,0,16,0,0,67.4,53.7,73.2,56.1,,,58.3,60.0,3,0,0,0,0,10,0,0,0,1,0,3,2,2.0,3.0,,1
Kyle Lauletta,46452,QB,NYG,2,1,0,0,0.0,0,0,-2,0,0,0,0,0.0,0,0,21,0,0,69.2,27.0,74.6,26.8,,,60.0,60.1,-2,0,0,0,0,14,0,0,0,1,0,-2,0,0.0,-2.0,,0
Jordy Nelson,4350,WR,OAK,15,1,0,0,0.0,0,0,-2,1,3,0,0,0.0,0,0,23,0,0,81.6,70.7,90.0,,73.0,70.2,57.2,62.0,-2,0,739,63,525,284,0,0,86,64,0,-2,0,0.0,-2.0,1.41,0
Hayden Hurst,47294,TE,BLT,12,1,0,0,,0,0,0,0,2,0,2,28.6,0,0,3,0,0,72.9,66.4,85.1,,52.9,69.1,56.6,57.4,0,0,163,13,119,145,0,0,21,14,0,0,2,2.0,0.0,1.37,0
Cameron Batson,47669,WR,TEN,10,1,2,0,0.0,0,0,1,0,1,2,6,200.0,0,1,31,0,0,74.5,62.3,0.0,,,64.1,,58.9,1,2,82,8,109,63,0,0,11,9,0,1,6,6.0,1.0,0.75,0
Equanimeous St. Brown,47967,WR,GB,11,1,1,0,0.0,0,1,5,0,1,1,5,45.5,0,0,12,0,0,75.0,64.3,60.3,,,63.8,56.6,72.0,5,2,328,21,251,93,0,0,34,22,0,5,5,5.0,5.0,1.31,0
Brandon Powell,48036,WR,DET,5,1,0,0,0.0,0,0,4,0,2,0,2,33.3,0,0,11,0,0,75.8,63.0,79.2,,,64.5,59.2,44.7,4,0,129,11,66,31,0,0,17,12,0,4,2,2.0,4.0,1.95,0
Derek Anderson,2430,QB,BUF,2,1,0,0,0.0,0,0,-1,0,0,0,0,0.0,0,0,4,3,0,26.6,47.5,81.3,47.4,,,60.0,61.6,-1,0,0,0,0,41,0,0,0,1,0,-1,0,0.0,-1.0,,0
Dante Pettis,48113,WR,SF,11,1,0,0,0.0,0,0,-2,1,6,0,1,21.4,0,0,28,0,0,80.3,68.5,66.9,,,69.8,56.6,52.5,-2,1,467,27,261,167,0,0,40,28,0,-2,1,1.0,-2.0,1.79,0
C.J. Prosise,10724,HB,SEA,4,1,0,0,0.0,0,0,-3,0,0,0,0,0.0,0,0,29,0,0,67.4,54.6,76.2,,22.8,57.4,59.3,60.0,-3,0,22,3,24,2,0,0,3,4,0,-3,0,0.0,-3.0,0.92,1
Leonte Carroo,10720,WR,MIA,4,1,0,0,0.0,0,0,14,0,0,0,9,0.0,1,1,17,0,0,66.2,76.1,79.7,,,74.0,63.1,61.6,14,0,94,2,25,16,0,0,4,3,0,14,9,9.0,14.0,3.76,0
Tajae Sharpe,10774,WR,TEN,16,1,0,1,100.0,16,0,16,2,1,0,2,7.4,1,1,31,0,0,76.0,61.7,37.3,,67.6,61.6,63.1,64.8,16,3,316,26,328,240,0,0,46,27,0,16,2,2.0,16.0,0.96,0
