player,player_id,position,team_name,player_game_count,avg_depth_of_target,avoided_tackles,caught_percent,contested_catch_rate,contested_receptions,contested_targets,declined_penalties,drop_rate,drops,first_downs,franchise_id,fumbles,grades_hands_drop,grades_hands_fumble,grades_offense,grades_pass_block,grades_pass_route,inline_rate,inline_snaps,interceptions,longest,pass_block_rate,pass_blocks,pass_plays,penalties,receptions,route_rate,routes,slot_rate,slot_snaps,targeted_qb_rating,targets,touchdowns,wide_rate,wide_snaps,yards,yards_after_catch,yards_after_catch_per_reception,yards_per_reception,yprr
Michael Thomas,10681,WR,NO,16,8.2,12,82.8,66.7,20,30,1,3.9,6,92,20,1,90.0,66.9,90.4,,90.7,0.0,0,0,49,0.0,0,639,7,149,93.7,599,31.3,200,123.3,180,9,68.7,439,1725,588,3.9,11.6,2.88
Allen Robinson II,8696,WR,CHI,16,11.7,6,64.1,59.1,26,44,1,3.0,3,63,6,0,90.0,83.5,80.8,65.1,81.1,0.4,3,5,49,0.3,2,671,4,98,93.9,630,41.3,277,88.3,153,7,58.1,390,1147,263,2.7,11.7,1.82
Julio Jones,6158,WR,ATL,15,12.3,8,66.4,51.1,23,45,0,5.7,6,77,2,1,85.8,58.3,90.6,,90.3,0.0,0,5,54,0.0,0,610,2,99,93.8,572,22.1,135,95.9,149,6,77.9,475,1394,360,3.6,14.1,2.44
Keenan Allen,7857,WR,LAC,16,10.3,7,70.7,46.2,12,26,0,4.6,5,63,27,0,82.4,84.1,80.8,70.0,81.7,0.3,2,8,45,0.5,3,643,3,104,92.7,596,52.4,337,86.0,147,6,47.3,304,1199,378,3.6,11.5,2.01
Julian Edelman,5156,WR,NE,16,9.3,7,68.0,63.2,12,19,0,9.1,10,54,19,3,62.5,37.2,72.0,71.4,73.6,0.3,2,2,44,0.3,2,658,7,100,92.7,610,66.9,440,98.4,147,6,32.5,214,1117,325,3.3,11.2,1.83
DeAndre Hopkins,7808,WR,HST,15,10.5,10,71.2,44.4,12,27,1,5.5,6,68,13,0,78.2,84.1,87.3,,87.8,0.0,0,1,43,0.0,0,623,3,104,93.7,584,36.4,227,107.8,146,7,63.2,394,1165,384,3.7,11.2,1.99
Tyler Boyd,10689,WR,CIN,16,9.6,10,63.4,43.8,14,32,0,7.2,7,51,7,2,67.1,30.0,73.0,65.3,72.2,0.3,2,6,47,0.1,1,675,1,90,93.9,634,64.4,435,79.7,142,5,35.3,238,1046,358,4.0,11.6,1.65
Christian McCaffrey,11763,HB,CAR,16,0.4,27,85.9,44.4,4,9,1,4.9,6,58,5,0,82.1,81.4,86.5,75.5,92.4,0.0,0,2,28,15.0,105,699,1,116,81.5,570,8.6,60,101.4,135,4,6.7,47,1005,997,8.6,8.7,1.76
Cooper Kupp,11824,WR,LA,16,7.3,8,71.2,33.3,4,12,0,3.1,3,51,26,3,89.2,22.6,74.6,72.0,76.1,0.2,1,2,66,2.7,17,619,4,94,90.0,557,67.2,416,117.0,132,10,32.6,202,1161,548,5.8,12.4,2.08
Jarvis Landry,8698,WR,CLV,16,10.5,15,63.8,48.5,16,33,1,5.7,5,55,8,0,75.3,85.0,78.2,,80.0,0.0,0,8,65,0.0,0,627,6,83,91.9,576,61.7,387,82.7,130,6,37.6,236,1174,432,5.2,14.1,2.04
DJ Moore,48267,WR,CAR,15,11.7,13,66.9,51.7,15,29,0,5.4,5,63,5,2,76.5,35.4,82.2,75.4,80.2,0.2,1,5,52,0.3,2,607,1,87,95.6,580,15.5,94,89.7,130,4,84.3,512,1175,392,4.5,13.5,2.03
Travis Kelce,7844,TE,KC,16,9.5,15,74.6,52.4,11,21,2,4.9,5,66,16,1,71.2,57.9,85.1,76.6,88.5,34.5,231,0,47,8.2,55,669,9,97,82.4,551,32.6,218,116.5,130,5,32.4,217,1229,403,4.2,12.7,2.23
Odell Beckham Jr.,8647,WR,CLV,16,13.6,6,56.9,50.0,15,30,3,8.6,7,44,8,0,61.7,53.2,68.7,,69.4,0.0,0,7,89,0.0,0,628,8,74,91.1,572,23.4,147,70.5,130,4,76.6,481,1035,329,4.4,14.0,1.81
Robert Woods,7822,WR,LA,15,8.4,7,69.8,47.4,9,19,1,2.2,2,54,26,0,90.4,85.1,82.2,79.3,80.4,0.3,2,6,48,2.3,15,656,7,90,91.8,602,34.5,226,82.6,129,2,65.1,427,1134,580,6.4,12.6,1.88
Zach Ertz,7816,TE,PHI,15,9.0,6,68.8,53.8,14,26,0,5.4,5,50,24,1,77.6,55.0,73.4,55.3,76.1,37.7,226,1,30,3.7,22,600,2,88,90.5,543,43.2,259,101.6,128,6,19.2,115,916,274,3.1,10.4,1.69
Davante Adams,8688,WR,GB,12,10.2,2,66.9,46.7,7,15,1,8.8,8,54,12,2,58.9,28.7,83.5,,84.4,0.0,0,1,58,0.0,0,457,4,83,93.4,427,27.8,127,101.4,124,5,72.0,329,997,392,4.7,12.0,2.33
DeVante Parker,9447,WR,MIA,16,14.7,8,60.5,56.4,22,39,0,6.5,5,58,17,0,64.7,81.7,79.2,,79.8,0.3,2,4,51,0.0,0,675,1,72,94.1,635,23.0,155,105.8,119,9,76.7,518,1202,269,3.7,16.7,1.89
Jamison Crowder,9538,WR,NYJ,16,8.1,10,66.1,50.0,9,18,0,8.2,7,41,22,0,62.7,82.2,73.0,,73.9,0.0,0,5,41,0.0,0,567,1,78,93.3,529,76.2,432,85.9,118,6,22.9,130,834,364,4.7,10.7,1.58
Amari Cooper,9437,WR,DAL,16,13.0,6,68.1,38.5,10,26,1,8.1,7,54,9,0,63.1,82.3,84.2,,84.2,0.0,0,2,53,0.0,0,549,6,79,94.5,519,13.7,75,117.3,116,8,86.3,474,1189,232,2.9,15.1,2.29
Courtland Sutton,48164,WR,DEN,16,12.3,16,62.6,56.5,13,23,1,4.0,3,50,10,2,82.1,28.0,83.1,,80.5,0.2,1,2,70,0.0,0,576,1,72,92.9,535,18.8,108,104.7,115,6,81.1,467,1112,361,5.0,15.4,2.08
Darren Waller,9637,TE,OAK,16,7.5,11,78.3,44.4,8,18,0,5.3,5,53,23,1,78.5,56.9,83.2,57.5,86.8,44.7,249,2,75,11.8,66,557,1,90,85.1,474,30.7,171,109.6,115,3,24.6,137,1146,594,6.6,12.7,2.42
Chris Godwin,11839,WR,TB,14,10.3,17,75.4,66.7,16,24,1,1.1,1,63,30,0,90.8,82.8,90.7,73.2,90.4,1.6,10,5,71,0.5,3,634,2,86,94.0,596,63.4,402,121.7,114,9,34.9,221,1333,580,6.7,15.5,2.24
Mike Evans,8642,WR,TB,13,15.7,2,58.8,51.7,15,29,0,9.5,7,54,30,0,58.9,81.4,85.7,69.6,85.2,0.2,1,8,67,0.2,1,539,2,67,93.1,502,29.3,158,87.5,114,8,70.5,380,1157,266,4.0,17.3,2.3
John Brown,8726,WR,BUF,15,14.6,10,63.2,42.9,9,21,0,5.3,4,53,4,0,69.5,81.8,75.8,,75.9,0.0,0,3,53,0.0,0,572,0,72,94.2,539,20.1,115,100.0,114,6,79.9,457,1060,221,3.1,14.7,1.97
DJ Chark Jr.,47702,WR,JAX,15,12.3,11,64.0,35.3,12,34,0,2.7,2,41,15,0,89.8,82.5,75.2,,75.8,0.3,2,2,69,0.0,0,639,4,73,93.1,595,24.6,157,108.4,114,8,75.1,480,1008,313,4.3,13.8,1.69
Kenny Golladay,11851,WR,DET,16,16.1,4,57.5,63.4,26,41,3,7.1,5,52,11,1,61.5,46.5,79.9,48.3,79.3,0.0,0,5,75,0.3,2,626,6,65,93.5,585,16.0,100,107.9,113,11,84.0,526,1190,303,4.7,18.3,2.03
Michael Gallup,26075,WR,DAL,14,13.5,10,58.9,53.1,17,32,0,16.5,13,51,9,0,29.1,80.8,74.0,,74.4,0.0,0,2,62,0.0,0,541,1,66,94.6,512,13.5,73,102.8,112,6,86.5,468,1107,333,5.0,16.8,2.16
Tyler Lockett,9502,WR,SEA,16,13.4,2,75.9,52.9,9,17,0,4.7,4,53,29,1,80.2,67.9,77.1,,78.4,1.0,6,1,44,0.0,0,615,2,82,92.0,566,69.1,425,127.0,108,8,29.9,184,1057,299,3.6,12.9,1.87
George Kittle,11901,TE,SF,14,6.1,20,80.2,56.5,13,23,1,1.2,1,53,28,1,90.9,56.2,95.0,61.6,95.0,59.7,256,2,61,15.9,68,429,2,85,78.8,338,22.6,97,115.9,106,5,13.8,59,1053,621,7.3,12.4,3.12
Larry Fitzgerald,1724,WR,ARZ,16,8.0,6,72.1,52.0,13,25,0,0.0,0,40,1,1,90.5,82.0,70.3,64.4,71.6,0.6,4,4,54,0.8,5,619,2,75,92.7,574,86.6,536,91.2,104,4,12.8,79,804,362,4.8,10.7,1.4
Austin Ekeler,12164,HB,LAC,16,1.2,22,88.5,60.0,3,5,0,2.1,2,42,27,2,90.4,65.7,85.2,56.6,93.6,0.0,0,2,84,8.5,36,425,0,92,85.2,362,12.5,53,124.1,104,8,14.4,61,993,950,10.3,10.8,2.74
Curtis Samuel,11795,WR,CAR,16,14.8,3,52.4,30.0,6,20,0,11.5,7,36,5,0,47.6,82.6,62.7,65.7,63.0,0.0,0,1,44,0.1,1,672,2,54,96.3,647,28.7,193,86.5,103,6,70.7,475,627,159,2.9,11.6,0.97
Tarik Cohen,11874,HB,CHI,16,1.7,12,77.5,75.0,3,4,0,7.1,6,18,6,1,68.4,90.8,60.6,70.6,61.4,3.7,15,1,31,7.1,29,410,0,79,88.0,361,27.3,112,91.0,102,3,13.7,56,456,442,5.6,5.8,1.26
Cole Beasley,7330,WR,BUF,15,8.1,3,67.7,22.2,2,9,0,8.2,6,37,4,0,62.3,81.1,73.6,70.2,73.8,0.0,0,4,51,0.8,4,501,0,67,94.4,473,74.5,373,94.6,99,6,25.1,126,778,344,5.1,11.6,1.64
Christian Kirk,47546,WR,ARZ,13,9.7,4,68.7,31.3,5,16,0,4.2,3,31,1,0,80.3,85.1,62.5,66.2,62.0,0.0,0,1,69,0.2,1,539,2,68,93.3,503,41.6,224,95.1,99,3,57.9,312,709,296,4.4,10.4,1.41
Mark Andrews,47436,TE,BLT,15,11.1,7,66.0,34.8,8,23,1,7.2,5,44,3,2,67.5,26.7,90.8,57.3,90.2,20.4,64,3,51,1.6,5,313,2,64,94.2,295,63.9,200,115.1,97,10,15.0,47,852,290,4.5,13.3,2.89
D.K. Metcalf,47864,WR,SEA,16,13.7,9,59.8,53.1,17,32,3,12.1,8,39,29,3,45.1,21.8,69.7,,69.4,0.2,1,1,54,0.0,0,580,6,58,92.1,534,11.9,69,110.3,97,7,87.9,510,900,280,4.8,15.5,1.69
Dede Westbrook,11865,WR,JAX,15,7.2,9,68.0,26.3,5,19,1,5.7,4,31,15,0,74.8,67.8,63.5,,63.9,0.2,1,2,39,0.0,0,595,3,66,92.4,550,82.7,492,88.9,97,3,17.1,102,660,312,4.7,10.0,1.2
Emmanuel Sanders,5606,WR,SF,17,11.1,7,68.8,41.2,7,17,0,1.5,1,41,28,0,90.3,81.3,78.5,62.4,79.3,0.4,2,7,75,0.2,1,529,7,66,93.6,495,34.8,184,84.1,96,5,64.3,340,869,240,3.6,13.2,1.76
Leonard Fournette,11759,HB,JAX,15,0.1,24,80.0,50.0,1,2,1,5.0,4,23,15,1,71.9,87.8,64.0,33.6,65.4,0.0,0,1,27,13.7,83,605,2,76,79.8,483,2.0,12,85.2,95,0,5.0,30,522,567,7.5,6.9,1.08
Alvin Kamara,11822,HB,NO,14,0.1,14,85.3,0.0,0,5,0,4.7,4,28,20,1,80.3,58.5,70.0,59.3,69.2,0.0,0,1,41,6.3,25,395,1,81,87.3,345,11.6,46,89.2,95,1,13.9,55,533,570,7.0,6.6,1.54
Danny Amendola,4717,WR,DET,15,8.8,4,66.0,38.5,5,13,0,7.5,5,36,11,0,66.6,84.9,71.5,,70.7,0.2,1,2,47,0.0,0,482,1,62,93.4,450,77.0,371,81.8,94,1,21.6,104,678,223,3.6,10.9,1.51
Austin Hooper,10715,TE,ATL,13,7.2,8,80.6,66.7,12,18,0,2.6,2,41,2,0,88.9,81.8,78.3,65.0,80.5,48.5,265,2,35,6.4,35,546,3,75,87.5,478,42.9,234,114.5,93,6,8.2,45,787,323,4.3,10.5,1.65
Robbie Chosen,11254,WR,NYJ,16,15.8,4,56.5,47.6,10,21,0,5.5,3,35,22,1,75.5,42.4,68.7,,68.6,0.0,0,3,92,0.0,0,615,3,52,92.5,569,19.5,120,88.9,92,5,80.5,495,778,183,3.5,15.0,1.37
Calvin Ridley,48262,WR,ATL,13,13.9,4,69.2,50.0,11,22,1,4.5,3,47,2,0,78.4,47.0,74.9,,74.8,0.0,0,2,36,0.0,0,555,4,63,92.1,511,11.7,65,115.9,91,7,87.9,488,866,141,2.2,13.7,1.69
Stefon Diggs,9579,WR,MIN,15,15.6,5,69.2,50.0,8,16,0,8.7,6,41,18,4,67.1,23.1,78.8,,78.4,0.0,0,5,66,0.0,0,454,4,63,92.7,421,16.7,76,110.7,91,6,83.0,377,1132,313,5.0,18.0,2.69
Terry McLaurin,48229,WR,WAS,14,14.6,7,63.7,60.0,15,25,0,10.8,7,43,32,0,51.9,80.4,85.7,,86.5,0.0,0,1,75,0.0,0,485,1,58,92.6,449,23.5,114,118.3,91,7,76.5,371,919,222,3.8,15.8,2.05
James White,8765,HB,NE,15,2.2,11,80.0,42.9,3,7,0,2.7,2,31,19,1,88.0,88.4,76.1,70.4,85.3,1.2,5,1,59,11.1,45,407,1,72,82.8,337,6.9,28,110.4,90,5,14.7,60,645,538,7.5,9.0,1.91
Marvin Jones Jr.,7158,WR,DET,13,13.7,6,68.9,64.5,20,31,1,4.6,3,41,11,0,77.7,80.6,72.9,,74.6,0.5,3,5,47,0.0,0,546,3,62,93.2,509,34.2,187,105.7,90,9,65.0,355,779,112,1.8,12.6,1.53
Sammy Watkins,8639,WR,KC,14,9.8,10,59.1,40.0,8,20,1,7.1,4,30,16,2,66.1,25.0,66.5,80.8,64.4,1.0,5,0,68,1.0,5,515,3,52,89.7,462,55.3,285,94.6,88,3,43.7,225,673,304,5.8,12.9,1.46
Chris Conley,9509,WR,JAX,16,14.6,8,53.4,33.3,7,21,0,13.0,7,36,15,0,43.8,79.2,62.7,67.9,62.0,0.2,1,0,70,0.3,2,629,2,47,92.8,584,11.6,73,102.2,88,5,88.2,555,775,247,5.3,16.5,1.33
Tyreek Hill,10799,WR,KC,12,12.5,9,66.7,23.1,3,13,0,6.5,4,39,16,0,69.3,81.5,85.5,,87.8,1.0,4,2,57,0.0,0,384,1,58,91.4,351,52.9,203,116.1,87,7,45.3,174,860,282,4.9,14.8,2.45
Diontae Johnson,33441,WR,PIT,16,9.5,18,68.6,33.3,2,6,0,4.8,3,31,25,3,76.6,23.1,67.9,,68.8,0.0,0,2,45,0.0,0,453,7,59,93.2,422,12.6,57,101.9,86,5,87.4,396,680,311,5.3,11.5,1.61
Tyler Higbee,10744,TE,LA,15,6.6,7,80.2,62.5,5,8,0,2.8,2,36,26,0,81.1,81.4,86.1,63.6,90.1,76.7,309,1,33,25.1,101,403,0,69,70.0,282,9.4,38,109.0,86,3,13.6,55,734,401,5.8,10.6,2.6
Mike Williams,11762,WR,LAC,15,18.3,3,57.6,54.5,18,33,0,10.9,6,41,27,0,37.7,79.4,74.1,64.5,74.6,0.0,0,8,56,0.2,1,567,2,49,92.6,525,36.3,206,67.8,85,2,63.7,361,1001,200,4.1,20.4,1.91
Mohamed Sanu,7084,WR,NE,15,7.7,5,69.4,57.1,8,14,1,9.2,6,30,19,0,53.0,57.7,58.8,,59.0,0.2,1,3,28,0.0,0,537,1,59,92.4,496,60.9,327,78.6,85,2,38.2,205,520,195,3.3,8.8,1.05
A.J. Brown,48327,WR,TEN,16,13.6,16,61.9,31.8,7,22,2,7.1,4,39,31,1,66.8,41.0,84.0,66.2,83.0,0.0,0,2,91,0.2,1,416,4,52,94.5,393,10.8,45,127.6,84,8,89.2,371,1051,462,8.9,20.2,2.67
Sterling Shepard,10674,WR,NYG,10,10.2,7,68.7,42.1,8,19,1,5.0,3,29,21,0,75.9,81.1,75.8,67.1,73.8,1.0,4,4,36,0.2,1,417,2,57,93.5,390,46.8,195,80.2,83,3,52.0,217,576,184,3.2,10.1,1.48
Jason Witten,1384,TE,DAL,16,6.5,0,76.8,50.0,6,12,1,8.7,6,27,9,1,60.5,45.4,59.4,55.4,57.7,48.5,253,0,33,8.8,46,522,1,63,85.4,446,43.3,226,109.2,82,4,8.2,43,529,178,2.8,8.4,1.19
Golden Tate,5585,WR,NYG,11,10.8,6,60.5,51.4,19,37,0,5.8,3,30,21,1,72.5,84.0,74.0,,72.7,0.2,1,5,64,0.0,0,453,1,49,93.4,423,84.3,382,86.2,81,6,15.5,70,676,291,5.9,13.8,1.6
Anthony Miller,48160,WR,CHI,16,10.2,2,64.2,35.7,5,14,2,7.1,4,34,6,0,66.1,40.7,66.0,,67.9,2.2,11,2,35,0.0,0,493,5,52,94.7,467,77.7,383,87.3,81,2,19.9,98,656,225,4.3,12.6,1.4
Greg Olsen,3647,TE,CAR,14,9.2,1,64.2,33.3,5,15,0,1.9,1,34,5,0,87.4,79.8,66.9,70.1,68.7,26.3,137,2,41,9.4,49,521,0,52,86.9,453,52.6,274,84.2,81,2,16.7,87,597,219,4.2,11.5,1.32
Darius Slayton,25578,WR,NYG,14,14.4,5,60.0,48.0,12,25,0,5.9,3,32,21,0,70.9,81.4,70.3,,70.5,0.0,0,4,55,0.0,0,503,2,48,93.6,471,4.4,22,103.1,80,8,95.6,481,740,199,4.1,15.4,1.57
Mike Gesicki,47153,TE,MIA,16,11.3,0,63.8,40.9,9,22,0,3.8,2,25,17,1,80.5,38.8,60.5,66.6,60.5,17.6,101,1,34,2.4,14,573,1,51,90.9,521,71.0,407,100.5,80,5,11.0,63,570,184,3.6,11.2,1.09
Randall Cobb,6216,WR,DAL,15,10.2,10,69.6,63.6,7,11,0,14.1,9,40,9,2,29.1,34.2,69.9,68.6,70.9,1.2,6,3,59,0.4,2,499,2,55,94.0,469,91.8,458,100.6,79,3,7.0,35,828,334,6.1,15.1,1.77
Dallas Goedert,47272,TE,PHI,15,6.3,8,74.4,33.3,4,12,0,6.5,4,33,24,2,64.4,26.1,83.2,70.2,78.9,53.3,241,3,28,13.3,60,452,3,58,81.6,369,35.0,158,101.8,78,5,9.7,44,607,354,6.1,10.5,1.64
Auden Tate,48192,WR,CIN,12,12.9,5,51.3,48.1,13,27,0,11.1,5,29,7,1,51.0,78.1,70.5,81.3,70.0,0.2,1,2,33,1.6,7,437,2,40,93.6,409,26.5,116,69.1,78,1,73.2,320,575,137,3.4,14.4,1.41
Deebo Samuel,48274,WR,SF,15,7.6,18,74.0,46.2,6,13,0,14.9,10,32,28,2,33.2,27.8,74.5,75.8,72.8,0.9,4,0,42,0.7,3,428,7,57,91.8,393,24.3,104,120.2,77,3,72.7,311,802,484,8.5,14.1,2.04
James Washington,47792,WR,PIT,15,15.9,3,57.1,56.3,9,16,0,10.2,5,31,25,1,53.7,32.1,69.3,73.1,68.5,1.3,6,5,79,0.4,2,448,3,44,93.1,417,26.3,118,75.4,77,3,72.3,324,735,202,4.6,16.7,1.76
Alex Erickson,11107,WR,CIN,16,9.2,4,56.6,25.0,4,16,0,6.5,3,26,7,1,68.8,40.6,67.1,70.5,64.6,0.7,3,3,52,0.7,3,412,0,43,93.2,384,30.8,127,61.8,76,0,68.2,281,529,234,5.4,12.3,1.38
Hunter Henry,10669,TE,LAC,12,10.5,0,74.3,62.5,10,16,0,5.2,3,36,27,1,75.4,41.2,73.2,57.3,75.0,27.9,121,1,30,3.5,15,433,5,55,90.1,390,51.7,224,117.6,74,5,20.1,87,652,164,3.0,11.9,1.67
Le'Veon Bell,7829,HB,NYJ,15,0.5,18,89.2,66.7,4,6,0,4.3,3,20,22,1,80.6,86.1,74.1,62.5,77.3,0.0,0,1,23,14.3,71,498,0,66,78.5,391,5.2,26,91.5,74,1,7.6,38,461,454,6.9,7.0,1.18
Will Fuller V,10655,WR,HST,11,14.7,3,70.0,66.7,8,12,0,10.9,6,26,13,1,51.0,36.0,75.4,64.5,74.3,0.0,0,3,54,0.3,1,351,2,49,94.0,330,30.5,107,96.7,70,3,69.5,244,670,223,4.6,13.7,2.03
Russell Gage,44771,WR,ATL,16,7.2,6,71.0,30.0,3,10,0,3.9,2,25,2,0,78.8,40.3,66.3,,66.4,0.0,0,1,19,0.0,0,403,2,49,93.8,378,67.0,270,87.0,69,1,32.8,132,446,161,3.3,9.1,1.18
Jack Doyle,8520,TE,IND,16,7.1,1,62.3,0.0,0,7,0,4.4,2,29,14,1,77.0,34.1,69.2,78.3,65.7,49.1,211,2,23,8.4,36,430,4,43,85.1,366,38.8,167,88.3,69,4,11.2,48,448,223,5.2,10.4,1.22
Zach Pascal,12303,WR,IND,16,12.4,4,59.4,26.3,5,19,1,4.7,2,29,14,0,74.8,81.4,73.7,76.2,71.4,0.4,2,4,37,0.4,2,449,2,41,93.1,418,36.3,163,88.3,69,5,63.0,283,607,234,5.7,14.8,1.45
Alshon Jeffery,7048,WR,PHI,10,11.6,0,62.3,47.1,8,17,0,10.4,5,36,24,0,52.3,78.4,74.8,,75.0,0.0,0,1,38,0.0,0,305,1,43,93.8,286,11.8,36,96.9,69,4,88.2,269,490,136,3.2,11.4,1.71
Saquon Barkley,45791,HB,NYG,13,0.8,11,75.4,0.0,0,1,1,5.5,3,14,21,1,72.9,83.4,72.2,63.4,57.2,0.0,0,1,65,18.9,92,487,1,52,77.4,377,1.6,8,95.0,69,2,6.0,29,438,448,8.6,8.4,1.16
Ezekiel Elliott,10638,HB,DAL,16,0.7,10,79.4,33.3,1,3,0,10.0,6,21,9,0,54.6,69.9,77.0,50.8,56.2,0.0,0,0,27,17.9,106,591,3,54,78.7,465,6.3,37,102.1,68,2,3.2,19,419,399,7.4,7.8,0.9
JuJu Smith-Schuster,11817,WR,PIT,12,9.8,4,61.8,57.1,8,14,1,12.5,6,23,25,1,45.9,31.2,63.1,,63.0,0.7,3,3,76,0.0,0,406,3,42,91.4,371,66.7,271,83.7,68,3,32.5,132,552,241,5.7,13.1,1.49
Corey Davis,11760,WR,TEN,15,12.4,7,63.2,71.4,10,14,0,6.5,3,32,31,1,68.0,31.2,69.9,68.1,70.1,0.2,1,0,38,0.2,1,437,3,43,92.9,406,26.8,117,101.4,68,2,73.0,319,601,215,5.0,14.0,1.48
Aaron Jones,11937,HB,GB,16,2.4,8,74.6,33.3,1,3,0,7.4,4,18,12,1,66.8,73.8,84.8,63.5,82.8,1.2,5,0,67,17.7,72,406,0,50,76.1,309,4.7,19,109.0,67,3,12.6,51,480,461,9.2,9.6,1.55
Brandin Cooks,8655,WR,LA,14,14.5,0,62.7,56.3,9,16,0,10.6,5,32,26,0,53.1,79.7,68.1,62.4,66.8,0.0,0,2,57,0.2,1,483,1,42,93.6,452,33.7,163,88.1,67,2,66.0,319,583,170,4.0,13.9,1.29
T.Y. Hilton,7092,WR,IND,10,10.4,3,67.2,30.8,4,13,2,4.3,2,24,14,0,76.5,78.6,75.1,,75.4,0.0,0,1,35,0.0,0,298,4,45,92.6,276,28.5,85,107.9,67,5,71.5,213,501,220,4.9,11.1,1.82
Hunter Renfrow,47509,WR,OAK,13,7.2,10,73.1,46.2,6,13,1,9.3,5,31,23,0,57.5,81.9,75.5,67.0,76.5,0.0,0,1,65,0.7,2,303,3,49,95.7,290,71.9,218,114.3,67,4,28.1,85,605,312,6.4,12.3,2.09
Marquise Brown,61568,WR,BLT,14,11.8,8,70.8,50.0,4,8,0,6.1,3,24,3,0,69.3,78.8,70.8,,70.6,0.0,0,0,83,0.0,0,338,2,46,95.3,322,37.3,126,134.4,65,7,62.7,212,584,234,5.1,12.7,1.81
Nelson Agholor,9453,WR,PHI,11,12.4,5,60.0,38.5,5,13,1,7.1,3,17,24,2,61.6,23.4,54.4,,54.9,0.2,1,1,43,0.0,0,438,1,39,92.9,407,65.1,285,84.3,65,3,34.5,151,363,145,3.7,9.3,0.89
Breshad Perriman,9459,WR,TB,14,18.8,2,55.4,43.8,7,16,0,2.7,1,29,30,0,80.4,77.9,72.8,,72.3,0.0,0,4,44,0.0,0,472,2,36,95.1,449,23.9,113,94.7,65,6,76.1,359,645,129,3.6,17.9,1.44
Evan Engram,11778,TE,NYG,8,6.5,1,67.7,37.5,6,16,1,6.4,3,23,21,0,69.3,79.4,64.1,67.2,67.8,55.1,184,0,75,5.7,19,334,3,44,88.0,294,33.5,112,103.8,65,3,11.4,38,467,252,5.7,10.6,1.59
Kenyan Drake,10707,HB,ARZ,14,-0.5,10,76.6,40.0,2,5,0,7.5,4,15,1,0,57.9,65.9,71.2,56.0,65.1,0.5,2,1,26,18.6,74,397,0,49,76.3,303,6.0,24,81.3,64,0,4.8,19,336,416,8.5,6.9,1.11
Tyrell Williams,10154,WR,OAK,14,14.0,4,65.6,30.0,3,10,0,10.6,5,33,23,0,51.4,78.3,66.5,65.6,66.7,0.0,0,3,46,0.2,1,429,2,42,96.0,412,29.1,125,110.9,64,6,70.6,303,651,198,4.7,15.5,1.58
Devonta Freeman,8738,HB,ATL,14,1.3,6,92.2,77.8,7,9,1,1.7,1,17,2,1,90.0,57.6,60.8,67.8,69.5,0.0,0,1,28,19.9,89,447,1,59,75.4,337,2.2,10,107.7,64,4,4.9,22,410,343,5.8,6.9,1.22
Duke Johnson Jr.,9510,HB,HST,16,3.6,10,71.0,0.0,0,3,0,2.2,1,18,13,0,83.9,67.6,74.2,57.9,71.0,0.0,0,2,21,10.7,44,411,1,44,84.2,346,3.4,14,91.5,62,3,23.6,97,410,362,8.2,9.3,1.18
Tyler Eifert,7802,TE,CIN,16,8.7,0,69.4,55.6,10,18,0,8.5,4,24,7,0,60.5,78.5,65.7,79.6,65.8,25.5,105,2,27,7.1,29,411,0,43,86.6,356,51.1,210,91.9,62,3,22.6,93,436,113,2.6,10.1,1.22
Dalvin Cook,11796,HB,MIN,14,-1.6,19,85.5,100.0,2,2,0,11.7,7,26,18,1,46.8,54.0,81.3,46.5,66.4,0.9,3,0,31,11.7,38,325,1,53,82.8,269,1.8,6,101.5,62,0,5.2,17,519,600,11.3,9.8,1.93
Jared Cook,5012,TE,NO,14,11.4,4,69.4,53.3,8,15,1,10.4,5,32,20,0,53.0,78.5,75.9,44.7,78.5,15.2,57,1,61,2.7,10,375,6,43,90.7,340,65.3,245,140.1,62,9,19.5,73,705,258,6.0,16.4,2.07
Miles Sanders,40555,HB,PHI,16,2.0,7,80.6,100.0,1,1,0,5.7,3,19,24,0,71.5,57.9,62.3,55.4,74.7,0.0,0,0,45,18.0,73,405,1,50,78.3,317,4.9,20,117.0,62,3,4.9,20,509,418,8.4,10.2,1.61
Albert Wilson,8943,WR,MIA,13,5.4,12,70.5,25.0,1,4,0,10.4,5,22,17,1,53.3,37.9,62.3,,63.6,0.3,1,1,35,0.0,0,338,1,43,91.7,310,79.0,267,83.4,61,1,18.3,62,351,182,4.2,8.2,1.13
Noah Fant,42388,TE,DEN,16,9.1,6,67.8,47.1,8,17,2,7.0,3,23,10,1,65.7,30.9,52.0,27.2,61.4,59.9,263,3,75,10.0,44,439,9,40,84.1,369,27.1,119,94.0,59,3,11.4,50,562,331,8.3,14.1,1.52
Preston Williams,38855,WR,MIA,8,14.6,0,54.2,47.6,10,21,0,8.6,3,24,17,2,42.0,40.9,67.7,,69.4,0.0,0,3,35,0.0,0,288,3,32,92.7,267,5.2,15,73.3,59,3,94.8,273,428,71,2.2,13.4,1.6
Jacob Hollister,12051,TE,SEA,11,6.3,2,70.7,37.5,3,8,0,2.4,1,16,29,0,83.0,78.9,67.3,62.6,66.1,36.4,127,2,22,10.3,36,349,1,41,84.8,296,52.7,184,88.9,58,3,10.3,36,349,176,4.3,8.5,1.18
Jimmy Graham,5619,TE,GB,16,10.3,4,65.5,33.3,3,9,0,7.3,3,23,12,1,65.0,29.3,55.0,70.9,53.6,36.4,168,0,48,4.5,21,462,3,38,87.4,404,45.2,209,106.0,58,3,17.5,81,447,254,6.7,11.8,1.11
Nyheim Hines,48103,HB,IND,16,1.5,7,77.2,16.7,1,6,0,12.0,6,15,14,1,49.2,67.6,63.3,47.6,63.4,1.1,3,0,21,9.9,26,263,0,44,84.8,223,11.8,31,89.8,57,0,14.1,37,320,312,7.1,7.3,1.43
Phillip Dorsett,9462,WR,NE,14,15.3,0,51.8,40.0,4,10,0,0.0,0,17,19,0,88.0,77.4,66.9,65.7,65.9,0.0,0,0,58,0.3,1,388,0,29,94.1,365,24.5,95,104.5,56,5,75.3,292,397,81,2.8,13.7,1.09
Jaylen Samuels,47297,HB,PIT,14,-0.9,5,83.9,50.0,1,2,1,9.6,5,19,25,1,56.0,65.2,54.4,63.1,55.5,0.4,1,1,27,21.1,60,285,2,47,72.3,206,12.3,35,87.9,56,1,6.7,19,305,372,7.9,6.5,1.48
Jarius Wright,7118,WR,CAR,16,10.8,1,50.0,25.0,2,8,0,20.0,7,16,5,0,28.3,76.6,47.8,66.1,48.4,0.0,0,5,33,0.2,1,528,1,28,96.4,509,80.5,425,28.6,56,0,19.5,103,296,89,3.2,10.6,0.58
T.J. Hockenson,40912,TE,DET,12,8.6,4,57.1,29.4,5,17,0,3.0,1,19,11,0,78.5,76.8,60.5,35.2,62.1,46.8,161,0,39,9.6,33,344,5,32,83.4,287,42.7,147,88.9,56,2,10.5,36,367,197,6.2,11.5,1.28
John Ross,11764,WR,CIN,8,15.3,6,50.9,33.3,2,6,0,20.0,7,22,7,1,29.0,27.9,63.1,62.4,64.2,0.4,1,2,66,0.4,1,275,2,28,94.5,260,25.8,71,85.9,55,3,73.5,202,506,202,7.2,18.1,1.95
Demaryius Thomas,5547,WR,NYJ,11,10.2,3,65.5,58.3,7,12,1,12.2,5,22,22,0,48.0,78.1,65.9,62.4,67.9,0.0,0,3,47,0.3,1,311,2,36,92.6,288,34.4,107,72.8,55,1,65.6,204,433,176,4.9,12.0,1.5
Gerald Everett,11799,TE,LA,12,8.2,13,68.5,50.0,4,8,0,2.6,1,22,26,0,81.3,77.7,76.0,44.3,78.9,51.0,152,2,33,11.4,34,298,1,37,83.2,248,14.1,42,87.6,54,2,34.9,104,408,183,4.9,11.0,1.65
Chris Thompson,7936,HB,WAS,11,1.7,8,77.8,20.0,1,5,0,2.3,1,16,32,1,83.5,54.7,65.1,54.6,66.1,1.5,4,0,39,10.9,29,265,0,42,83.4,221,6.4,17,95.8,54,0,7.5,20,378,350,8.3,9.0,1.71
Geronimo Allison,11141,WR,GB,16,8.4,1,63.0,37.5,3,8,1,12.8,5,16,12,2,53.6,21.7,54.1,48.3,51.4,0.4,2,0,31,0.2,1,458,3,34,91.5,419,74.2,340,89.0,54,2,25.3,116,287,125,3.7,8.4,0.68
Marquez Valdes-Scantling,47809,WR,GB,16,16.8,2,48.1,15.4,2,13,0,7.1,2,14,12,0,64.3,76.3,57.0,,56.5,0.3,1,1,74,0.0,0,357,1,26,92.7,331,17.4,62,81.7,54,2,82.4,294,452,155,6.0,17.4,1.37
Ted Ginn Jr.,3625,WR,NO,16,16.4,0,56.6,11.1,1,9,0,11.8,4,20,20,0,49.6,78.0,56.8,,56.9,0.2,1,1,45,0.0,0,467,0,30,93.8,438,22.1,103,87.1,53,2,77.7,363,421,48,1.6,14.0,0.96
Kenny Stills,7926,WR,HST,13,10.8,0,75.5,53.8,7,13,1,4.8,2,27,13,0,74.4,78.1,72.2,71.8,72.2,0.0,0,1,45,0.5,2,396,1,40,94.2,373,38.6,153,126.4,53,4,61.4,243,561,143,3.6,14.0,1.5
Demarcus Robinson,10760,WR,KC,16,13.5,9,60.4,33.3,2,6,1,5.9,2,19,16,0,62.7,77.4,57.8,66.3,58.6,0.9,5,2,44,0.2,1,529,3,32,88.8,470,22.3,118,97.1,53,4,76.7,406,449,107,3.3,14.0,0.96
Jordan Akins,47050,TE,HST,16,7.4,8,67.9,25.0,2,8,0,5.3,2,21,13,0,72.6,77.7,55.1,61.7,56.2,37.4,163,3,53,6.9,30,436,2,36,89.4,390,40.8,178,80.5,53,2,16.7,73,418,252,7.0,11.6,1.07
Melvin Gordon III,9448,HB,LAC,12,-0.8,10,80.8,50.0,1,2,0,8.7,4,11,27,1,60.5,33.0,66.0,47.0,50.7,0.0,0,0,25,6.3,15,240,1,42,86.7,208,5.8,14,96.8,52,1,9.6,23,296,322,7.7,7.0,1.42
Vance McDonald,7836,TE,PIT,14,4.8,5,73.1,45.5,5,11,0,9.5,4,12,25,1,57.7,29.8,45.3,65.7,44.6,85.0,385,2,22,5.7,26,453,4,38,87.0,394,7.1,32,88.1,52,3,7.1,32,273,178,4.7,7.2,0.69
Steven Sims,48341,WR,WAS,15,7.7,1,65.4,28.6,2,7,0,10.5,4,18,32,0,53.4,35.1,63.6,,64.7,0.0,0,1,65,0.0,0,229,1,34,93.0,213,77.3,177,99.0,52,4,22.7,52,310,170,5.0,9.1,1.46
Cameron Brate,9207,TE,TB,16,7.4,3,69.2,56.3,9,16,1,5.3,2,21,30,0,67.9,77.6,66.3,56.6,66.1,47.6,151,1,37,2.8,9,317,1,36,91.8,291,35.6,113,102.3,52,4,15.5,49,311,99,2.8,8.6,1.07
O.J. Howard,11774,TE,TB,14,10.1,2,65.4,41.7,5,12,0,10.5,4,23,30,1,53.4,28.4,54.7,54.5,58.8,60.6,286,2,33,15.0,71,472,5,34,79.9,377,32.0,151,83.7,52,1,7.2,34,459,158,4.6,13.5,1.22
Dawson Knox,35883,TE,BUF,15,10.1,6,54.9,46.7,7,15,0,24.3,9,15,4,0,27.5,76.4,60.0,48.4,55.3,55.6,210,1,49,6.9,26,378,4,28,88.6,335,29.4,111,84.4,51,2,14.8,56,388,148,5.3,13.9,1.16
Allen Lazard,48135,WR,GB,15,14.2,1,68.6,50.0,4,8,0,7.9,3,24,12,0,62.7,77.7,72.3,77.2,70.2,1.9,6,0,43,0.9,3,320,3,35,91.9,294,40.0,128,117.9,51,3,57.8,185,477,141,4.0,13.6,1.62
Eric Ebron,8645,TE,IND,11,9.7,4,62.0,50.0,6,12,1,13.9,5,20,14,0,33.8,76.8,71.1,59.4,69.4,18.0,42,3,48,3.4,8,233,1,31,90.6,211,61.8,144,80.0,50,3,20.2,47,375,171,5.5,12.1,1.78
DaeSean Hamilton,45416,WR,DEN,16,8.3,2,58.3,33.3,2,6,0,12.5,4,19,10,0,47.7,76.3,56.4,66.2,54.4,0.2,1,0,28,0.2,1,421,2,28,93.1,392,78.9,332,83.4,48,1,20.2,85,297,132,4.7,10.6,0.76
Taylor Gabriel,9002,WR,CHI,9,11.9,0,60.4,36.4,4,11,0,9.4,3,17,6,0,49.9,77.4,62.0,62.4,61.5,0.0,0,0,53,0.3,1,314,1,29,93.0,292,22.3,70,110.9,48,4,77.7,244,353,82,2.8,12.2,1.21
Royce Freeman,45747,HB,DEN,16,-0.2,7,89.6,33.3,1,3,0,4.4,2,10,10,0,76.8,90.2,65.8,73.7,61.8,0.3,1,0,19,13.7,48,351,0,43,79.2,278,2.6,9,95.8,48,1,14.8,52,256,271,6.3,6.0,0.92
Adam Thielen,8288,WR,MIN,10,14.1,2,63.8,37.5,3,8,1,3.2,1,18,18,0,68.2,77.7,75.9,,77.8,0.0,0,0,44,0.0,0,244,3,30,92.2,225,32.4,79,131.9,47,6,67.6,165,418,120,4.0,13.9,1.86
Adam Humphries,10075,WR,TEN,12,7.3,1,78.7,71.4,5,7,0,2.6,1,20,31,0,81.3,86.3,69.6,69.4,70.4,0.0,0,0,30,0.7,2,286,0,37,93.4,267,85.3,244,114.0,47,2,14.3,41,374,126,3.4,10.1,1.4
Darren Fells,8549,TE,HST,15,5.7,2,72.3,44.4,4,9,0,8.1,3,22,13,0,61.2,77.1,60.1,66.6,66.3,65.5,271,0,24,19.6,81,414,4,34,75.8,314,29.2,121,132.2,47,7,2.4,10,341,165,4.9,10.0,1.09
Kyle Rudolph,6195,TE,MIN,15,7.5,2,84.8,100.0,4,4,0,0.0,0,24,18,0,90.1,78.5,73.0,65.1,76.9,85.2,373,0,32,17.6,77,438,2,39,77.2,338,10.7,47,139.5,46,6,3.7,16,367,195,5.0,9.4,1.09
Phillip Lindsay,12660,HB,DEN,16,-1.7,6,76.1,50.0,1,2,2,14.6,6,9,10,0,39.3,91.1,71.3,19.5,50.7,0.0,0,0,36,12.4,31,250,2,35,84.4,211,6.8,17,83.2,46,0,10.8,27,196,257,7.3,5.6,0.93
Allen Hurns,8931,WR,MIA,14,11.5,3,69.6,14.3,1,7,0,8.6,3,18,17,1,60.4,26.1,57.0,,57.0,0.2,1,1,27,0.0,0,407,0,32,93.6,381,50.6,206,103.2,46,2,48.6,198,416,93,2.9,13.0,1.09
Irv Smith Jr.,42060,TE,MIN,16,6.3,1,78.3,62.5,5,8,0,5.3,2,18,18,1,72.7,29.1,65.0,61.2,63.3,46.9,161,0,29,6.1,21,343,1,36,88.9,305,37.0,127,109.3,46,2,15.5,53,311,137,3.8,8.6,1.02
Nick Chubb,45783,HB,CLV,16,-0.9,13,80.0,0.0,0,2,0,7.7,3,13,8,1,64.8,68.7,88.7,77.8,56.5,0.0,0,0,32,17.7,68,384,1,36,76.3,293,2.9,11,92.4,45,0,8.3,32,278,320,8.9,7.7,0.95
Willie Snead IV,8999,WR,BLT,16,8.9,4,68.9,44.4,4,9,0,6.1,2,20,3,0,69.0,77.7,61.0,,61.5,0.0,0,3,50,0.0,0,326,3,31,96.9,316,78.2,255,100.1,45,5,21.8,71,339,140,4.5,10.9,1.07
Damiere Byrd,9964,WR,ARZ,11,10.0,5,71.1,57.1,4,7,0,3.0,1,16,1,1,79.4,78.5,64.4,,64.0,0.0,0,1,58,0.0,0,326,2,32,96.3,314,5.2,17,92.7,45,1,94.5,308,359,152,4.8,11.2,1.14
Todd Gurley II,9443,HB,LA,15,0.6,4,68.9,60.0,3,5,0,16.2,6,8,26,0,29.7,47.0,67.0,70.6,34.8,0.0,0,0,23,21.7,115,529,0,31,73.9,391,12.3,65,93.5,45,2,5.9,31,207,195,6.3,6.7,0.53
Dare Ogunbowale,12329,HB,TB,16,2.6,4,77.8,0.0,0,2,0,5.4,2,14,30,1,70.8,26.3,60.3,51.3,62.6,0.3,1,3,21,24.6,77,313,0,35,71.2,223,2.9,9,65.4,45,0,7.3,23,286,209,6.0,8.2,1.28
Kendrick Bourne,12270,WR,SF,16,8.7,5,68.2,60.0,6,10,0,9.1,3,23,28,0,60.4,77.0,66.7,75.9,68.0,0.7,2,1,30,1.3,4,301,2,30,90.7,273,52.8,159,121.2,44,5,46.5,140,358,124,4.1,11.9,1.31
Jonnu Smith,11855,TE,TEN,16,5.2,14,79.5,71.4,5,7,0,2.8,1,16,31,0,80.4,78.7,72.0,47.7,78.6,67.1,220,1,57,24.1,79,328,4,35,73.2,240,26.5,87,121.5,44,3,5.5,18,439,282,8.1,12.5,1.83
Chris Carson,12004,HB,SEA,15,-0.9,12,84.1,,0,0,0,7.5,3,10,29,1,64.8,29.3,77.9,52.6,61.6,0.0,0,0,21,18.6,75,403,0,37,76.2,307,6.5,26,107.0,44,2,4.2,17,266,322,8.7,7.2,0.87
Trey Quinn,38276,WR,WAS,12,7.0,2,59.1,28.6,2,7,0,3.7,1,10,32,1,75.5,46.8,54.1,68.2,52.8,0.3,1,2,19,0.6,2,315,1,26,93.7,295,77.8,245,58.4,44,1,21.9,69,195,63,2.4,7.5,0.66
Jamaal Williams,11889,HB,GB,14,-0.6,12,90.7,100.0,2,2,0,2.5,1,16,12,0,81.8,89.5,76.7,85.6,89.7,2.4,6,0,17,14.6,37,254,1,39,79.5,202,4.3,11,129.9,43,5,9.1,23,253,281,7.2,6.5,1.25
Kelvin Harmon,47931,WR,WAS,16,11.8,3,69.8,61.1,11,18,0,0.0,0,16,32,0,87.6,76.7,63.9,70.0,64.6,1.6,5,2,30,1.3,4,315,2,30,92.1,290,22.9,72,76.2,43,0,75.6,238,365,98,3.3,12.2,1.26
Josh Gordon,7618,WR,SEA,11,11.0,4,62.8,60.0,6,10,0,10.0,3,16,29,0,54.9,76.4,63.7,,66.1,0.0,0,0,58,0.0,0,316,2,27,94.6,299,15.5,49,103.4,43,1,84.5,267,426,154,5.7,15.8,1.42
Kareem Hunt,11841,HB,CLV,8,0.7,15,86.0,66.7,2,3,0,2.6,1,17,8,0,81.8,56.5,76.7,84.5,83.4,0.5,1,0,29,5.0,11,218,0,37,87.2,190,22.5,49,102.0,43,1,13.3,29,285,283,7.6,7.7,1.5
Zay Jones,11792,WR,OAK,15,11.3,0,62.8,50.0,2,4,0,0.0,0,10,23,0,86.5,76.2,53.7,44.9,52.1,0.0,0,2,23,0.5,2,394,0,27,93.9,370,34.8,137,56.0,43,0,65.2,257,216,78,2.9,8.0,0.58
David Johnson,9519,HB,ARZ,13,3.5,5,83.7,100.0,4,4,0,2.7,1,17,1,1,80.4,69.3,72.2,64.3,74.5,0.7,2,1,31,18.2,54,297,0,36,78.1,232,21.9,65,123.8,43,4,5.7,17,370,233,6.5,10.3,1.59
Blake Jarwin,12320,TE,DAL,16,10.0,3,72.1,40.0,4,10,0,3.1,1,17,9,1,77.8,27.5,61.4,76.5,66.6,50.2,119,2,42,10.1,24,237,1,31,84.8,201,38.8,92,101.4,43,3,10.5,25,365,157,5.1,11.8,1.82
Giovani Bernard,7818,HB,CIN,16,0.0,5,71.4,33.3,1,3,0,9.1,3,7,7,2,59.5,30.5,51.8,76.1,36.5,0.0,0,1,35,26.3,100,380,0,30,68.9,262,7.1,27,74.9,42,0,7.9,30,234,220,7.3,7.8,0.89
Latavius Murray,7962,HB,NO,16,-1.2,13,81.0,100.0,1,1,1,8.1,3,10,20,0,62.9,90.3,73.9,62.1,68.2,0.0,0,1,30,18.8,49,261,1,34,75.9,198,1.9,5,88.0,42,1,1.1,3,235,291,8.6,6.9,1.19
Joe Mixon,11803,HB,CIN,16,-0.3,9,83.3,66.7,2,3,0,5.4,2,14,7,0,72.0,86.7,75.3,64.6,68.3,0.0,0,0,33,23.5,78,332,3,35,72.6,241,3.3,11,118.9,42,3,9.0,30,287,333,9.5,8.2,1.19
Jalen Richard,11395,HB,OAK,16,1.7,1,85.7,100.0,2,2,0,2.7,1,15,23,1,80.4,62.0,66.1,69.8,68.0,0.0,0,0,33,16.3,41,252,0,36,81.0,204,4.0,10,98.7,42,0,7.5,19,323,249,6.9,9.0,1.58
Nick Boyle,9604,TE,BLT,16,6.4,1,73.8,28.6,2,7,1,6.1,2,13,3,0,69.0,76.8,73.5,68.5,66.1,63.2,184,1,35,19.9,58,291,8,31,75.9,221,25.1,73,101.4,42,2,5.5,16,321,159,5.1,10.4,1.45
Olabisi Johnson,47882,WR,MIN,15,10.3,1,75.6,60.0,3,5,1,3.1,1,17,18,0,78.9,78.1,66.2,,64.8,0.0,0,0,23,0.0,0,304,2,31,93.8,285,38.8,118,119.4,41,3,60.9,185,294,67,2.2,9.5,1.03
Kaden Smith,40973,TE,NYG,9,5.9,2,75.6,42.9,3,7,0,6.1,2,12,21,2,68.4,20.6,54.5,56.2,56.0,70.8,196,0,32,8.7,24,277,2,31,86.6,240,20.6,57,116.7,41,3,6.9,19,268,92,3.0,8.6,1.12
Paul Richardson Jr.,8680,WR,WAS,10,10.1,1,68.3,16.7,1,6,0,6.7,2,13,32,0,66.0,76.1,59.7,,58.8,0.0,0,2,22,0.0,0,280,0,28,92.9,260,23.2,65,79.8,41,2,76.8,215,245,49,1.8,8.8,0.94
Jakobi Meyers,47468,WR,NE,15,10.8,5,65.0,70.0,7,10,0,10.3,3,17,19,0,55.9,76.1,64.7,,67.0,0.0,0,1,35,0.0,0,292,2,26,92.8,271,59.6,174,83.2,40,0,39.0,114,359,119,4.6,13.8,1.32
KeeSean Johnson,39587,WR,ARZ,10,10.2,1,52.5,16.7,1,6,0,12.5,3,10,1,1,50.8,25.6,53.5,,53.4,0.0,0,1,31,0.0,0,256,2,21,94.1,241,5.1,13,63.2,40,1,94.9,243,187,49,2.3,8.9,0.78
Jeremy Sprinkle,11909,TE,WAS,16,6.8,2,65.0,28.6,2,7,1,7.1,2,13,32,1,64.1,26.2,49.8,68.5,50.0,68.1,256,2,23,13.3,50,376,7,26,80.9,304,16.8,63,68.9,40,1,14.6,55,241,100,3.8,9.3,0.79
Greg Ward,12258,WR,PHI,6,7.5,2,70.0,42.9,3,7,0,3.4,1,18,24,0,66.6,83.1,73.4,,72.1,0.0,0,0,38,0.0,0,206,0,28,95.6,197,61.2,126,95.2,40,1,38.3,79,254,106,3.8,9.1,1.29
Josh Reynolds,11872,WR,LA,16,11.4,7,53.8,27.3,3,11,0,8.7,2,15,26,0,61.3,76.7,65.9,75.6,65.6,0.7,2,1,31,1.4,4,290,1,21,91.0,264,31.7,92,79.6,39,1,67.6,196,326,143,6.8,15.5,1.23
J.D. McKissic,11047,HB,DET,16,0.3,5,87.2,33.3,1,3,0,0.0,0,7,11,0,89.7,83.8,72.4,54.1,78.1,0.0,0,0,26,10.5,20,191,1,34,80.6,154,15.7,30,100.1,39,1,22.0,42,233,239,7.0,6.9,1.51
Cody Latimer,8691,WR,NYG,15,12.5,1,61.5,45.5,5,11,1,7.7,2,19,21,0,63.2,83.0,68.4,,67.5,0.4,1,1,43,0.0,0,268,3,24,93.7,251,19.8,53,91.8,39,2,79.9,214,300,76,3.2,12.5,1.2
DeAndre Washington,10777,HB,OAK,16,1.1,6,92.3,100.0,1,1,0,5.3,2,10,23,0,71.4,89.4,76.5,77.2,80.8,0.0,0,0,28,13.9,21,151,0,36,84.1,127,0.0,0,97.9,39,0,6.6,10,292,256,7.1,8.1,2.3
Devin Singletary,40485,HB,BUF,12,1.4,6,74.4,,0,0,0,14.7,5,5,4,0,38.6,27.3,66.1,60.0,47.7,0.0,0,0,49,16.0,54,337,2,29,80.4,271,7.4,25,101.9,39,2,13.9,47,194,195,6.7,6.7,0.72
Ryan Griffin,7982,TE,NYJ,13,5.3,1,87.2,66.7,4,6,0,5.6,2,19,22,0,62.9,77.4,61.9,63.5,63.4,65.0,268,0,45,25.5,105,412,2,34,69.2,285,17.5,72,140.4,39,5,15.5,64,320,184,5.4,9.4,1.12
Javon Wims,41406,WR,CHI,16,11.9,0,47.4,33.3,2,6,0,14.3,3,9,6,0,43.3,73.9,52.0,70.4,50.5,1.6,5,2,37,0.7,2,305,3,18,94.4,288,21.3,65,48.8,38,1,77.0,235,186,47,2.6,10.3,0.65
Isaiah McKenzie,11927,WR,BUF,15,4.6,4,71.1,0.0,0,2,0,6.9,2,12,4,0,65.0,80.1,68.8,,66.0,0.0,0,0,46,0.0,0,247,1,27,96.0,237,53.4,132,97.9,38,1,46.2,114,254,211,7.8,9.4,1.07
Hayden Hurst,47294,TE,BLT,16,9.0,2,78.9,25.0,1,4,0,3.2,1,16,3,0,88.3,76.8,74.1,72.1,79.3,26.9,60,0,61,1.8,4,223,0,30,92.8,207,48.4,108,122.5,38,2,21.5,48,349,151,5.0,11.6,1.69
Ronald Jones,34001,HB,TB,16,0.5,7,81.6,33.3,1,3,0,3.1,1,12,30,1,68.8,47.4,67.6,38.4,59.8,0.0,0,1,41,22.5,51,227,1,31,74.9,170,2.6,6,89.6,38,0,3.5,8,309,300,9.7,10.0,1.82
James Conner,11860,HB,PIT,10,-1.6,19,89.5,100.0,1,1,0,2.9,1,14,25,0,79.6,72.7,73.6,43.4,89.8,0.0,0,0,26,14.9,29,195,0,34,78.5,153,4.1,8,120.5,38,3,4.1,8,251,300,8.8,7.4,1.64
Mecole Hardman Jr.,42683,WR,KC,16,9.6,8,72.2,60.0,3,5,1,3.7,1,18,16,0,77.3,37.1,69.1,,69.6,0.9,3,0,83,0.0,0,332,1,26,88.3,293,49.7,165,153.9,36,6,48.8,162,538,298,11.5,20.7,1.84
Damien Williams,9205,HB,KC,11,0.9,13,83.3,,0,0,1,3.2,1,10,16,0,78.9,71.0,65.7,55.7,66.2,0.4,1,0,32,13.3,33,248,2,30,77.8,193,8.1,20,109.8,36,2,5.2,13,213,238,7.9,7.1,1.1
C.J. Uzomah,9590,TE,CIN,16,4.4,2,75.0,25.0,1,4,0,6.9,2,12,7,0,65.0,75.9,49.4,55.8,52.6,75.7,256,0,36,21.9,74,338,1,27,75.1,254,10.4,35,111.1,36,2,10.7,36,242,130,4.8,9.0,0.95
Keelan Cole Sr.,51593,WR,JAX,16,12.1,0,66.7,66.7,4,6,0,4.0,1,19,15,0,62.3,77.2,66.5,,68.2,0.4,1,1,55,0.0,0,275,2,24,93.8,258,52.0,143,115.6,36,3,47.6,131,361,105,4.4,15.0,1.4
Keke Coutee,47698,WR,HST,9,7.6,3,62.9,0.0,0,2,0,12.0,3,10,13,1,40.4,26.0,53.1,,52.3,0.4,1,2,51,0.0,0,243,0,22,94.7,230,72.0,175,60.9,35,0,27.2,66,254,138,6.3,11.5,1.1
Rex Burkhead,7971,HB,NE,13,3.2,3,77.1,33.3,1,3,1,3.6,1,10,19,1,76.1,61.8,70.2,69.2,64.7,1.7,3,0,32,11.0,20,181,1,27,84.5,153,9.4,17,99.6,35,0,18.2,33,279,232,8.6,10.3,1.82
Isaiah Ford,11991,WR,MIA,8,8.2,3,65.7,54.5,6,11,0,8.0,2,16,17,0,61.5,75.8,68.9,39.9,67.8,0.6,1,2,28,0.0,0,159,0,23,93.1,148,35.8,57,62.1,35,0,63.5,101,244,86,3.7,10.6,1.65
Tajae Sharpe,10774,WR,TEN,15,15.0,0,71.4,57.1,4,7,0,0.0,0,20,31,0,85.7,75.5,74.2,71.3,74.2,0.0,0,1,47,0.8,2,248,1,25,93.1,231,27.4,68,127.0,35,4,72.6,180,329,60,2.4,13.2,1.42
David Moore,11981,WR,SEA,14,15.3,5,50.0,22.2,2,9,0,5.6,1,14,29,1,68.7,39.9,67.0,,67.4,0.0,0,1,60,0.0,0,205,3,17,93.2,191,27.8,57,88.0,34,2,72.2,148,301,129,7.6,17.7,1.58
Josh Hill,8200,TE,NO,16,5.2,3,75.8,33.3,1,3,0,3.8,1,13,20,0,75.5,75.9,67.5,66.4,61.6,64.4,213,0,29,26.0,86,331,4,25,69.5,230,15.4,51,124.1,33,3,16.0,53,226,160,6.4,9.0,0.98
Pharoh Cooper,10751,WR,ARZ,13,9.3,2,75.8,57.1,4,7,1,7.4,2,10,1,0,65.2,89.0,70.3,65.6,69.4,0.0,0,0,28,0.6,1,167,1,25,89.2,149,91.0,152,106.0,33,1,7.8,13,243,79,3.2,9.7,1.63
David Montgomery,45719,HB,CHI,16,2.6,8,75.8,40.0,2,5,0,7.4,2,7,6,0,65.0,72.5,66.6,78.6,65.8,0.6,2,0,30,23.9,79,331,1,25,72.2,239,1.5,5,98.7,33,1,3.3,11,185,168,6.7,7.4,0.77
Jakeem Grant Sr.,10820,WR,MIA,10,12.1,1,57.6,50.0,1,2,1,9.5,2,9,17,0,59.2,84.1,62.1,,64.4,0.6,1,2,18,0.0,0,159,2,19,93.1,148,40.3,64,45.5,33,0,57.2,91,164,93,4.9,8.6,1.11
Seth Roberts,9079,WR,BLT,16,10.6,3,65.6,71.4,5,7,2,4.5,1,18,3,0,71.5,74.6,63.5,,63.2,0.0,0,1,33,0.0,0,307,3,21,95.8,294,12.1,37,99.9,32,2,87.9,270,271,69,3.3,12.9,0.92
Marcus Johnson,11074,WR,IND,8,17.3,0,53.1,62.5,5,8,0,19.0,4,12,14,0,30.0,74.2,59.8,,59.0,0.0,0,0,50,0.0,0,249,1,17,94.8,236,12.4,31,103.3,32,2,87.6,218,277,43,2.5,16.3,1.17
LeSean McCoy,4976,HB,KC,13,-1.7,3,87.5,,0,0,0,3.4,1,6,16,1,76.1,29.7,65.1,63.0,56.8,0.0,0,0,23,8.8,16,182,1,28,79.7,145,8.8,16,100.7,32,1,6.6,12,181,245,8.8,6.5,1.25
Ty Johnson,45769,HB,DET,16,1.7,2,77.4,66.7,2,3,0,7.7,2,4,11,1,62.3,60.7,51.2,25.8,41.3,0.0,0,0,13,15.5,37,239,0,24,78.7,188,5.9,14,81.3,31,0,11.7,28,109,98,4.1,4.5,0.58
Bennie Fowler,8914,WR,NYG,8,10.8,0,74.2,70.0,7,10,0,8.0,2,12,21,0,63.2,75.8,60.6,,60.2,0.8,2,1,17,0.0,0,247,2,23,93.1,230,19.0,47,76.4,31,0,80.2,198,193,31,1.3,8.4,0.84
Delanie Walker,3120,TE,TEN,7,7.8,2,70.0,25.0,1,4,0,4.5,1,11,31,1,72.1,25.0,64.0,23.3,66.2,32.3,51,1,29,3.2,5,158,1,21,89.9,142,46.2,73,98.6,30,2,20.3,32,215,70,3.3,10.2,1.51
Dion Lewis,6301,HB,TEN,16,-0.9,4,83.3,0.0,0,1,1,10.7,3,7,31,0,52.7,55.8,60.2,62.4,48.0,0.0,0,0,24,30.7,93,303,1,25,65.3,198,9.6,29,100.6,30,1,3.6,11,164,197,7.9,6.6,0.83
Tim Patrick,12087,WR,DEN,8,10.7,1,53.3,66.7,4,6,0,5.9,1,14,10,0,67.7,74.2,66.7,72.2,65.9,1.5,3,1,38,0.5,1,203,1,16,91.1,185,28.1,57,62.9,30,0,70.4,143,218,40,2.5,13.6,1.18
Vyncint Smith,66957,WR,NYJ,13,11.9,2,58.6,33.3,2,6,0,10.5,2,11,22,0,57.1,21.7,62.4,,62.6,0.0,0,3,37,0.0,0,183,0,17,92.9,170,25.7,47,43.7,29,0,74.3,136,225,109,6.4,13.2,1.32
Mark Ingram II,6180,HB,BLT,15,1.1,5,92.9,100.0,1,1,0,0.0,0,16,3,0,86.9,68.0,79.8,79.5,84.0,0.0,0,0,25,23.7,54,228,1,26,72.4,165,4.8,11,143.0,28,5,11.8,27,247,231,8.9,9.5,1.5
Tevin Coleman,9506,HB,SF,14,-1.3,1,75.0,0.0,0,1,1,8.7,2,9,28,0,61.3,90.1,69.5,63.4,63.7,0.0,0,1,37,18.8,42,223,1,21,76.2,170,6.3,14,88.4,28,1,7.2,16,180,205,9.8,8.6,1.06
Patrick Laird,28219,HB,MIA,8,1.3,3,82.1,100.0,1,1,0,11.5,3,13,17,0,52.7,85.4,52.4,26.3,66.4,0.0,0,0,21,21.6,48,222,0,23,71.2,158,5.0,11,97.0,28,0,15.8,35,204,178,7.7,8.9,1.29
Jaron Brown,8128,WR,SEA,14,9.5,1,57.1,100.0,1,1,0,11.1,2,10,29,1,54.5,23.2,57.2,63.4,57.0,1.8,4,1,48,2.2,5,224,2,16,88.8,199,43.8,98,91.4,28,2,54.5,122,220,60,3.8,13.8,1.11
Demetrius Harris,8524,TE,CLV,15,9.5,5,55.6,25.0,2,8,1,16.7,3,10,8,0,29.8,73.3,46.1,64.6,48.8,75.6,242,0,23,22.5,72,320,5,15,69.7,223,18.1,58,108.4,27,3,5.9,19,149,67,4.5,9.9,0.67
Ian Thomas,42130,TE,CAR,15,6.6,1,59.3,20.0,1,5,0,15.8,3,10,5,0,39.8,73.3,51.8,78.5,52.3,22.5,47,1,19,8.6,18,209,1,16,88.0,184,66.0,138,69.4,27,1,10.0,21,136,80,5.0,8.5,0.74
Logan Thomas,8755,TE,DET,16,10.9,0,59.3,33.3,2,6,0,5.9,1,9,11,0,54.8,73.6,55.1,61.7,60.2,36.4,75,1,17,15.5,32,206,3,16,79.1,163,51.0,105,75.1,27,1,10.2,21,173,87,5.4,10.8,1.06
Chester Rogers,10918,WR,IND,11,9.2,1,59.3,40.0,2,5,0,20.0,4,11,14,0,28.5,49.9,50.5,74.0,52.1,0.4,1,0,27,0.8,2,242,1,16,92.6,224,87.6,212,103.8,27,2,12.0,29,179,70,4.4,11.2,0.8
Justin Hardy,9540,WR,ATL,15,7.8,1,73.1,50.0,4,8,0,5.0,1,9,2,0,69.9,74.1,67.3,69.2,66.2,0.0,0,0,23,0.8,1,118,0,19,94.1,111,50.8,60,94.2,26,0,48.3,57,195,81,4.3,10.3,1.76
Boston Scott,39462,HB,PHI,7,-1.7,8,92.3,,0,0,0,4.0,1,10,24,1,73.5,28.0,69.3,59.6,84.4,0.0,0,0,39,15.1,16,106,0,24,82.1,87,16.0,17,99.4,26,0,2.8,3,204,275,11.5,8.5,2.34
Will Dissly,30762,TE,SEA,6,9.5,1,88.5,100.0,2,2,0,0.0,0,14,29,1,85.3,25.6,79.6,66.9,87.1,52.6,72,0,38,14.6,20,137,4,23,76.6,105,35.8,49,148.2,26,4,11.7,16,262,77,3.3,11.4,2.5
Josh Jacobs,45953,HB,OAK,13,-1.5,9,76.9,0.0,0,1,0,13.0,3,8,23,0,47.8,83.9,87.1,73.6,55.4,0.0,0,0,28,18.3,35,191,0,20,77.0,147,1.6,3,92.8,26,0,8.4,16,166,192,9.6,8.3,1.13
Justin Watson,66915,WR,TB,8,13.0,0,60.0,66.7,4,6,0,11.8,2,10,30,0,51.2,77.5,63.9,66.3,62.5,1.3,2,2,17,0.7,1,153,0,15,95.4,146,49.0,75,71.9,25,2,49.7,76,159,15,1.0,10.6,1.09
Rhett Ellison,7128,TE,NYG,10,5.3,3,72.0,85.7,6,7,0,10.0,2,4,21,0,58.1,74.4,65.6,72.6,59.7,81.4,149,1,31,23.5,43,183,0,18,69.4,127,12.6,23,86.6,25,1,4.9,9,167,85,4.7,9.3,1.31
Tre'Quan Smith,48228,WR,NO,11,9.6,7,72.0,50.0,3,6,0,5.3,1,17,20,0,69.9,74.1,65.2,76.5,62.0,1.6,5,1,32,1.0,3,311,3,18,92.3,287,61.1,190,124.0,25,5,37.0,115,234,113,6.3,13.0,0.82
Jesse James,9593,TE,DET,16,5.5,0,64.0,0.0,0,2,0,11.1,2,8,11,0,53.3,73.3,53.7,48.3,55.9,77.0,208,0,23,31.9,86,270,2,16,63.7,172,17.0,46,79.1,25,0,5.2,14,142,61,3.8,8.9,0.83
C.J. Ham,11347,FB,MIN,16,2.0,2,70.8,66.7,2,3,0,5.6,1,6,18,0,69.6,27.6,62.0,80.5,63.4,17.7,22,0,36,19.4,24,124,0,17,77.4,96,2.4,3,100.9,24,1,9.7,12,149,125,7.4,8.8,1.55
Charles Clay,6326,TE,ARZ,15,8.0,1,75.0,0.0,0,2,0,0.0,0,12,1,0,83.6,74.4,64.7,54.1,62.3,52.2,118,1,47,11.5,26,226,1,18,82.7,187,23.5,53,102.3,24,1,9.3,21,237,95,5.3,13.2,1.27
Trey Burton,9185,TE,CHI,8,5.5,0,60.9,50.0,3,6,0,12.5,2,5,6,0,49.6,72.7,49.2,56.5,48.3,31.7,64,1,16,7.9,16,202,1,14,86.6,175,49.0,99,49.9,23,0,18.8,38,84,40,2.9,6.0,0.48
Christian Blake,47900,WR,ATL,9,8.2,0,47.8,80.0,4,5,1,0.0,0,5,2,0,79.4,71.9,51.3,,52.4,0.0,0,0,13,0.0,0,232,4,11,95.7,222,23.7,55,58.4,23,0,76.3,177,91,24,2.2,8.3,0.41
Tavon Austin,7789,WR,DAL,14,14.0,0,56.5,28.6,2,7,0,0.0,0,8,9,0,80.6,44.8,59.9,65.3,62.4,0.0,0,1,59,0.6,1,165,3,13,91.5,151,29.1,48,77.6,23,1,70.9,117,177,83,6.4,13.6,1.17
Scott Miller,47481,WR,TB,9,16.6,0,56.5,50.0,1,2,0,0.0,0,5,30,0,80.0,73.3,63.3,,62.1,0.0,0,0,48,0.0,0,149,0,13,91.9,137,30.9,46,99.9,23,1,69.1,103,200,38,2.9,15.4,1.46
Kyle Juszczyk,7912,FB,SF,12,5.5,1,87.0,100.0,2,2,0,4.8,1,11,28,0,70.5,75.8,73.8,71.7,72.8,25.9,41,0,49,19.0,30,158,5,20,74.1,117,12.7,20,124.5,23,1,12.7,20,239,155,7.8,12.0,2.04
Derrick Henry,10679,HB,TEN,15,-1.9,5,78.3,100.0,2,2,0,14.3,3,5,31,0,43.3,47.3,76.2,61.5,49.0,0.0,0,0,75,19.0,48,252,3,18,77.0,194,2.4,6,133.0,23,2,2.0,5,206,240,13.3,11.4,1.06
Parris Campbell,47940,WR,IND,7,8.1,5,78.3,0.0,0,1,0,5.3,1,6,14,2,68.7,16.6,54.7,,54.0,0.0,0,0,27,0.0,0,124,2,18,96.0,119,47.6,59,104.2,23,1,52.4,65,127,109,6.1,7.1,1.07
Dante Pettis,48113,WR,SF,11,8.8,2,47.8,0.0,0,4,0,8.3,1,7,28,0,60.2,72.0,56.4,,54.5,0.0,0,2,21,0.0,0,158,1,11,94.9,150,43.0,68,54.4,23,2,56.3,89,109,26,2.4,9.9,0.73
N'Keal Harry,48297,WR,NE,7,10.0,4,52.2,42.9,3,7,1,14.3,2,7,19,0,48.0,74.7,66.6,,64.0,0.0,0,1,18,0.0,0,137,1,12,92.0,126,13.1,18,75.5,23,2,86.1,118,105,45,3.8,8.8,0.83
Benjamin Watson,1753,TE,NE,10,8.5,3,73.9,100.0,3,3,0,10.5,2,9,19,0,55.6,73.9,53.6,65.2,55.1,29.1,82,0,26,12.4,35,282,4,17,84.4,238,53.5,151,95.0,23,0,16.0,45,173,88,5.2,10.2,0.73
Foster Moreau,47043,TE,OAK,13,4.5,4,91.3,100.0,2,2,0,0.0,0,14,23,0,84.1,74.6,70.8,55.4,80.8,84.2,149,1,23,24.9,44,177,1,21,72.9,129,5.6,10,119.7,23,5,9.0,16,174,107,5.1,8.3,1.35
Damion Ratley,48182,WR,CLV,10,14.3,2,54.5,16.7,1,6,2,0.0,0,11,8,0,79.4,72.7,62.9,,65.0,0.0,0,1,46,0.0,0,173,3,12,93.6,162,20.8,36,81.6,22,1,79.2,137,200,50,4.2,16.7,1.23
Taysom Hill,12112,QB,NO,16,5.0,1,86.4,50.0,1,2,0,5.0,1,14,20,0,69.6,82.0,84.1,76.5,74.4,23.8,31,0,45,2.3,3,130,0,19,87.7,114,47.7,62,150.6,22,6,20.0,26,234,148,7.8,12.3,2.05
Matt Breida,12271,HB,SF,12,-0.7,4,86.4,66.7,2,3,0,9.5,2,6,28,0,56.9,53.0,73.2,50.4,66.3,0.0,0,1,17,13.6,16,118,0,19,83.1,98,3.4,4,85.6,22,1,12.7,15,120,130,6.8,6.3,1.22
Mack Hollins,11873,WR,MIA,15,14.6,0,45.5,0.0,0,1,2,16.7,2,7,17,0,45.7,71.9,49.5,67.6,50.2,0.0,0,0,20,0.8,2,243,5,10,91.4,222,30.9,75,63.6,22,0,69.1,168,125,37,3.7,12.5,0.56
Adrian Peterson,3623,HB,WAS,15,-1.6,8,77.3,100.0,1,1,0,5.6,1,7,32,1,68.7,56.2,67.6,21.2,58.7,0.0,0,0,22,17.9,30,168,0,17,75.6,127,0.6,1,93.4,22,0,1.8,3,142,161,9.5,8.4,1.12
Miles Boykin,48209,WR,BLT,16,18.0,0,59.1,50.0,2,4,1,13.3,2,10,3,0,48.0,72.3,60.9,,59.4,0.0,0,0,50,0.0,0,192,3,13,93.8,180,9.9,19,128.4,22,3,90.1,173,198,17,1.3,15.2,1.1
Ricky Seals-Jones,12020,TE,CLV,14,11.9,0,63.6,42.9,3,7,0,6.7,1,10,8,1,51.5,22.4,56.8,78.1,57.9,41.1,79,0,59,4.2,8,192,0,14,87.5,168,46.4,89,138.1,22,4,12.0,23,229,98,7.0,16.4,1.36
Malik Turner,48078,WR,SEA,15,12.0,4,71.4,,0,0,0,16.7,3,10,29,0,39.8,73.3,68.0,81.5,65.5,5.6,8,0,33,3.5,5,143,1,15,88.8,127,45.5,65,126.1,21,1,49.0,70,245,105,7.0,16.3,1.93
Raheem Mostert,9783,HB,SF,15,2.4,2,66.7,33.3,1,3,0,12.5,2,6,28,0,49.8,72.5,75.5,54.9,58.3,0.5,1,0,39,20.3,40,197,0,14,75.6,149,3.0,6,125.1,21,2,9.1,18,180,152,10.9,12.9,1.21
Anthony Firkser,51837,TE,TEN,15,10.0,0,66.7,50.0,3,6,0,12.5,2,9,31,0,51.2,73.0,69.4,30.8,70.6,22.1,32,1,39,5.5,8,145,1,14,89.0,129,57.2,83,94.1,21,1,17.9,26,204,71,5.1,14.6,1.58
Nick Vannett,10728,TE,PIT,16,6.5,3,81.0,33.3,1,3,0,0.0,0,5,25,0,67.7,73.6,48.2,43.9,48.9,74.0,165,0,18,9.4,21,223,3,17,84.3,188,17.9,40,99.6,21,0,6.3,14,166,71,4.2,9.8,0.88
Dontrelle Inman,6597,WR,IND,7,13.4,0,57.1,16.7,1,6,0,20.0,3,9,14,0,31.3,71.9,62.9,,63.5,0.0,0,0,28,0.0,0,136,1,12,93.4,127,47.1,64,85.6,21,0,52.9,72,181,31,2.6,15.1,1.43
Ryquell Armstead,45810,HB,JAX,14,2.1,1,66.7,,0,0,0,17.6,3,8,15,0,36.3,82.1,55.4,43.0,48.1,0.0,0,1,31,10.5,11,105,0,14,84.8,89,1.9,2,98.1,21,2,2.9,3,144,114,8.1,10.3,1.62
Marquise Goodwin,7859,WR,SF,8,13.1,0,57.1,25.0,1,4,0,25.0,4,10,28,0,28.7,72.5,59.6,,58.0,0.7,1,0,38,0.0,0,142,0,12,92.3,131,27.5,39,102.5,21,1,71.8,102,186,38,3.2,15.5,1.42
Jeff Heuerman,9525,TE,DEN,14,5.3,1,70.0,,0,0,0,6.7,1,9,10,0,64.7,72.7,60.0,72.2,56.9,83.2,164,1,26,21.8,43,197,0,14,73.6,145,9.1,18,80.0,20,1,6.1,12,114,46,3.3,8.1,0.79
Peyton Barber,10927,HB,TB,16,0.4,4,80.0,0.0,0,1,0,0.0,0,4,30,0,81.7,75.7,64.9,59.6,66.2,0.0,0,1,16,27.6,45,163,0,16,67.5,110,4.9,8,86.5,20,1,1.2,2,115,123,7.7,7.2,1.05
Tony Pollard,27126,HB,DAL,15,-0.7,3,75.0,0.0,0,1,1,6.3,1,4,9,0,65.6,67.8,82.9,19.4,72.1,0.0,0,1,21,9.4,9,96,1,15,84.4,81,24.0,23,82.7,20,1,4.2,4,107,139,9.3,7.1,1.32
Jake Kumerow,9883,WR,GB,13,14.6,3,60.0,33.3,2,6,0,7.7,1,8,12,0,61.8,71.9,63.4,62.3,60.3,0.5,1,1,49,0.5,1,196,2,12,92.9,182,24.0,47,93.5,20,1,75.5,148,219,91,7.6,18.3,1.2
Ross Dwelley,20994,TE,SF,16,6.1,0,75.0,66.7,2,3,0,0.0,0,8,28,0,81.7,73.3,56.1,51.8,59.0,51.4,93,1,25,13.3,24,181,0,15,80.1,145,24.9,45,96.0,20,2,7.7,14,91,39,2.6,6.1,0.63
James O'Shaughnessy,9606,TE,JAX,5,6.6,2,70.0,25.0,1,4,0,0.0,0,7,15,0,81.1,73.0,62.5,77.8,66.3,51.9,68,0,35,8.4,11,131,0,14,86.3,113,42.0,55,125.6,20,2,5.3,7,153,84,6.0,10.9,1.35
Deon Cain,13597,WR,PIT,13,13.0,0,47.4,42.9,3,7,0,18.2,2,7,25,0,38.7,70.6,55.6,,55.1,0.0,0,1,35,0.0,0,211,0,9,91.0,192,8.1,17,46.8,19,0,91.9,194,124,22,2.4,13.8,0.65
J.J. Arcega-Whiteside,35014,WR,PHI,14,18.1,0,52.6,28.6,2,7,0,9.1,1,7,24,0,60.2,71.5,53.8,,52.6,0.0,0,1,30,0.0,0,323,2,10,94.4,305,13.0,42,78.6,19,1,87.0,281,169,19,1.9,16.9,0.55
Chase Edmonds,45851,HB,ARZ,10,-0.2,2,63.2,50.0,1,2,0,29.4,5,5,1,0,27.6,84.7,69.7,74.5,54.1,0.0,0,1,31,19.1,25,131,0,12,77.1,101,26.7,35,73.4,19,1,6.9,9,105,104,8.7,8.8,1.04
Kalen Ballage,45741,HB,MIA,12,-1.2,1,73.7,100.0,1,1,0,22.2,4,4,17,0,29.5,86.2,58.2,75.1,42.7,0.0,0,1,13,27.3,45,165,0,14,67.3,111,4.2,7,55.4,19,0,3.0,5,63,87,6.2,4.5,0.57
Mark Walton,45996,HB,MIA,7,-1.7,3,78.9,50.0,1,2,0,0.0,0,3,17,1,81.1,53.0,67.5,32.8,48.4,0.0,0,0,18,22.1,31,140,0,15,75.0,105,4.3,6,86.2,19,0,2.1,3,89,119,7.9,5.9,0.85
Sony Michel,27589,HB,NE,16,-0.5,3,63.2,,0,0,0,25.0,4,7,19,0,28.7,71.6,68.0,82.5,47.3,0.0,0,1,19,26.1,37,142,0,12,71.8,102,2.1,3,53.4,19,0,6.3,9,94,120,10.0,7.8,0.92
Ameer Abdullah,9487,HB,MIN,16,0.8,1,78.9,0.0,0,1,0,0.0,0,5,18,0,81.7,44.4,59.5,87.2,65.7,1.0,1,1,16,13.5,14,104,0,15,81.7,85,6.7,7,81.6,19,1,9.6,10,88,81,5.4,5.9,1.04
Matt LaCosse,9840,TE,NE,11,7.5,1,68.4,100.0,2,2,0,13.3,2,6,19,0,47.7,72.3,54.0,58.2,49.4,52.1,111,1,24,20.2,43,213,0,13,76.1,162,38.0,81,83.4,19,1,5.6,12,131,46,3.5,10.1,0.81
Derek Carrier,7406,TE,OAK,15,9.6,0,68.4,60.0,3,5,1,7.1,1,4,23,0,64.4,73.2,65.4,77.1,60.6,59.2,58,0,25,11.2,11,98,1,13,82.7,81,15.3,15,100.3,19,1,22.4,22,108,50,3.8,8.3,1.33
D'haquille Williams,11366,WR,BUF,4,11.3,2,63.2,75.0,3,4,0,20.0,3,8,4,0,33.8,72.3,65.3,44.9,64.8,0.0,0,0,41,1.6,2,126,1,12,97.6,123,45.2,57,108.7,19,1,54.8,69,166,49,4.1,13.8,1.35
Maxx Williams,9488,TE,ARZ,16,7.4,5,83.3,100.0,1,1,0,6.3,1,11,1,0,65.6,73.0,79.1,82.1,61.0,57.0,138,1,28,25.2,61,242,1,15,71.9,174,32.2,78,108.8,18,1,4.1,10,202,109,7.3,13.5,1.16
Marcedes Lewis,2973,TE,GB,16,5.9,2,83.3,100.0,1,1,0,6.3,1,8,12,0,67.0,73.3,71.0,73.8,64.8,86.8,197,0,25,30.0,68,227,1,15,66.1,150,5.7,13,121.3,18,1,7.0,16,156,85,5.7,10.4,1.04
Darrel Williams,13014,HB,KC,11,1.3,1,83.3,,0,0,0,6.3,1,7,16,0,65.6,45.3,63.5,55.8,62.4,0.7,1,0,52,20.3,29,143,0,15,72.7,104,3.5,5,123.8,18,1,7.0,10,167,185,12.3,11.1,1.61
Vernon Davis,2951,TE,WAS,4,6.4,3,58.8,50.0,1,2,1,9.1,1,4,32,0,60.2,71.5,49.4,55.1,52.9,49.7,74,2,48,7.4,11,149,2,10,83.2,124,32.9,49,61.3,17,1,16.8,25,123,78,7.8,12.3,0.99
Seth DeValve,10772,TE,JAX,12,6.3,0,70.6,25.0,1,4,0,0.0,0,7,15,0,80.0,72.3,57.9,82.4,62.9,46.2,79,0,20,9.9,17,171,0,12,86.5,148,33.3,57,95.2,17,0,9.9,17,140,63,5.3,11.7,0.95
Robert Foster,48230,WR,BUF,11,25.9,0,17.6,0.0,0,3,0,0.0,0,3,4,0,70.5,68.7,52.7,65.7,52.7,0.0,0,1,24,0.7,1,143,1,3,94.4,135,25.9,37,18.3,17,0,74.1,106,64,33,11.0,21.3,0.47
Nick O'Leary,9627,TE,JAX,12,5.4,0,76.5,50.0,1,2,0,7.1,1,4,15,1,63.2,21.4,51.6,87.5,48.2,48.7,94,1,19,21.8,42,193,0,13,71.5,138,31.6,61,87.6,17,1,14.0,27,109,45,3.5,8.4,0.79
Ty Montgomery,9527,WR,NYJ,16,0.9,0,76.5,0.0,0,1,0,0.0,0,3,22,0,81.1,85.0,58.5,20.1,64.0,1.1,1,1,21,12.0,11,92,0,13,82.6,76,33.7,31,63.4,17,0,6.5,6,90,94,7.2,6.9,1.18
Laquon Treadwell,10657,WR,MIN,13,15.6,1,56.3,25.0,1,4,0,0.0,0,8,18,0,77.3,70.6,71.6,,75.2,0.0,0,1,58,0.0,0,84,3,9,96.4,81,29.8,25,91.7,16,1,70.2,59,184,58,6.4,20.4,2.27
Byron Pringle,42345,WR,KC,12,11.5,5,75.0,100.0,1,1,0,14.3,2,7,16,0,47.7,73.8,63.4,66.9,63.9,7.0,6,1,28,1.2,1,86,2,12,88.4,76,43.0,37,103.6,16,1,50.0,43,170,66,5.5,14.2,2.24
Geoff Swaim,9679,TE,JAX,6,2.3,0,81.3,,0,0,2,0.0,0,1,15,0,80.0,72.3,46.5,48.1,48.4,38.8,45,0,9,11.2,13,116,5,13,80.2,93,56.9,66,83.6,16,0,4.3,5,65,48,3.7,5.0,0.7
Travis Benjamin,7100,WR,LAC,5,13.3,2,37.5,25.0,1,4,0,33.3,3,3,27,0,27.9,68.8,46.4,,47.2,0.0,0,0,13,0.0,0,146,1,6,92.5,135,32.9,48,45.8,16,0,67.1,98,30,18,3.0,5.0,0.22
Damion Willis,61737,WR,CIN,9,11.8,2,56.3,20.0,1,5,0,18.2,2,3,7,0,41.4,71.1,52.2,,51.7,0.0,0,0,17,0.0,0,155,1,9,92.9,144,34.8,54,70.3,16,0,65.2,101,82,16,1.8,9.1,0.57
Marlon Mack,11898,HB,IND,14,-0.1,1,87.5,,0,0,0,6.7,1,2,14,0,49.6,91.1,69.5,24.4,43.5,0.0,0,0,14,16.3,37,227,0,14,78.0,177,3.5,8,88.0,16,0,2.2,5,82,80,5.7,5.9,0.46
Keelan Doss,48143,WR,OAK,8,11.4,3,73.3,50.0,2,4,0,8.3,1,6,23,0,61.8,20.9,58.6,66.2,59.0,0.0,0,0,31,1.0,1,102,0,11,94.1,96,52.9,54,100.1,15,0,47.1,48,133,59,5.4,12.1,1.39
Robert Tonyan,12193,TE,GB,11,10.9,0,66.7,50.0,1,2,0,0.0,0,4,12,0,78.0,71.1,62.0,60.6,67.9,76.3,71,0,28,18.3,17,93,2,10,77.4,72,19.4,18,107.6,15,1,4.3,4,100,28,2.8,10.0,1.39
T.J. Yeldon,9469,HB,BUF,6,0.4,1,86.7,,0,0,0,7.1,1,6,4,0,63.2,28.0,58.1,43.5,62.1,0.0,0,1,23,13.2,16,121,0,13,82.6,100,4.1,5,73.3,15,0,16.5,20,124,121,9.3,9.5,1.24
Kerryon Johnson,34455,HB,DET,8,4.2,3,66.7,0.0,0,3,0,16.7,2,7,11,0,41.1,69.0,66.7,70.9,50.5,0.0,0,0,36,26.8,40,149,0,10,69.8,104,2.0,3,115.1,15,1,7.4,11,127,123,12.3,12.7,1.22
Frank Gore,2282,HB,BUF,16,0.8,2,86.7,,0,0,0,7.1,1,5,4,0,63.5,90.4,64.1,70.4,55.9,0.0,0,0,18,21.2,35,165,0,13,73.3,121,4.8,8,94.4,15,0,8.5,14,100,89,6.8,7.7,0.83
Chris Hogan,6468,WR,CAR,7,8.1,0,53.3,33.3,1,3,0,0.0,0,3,5,0,76.5,76.8,54.9,,54.7,0.0,0,1,13,0.0,0,112,0,8,98.2,110,45.5,51,37.4,15,0,54.5,61,67,34,4.3,8.4,0.61
Cordarrelle Patterson,7810,WR,CHI,14,4.1,3,73.3,0.0,0,2,0,0.0,0,3,6,0,78.7,84.8,54.7,80.5,53.7,6.5,9,0,33,5.0,7,139,1,11,90.6,126,28.8,40,86.3,15,0,59.7,83,83,74,6.7,7.5,0.66
Andre Patton,12043,WR,LAC,12,17.0,1,40.0,20.0,1,5,0,25.0,2,4,27,0,29.7,68.8,45.7,65.9,43.6,0.3,1,1,15,0.3,1,334,1,6,90.7,303,41.0,137,23.2,15,0,58.7,196,56,28,4.7,9.3,0.18
Antonio Callaway,48101,WR,CLV,4,10.9,1,53.3,0.0,0,3,0,11.1,1,3,8,0,54.5,70.1,54.8,,57.0,0.0,0,2,41,0.0,0,106,2,8,93.4,99,22.6,24,31.7,15,0,77.4,82,89,44,5.5,11.1,0.9
Durham Smythe,47257,TE,MIA,16,9.1,0,50.0,0.0,0,1,0,12.5,1,2,17,0,52.1,73.4,52.7,66.7,42.9,65.1,166,1,24,36.5,93,255,1,7,60.0,153,22.7,58,33.3,14,0,9.8,25,65,15,2.1,9.3,0.42
Hale Hentges,47150,TE,WAS,11,8.4,0,57.1,25.0,1,4,0,20.0,2,6,32,0,35.3,70.1,63.8,60.6,63.5,72.0,54,0,24,17.3,13,75,0,8,81.3,61,13.3,10,104.2,14,1,13.3,10,103,48,6.0,12.9,1.69
Wayne Gallman,11895,HB,NYG,10,1.5,4,78.6,100.0,1,1,0,8.3,1,4,21,0,61.8,36.8,60.9,62.8,58.9,0.0,0,0,21,20.5,26,127,0,11,73.2,93,0.0,0,120.8,14,1,10.2,13,102,109,9.9,9.3,1.1
Ito Smith,45932,HB,ATL,7,1.5,5,78.6,0.0,0,1,1,0.0,0,2,2,0,80.0,80.1,59.9,28.7,63.2,0.0,0,0,11,27.0,33,122,2,11,65.6,80,1.6,2,92.6,14,0,9.0,11,87,75,6.8,7.9,1.09
Donte Moncrief,8725,WR,CAR,8,12.9,0,28.6,0.0,0,5,0,33.3,2,1,5,0,28.6,67.0,45.6,,47.7,0.0,0,1,11,0.0,0,98,1,4,90.8,89,31.6,31,9.8,14,0,68.4,67,18,4,1.0,4.5,0.2
Justice Hill,45865,HB,BLT,16,1.4,2,57.1,0.0,0,1,0,11.1,1,5,3,0,35.3,86.3,53.4,68.4,50.2,0.0,0,0,14,12.0,13,108,0,8,85.2,92,6.5,7,70.5,14,0,25.0,27,70,82,10.3,8.8,0.76
Carlos Hyde,8692,HB,HST,16,0.2,3,71.4,0.0,0,1,0,9.1,1,2,13,0,60.2,48.3,74.2,46.3,46.9,0.0,0,2,14,9.0,22,245,0,10,86.1,211,0.0,0,34.5,14,0,17.1,42,42,53,5.3,4.2,0.2
Luke Stocker,6256,TE,ATL,15,4.6,0,57.1,50.0,1,2,0,11.1,1,2,2,1,54.5,18.5,63.0,59.0,35.0,92.4,183,2,18,42.9,85,198,0,8,53.5,106,3.5,7,25.9,14,0,3.5,7,53,35,4.4,6.6,0.5
Dontrell Hilliard,45691,HB,CLV,14,-0.3,2,85.7,100.0,1,1,0,7.7,1,4,8,0,63.2,86.8,54.3,17.0,60.9,0.0,0,1,19,14.8,16,108,0,12,75.9,82,7.4,8,64.3,14,0,21.3,23,92,102,8.5,7.7,1.12
Jordan Howard,10784,HB,PHI,10,-0.1,2,76.9,100.0,1,1,0,16.7,2,3,24,0,41.1,89.5,69.0,75.6,51.0,0.0,0,0,20,30.6,44,144,0,10,64.6,93,4.2,6,113.9,13,1,4.2,6,69,73,7.3,6.9,0.74
DeAndre Carter,9859,WR,HST,8,11.1,0,84.6,,0,0,0,8.3,1,6,13,0,60.2,29.8,60.0,,58.8,0.0,0,0,46,0.0,0,130,0,11,95.4,124,51.5,67,118.6,13,0,48.5,63,162,57,5.2,14.7,1.31
Trent Sherfield,48021,WR,ARZ,12,15.9,0,30.8,33.3,1,3,0,33.3,2,4,1,0,28.7,68.7,52.2,,50.0,0.0,0,1,38,0.0,0,152,0,4,94.7,144,8.6,13,21.3,13,0,90.8,138,80,13,3.3,20.0,0.56
Blake Bell,9550,TE,KC,15,6.8,1,61.5,33.3,1,3,2,27.3,3,3,16,0,28.8,70.1,50.0,66.4,39.4,82.0,173,0,30,37.4,79,211,3,8,59.2,125,3.3,7,74.8,13,0,13.7,29,67,13,1.6,8.4,0.54
Andy Isabella,47448,WR,ARZ,13,6.9,3,69.2,66.7,2,3,0,0.0,0,4,1,0,77.3,76.1,64.2,,64.0,0.0,0,0,88,0.0,0,103,0,9,93.2,96,22.3,23,137.5,13,1,76.7,79,189,140,15.6,21.0,1.97
Jordan Matthews,8677,WR,SF,2,17.5,0,30.8,14.3,1,7,0,20.0,1,1,28,0,41.6,67.0,52.8,,52.5,0.0,0,1,10,0.0,0,102,0,4,95.1,97,15.7,16,8.2,13,0,84.3,86,33,5,1.3,8.3,0.34
Johnny Holton,11354,WR,PIT,15,26.9,0,23.1,0.0,0,3,0,40.0,2,1,25,0,28.1,71.6,47.4,,43.3,0.9,1,1,18,0.0,0,107,1,3,89.7,96,24.3,26,7.5,13,0,74.8,80,21,10,3.3,7.0,0.22
Dan Arnold,51842,TE,ARZ,5,14.8,0,61.5,66.7,2,3,0,0.0,0,6,1,0,77.3,70.6,71.7,70.2,76.8,32.4,24,0,37,2.7,2,74,1,8,90.5,67,48.6,36,133.7,13,2,16.2,12,127,27,3.4,15.9,1.9
Tyler Kroft,9518,TE,BUF,11,8.5,0,46.2,33.3,1,3,0,14.3,1,5,4,0,49.2,68.8,54.7,73.8,50.1,70.2,106,0,20,24.5,37,151,3,6,72.8,110,20.5,31,88.9,13,1,8.6,13,71,28,4.7,11.8,0.65
Wendell Smallwood,10787,HB,WAS,11,2.0,0,69.2,0.0,0,1,0,0.0,0,4,32,0,78.0,79.3,58.8,39.5,66.6,0.0,0,0,18,15.1,16,106,0,9,82.1,87,3.8,4,80.3,13,0,4.7,5,64,53,5.9,7.1,0.74
Travis Homer,45859,HB,SEA,3,-0.1,2,91.7,,0,0,0,8.3,1,3,29,0,60.6,79.8,63.1,61.1,61.1,0.0,0,0,11,22.7,15,66,1,11,72.7,48,7.6,5,86.1,12,0,6.1,4,56,63,5.7,5.1,1.17
Brandon Zylstra,66438,WR,CAR,6,13.5,0,66.7,100.0,2,2,0,11.1,1,5,5,0,54.9,73.2,66.4,60.9,64.1,0.0,0,0,40,2.0,1,50,0,8,98.0,49,12.0,6,94.4,12,0,86.0,43,106,13,1.6,13.3,2.16
Adam Shaheen,11800,TE,CHI,8,4.8,1,75.0,25.0,1,4,0,0.0,0,3,6,0,78.0,72.0,61.2,70.6,62.0,41.4,36,0,18,12.6,11,87,1,9,80.5,70,28.7,25,90.3,12,0,28.7,25,74,37,4.1,8.2,1.06
Kalif Raymond,11028,WR,TEN,8,18.2,0,75.0,0.0,0,1,0,0.0,0,6,31,1,77.3,83.6,75.5,,76.8,0.0,0,1,52,0.0,0,55,0,9,98.2,54,72.7,40,109.7,12,1,27.3,15,170,16,1.8,18.9,3.15
Brian Hill,11911,HB,ATL,10,1.7,2,83.3,,0,0,0,9.1,1,4,2,0,58.5,86.4,58.9,16.3,51.8,0.0,0,0,12,19.6,28,143,0,10,75.5,108,0.7,1,118.4,12,1,3.5,5,69,52,5.2,6.9,0.64
Danny Vitale,10831,FB,GB,15,6.8,0,58.3,,0,0,0,12.5,1,3,12,0,52.1,70.3,49.3,71.4,53.7,8.0,7,0,27,18.2,16,88,1,7,76.1,67,5.7,5,84.4,12,0,18.2,16,97,59,8.4,13.9,1.45
Joshua Perkins,11051,TE,PHI,4,9.3,1,75.0,100.0,2,2,0,0.0,0,5,24,0,77.3,70.6,61.6,70.7,61.2,29.1,23,0,24,2.5,2,79,0,9,93.7,74,48.1,38,122.6,12,1,22.8,18,87,27,3.0,9.7,1.18
Virgil Green,6356,TE,LAC,15,5.3,2,81.8,0.0,0,1,0,0.0,0,4,27,0,78.0,71.1,58.0,66.5,54.7,62.2,125,0,15,20.9,42,201,2,9,70.6,142,26.4,53,126.5,11,1,10.9,22,78,42,4.7,8.7,0.55
Bobo Wilson,12067,WR,TB,5,14.2,0,27.3,25.0,1,4,1,0.0,0,2,30,0,70.5,81.6,57.7,,58.4,1.4,1,2,14,0.0,0,70,1,3,97.1,68,14.3,10,0.8,11,0,84.3,59,35,2,0.7,11.7,0.51
Alexander Mattison,45817,HB,MIN,13,2.8,1,90.9,0.0,0,1,0,0.0,0,3,18,0,78.0,66.7,69.4,27.7,65.0,0.0,0,0,17,7.1,6,85,0,10,85.9,73,1.2,1,97.7,11,0,9.4,8,82,77,7.7,8.2,1.12
Mo Alie-Cox,12078,TE,IND,16,4.8,2,72.7,0.0,0,1,0,0.0,0,5,14,0,76.5,70.1,67.3,70.3,59.8,85.0,108,0,21,28.3,36,127,0,8,67.7,86,8.7,11,97.9,11,0,6.3,8,93,60,7.5,11.6,1.08
Bilal Powell,6278,HB,NYJ,12,1.1,1,63.6,,0,0,0,22.2,2,0,22,0,31.8,84.4,54.8,36.3,37.1,1.1,1,0,9,23.9,22,92,0,7,70.7,65,5.4,5,67.6,11,0,5.4,5,33,45,6.4,4.7,0.51
C.J. Prosise,10724,HB,SEA,8,2.8,0,90.9,,0,0,0,0.0,0,3,29,0,78.0,29.3,56.0,42.6,64.2,0.0,0,0,21,16.0,15,94,0,10,80.9,76,7.4,7,95.5,11,0,13.8,13,76,66,6.6,7.6,1.0
Patrick Ricard,48862,DI,BLT,16,-0.6,1,72.7,,0,0,0,11.1,1,3,3,0,54.5,70.1,76.7,86.2,57.5,36.9,31,0,10,27.4,23,84,1,8,67.9,57,20.2,17,110.8,11,1,10.7,9,47,54,6.8,5.9,0.82
Jordan Wilkins,26618,HB,IND,13,0.9,2,63.6,,0,0,0,22.2,2,1,14,0,32.2,83.7,69.8,28.4,40.4,0.0,0,0,11,16.5,18,109,0,7,78.0,85,6.4,7,71.4,11,0,3.7,4,43,33,4.7,6.1,0.51
Ben Braunecker,11335,TE,CHI,8,10.5,1,54.5,33.3,1,3,0,14.3,1,5,6,0,49.2,68.8,55.7,45.2,55.9,41.1,39,0,18,11.6,11,95,0,6,82.1,78,44.2,42,100.2,11,1,13.7,13,59,25,4.2,9.8,0.76
Brandon Bolden,7469,HB,NE,9,5.6,4,81.8,100.0,1,1,0,10.0,1,6,19,0,56.7,83.7,68.3,82.1,72.0,5.2,3,1,29,10.3,6,58,1,9,87.9,51,15.5,9,101.1,11,1,19.0,11,111,59,6.6,12.3,2.18
Jesper Horsted,91465,TE,CHI,6,10.9,1,80.0,66.7,2,3,0,0.0,0,4,6,1,77.3,70.6,54.1,67.4,58.0,14.9,14,1,20,2.1,2,94,2,8,91.5,86,46.8,44,100.4,10,1,38.3,36,96,42,5.3,12.0,1.12
Braxton Berrios,47961,WR,NYJ,11,9.0,1,60.0,100.0,2,2,0,14.3,1,3,22,0,49.2,89.2,56.1,,57.5,0.0,0,0,69,0.0,0,66,1,6,97.0,64,78.8,52,100.0,10,0,18.2,12,115,88,14.7,19.2,1.8
Stanley Morgan,48110,WR,CIN,9,6.7,0,30.0,0.0,0,4,1,25.0,1,0,7,0,36.2,65.8,45.2,72.5,44.1,4.2,3,0,9,2.8,2,71,1,3,97.2,69,35.2,25,39.6,10,0,60.6,43,18,12,4.0,6.0,0.26
Tevin Jones,11163,WR,PIT,5,12.7,0,40.0,40.0,2,5,0,33.3,2,1,25,0,28.6,67.0,53.3,,52.1,0.0,0,3,28,0.0,0,98,0,4,94.9,93,92.9,91,21.3,10,0,7.1,7,61,12,3.0,15.3,0.66
David Njoku,11784,TE,CLV,4,6.9,1,50.0,33.3,2,6,0,28.6,2,3,8,0,29.2,68.0,49.8,58.4,48.3,67.2,45,1,18,16.4,11,67,0,5,77.6,52,23.9,16,54.6,10,1,9.0,6,41,14,2.8,8.2,0.79
DeSean Jackson,4363,WR,PHI,3,14.5,0,90.0,100.0,1,1,0,10.0,1,6,24,0,56.7,70.6,81.7,,83.0,0.0,0,0,53,0.0,0,40,1,9,95.0,38,45.0,18,158.3,10,2,55.0,22,159,18,2.0,17.7,4.18
Tommy Sweeney,47216,TE,BUF,6,10.5,1,80.0,0.0,0,1,0,11.1,1,4,4,0,56.7,70.6,72.6,54.5,71.1,68.1,47,0,29,13.0,9,69,1,8,85.5,59,30.4,21,114.2,10,0,1.4,1,114,41,5.1,14.3,1.93
Rashard Higgins,10806,WR,CLV,7,12.8,0,40.0,0.0,0,1,0,20.0,1,3,8,0,46.3,69.5,53.6,,52.2,0.0,0,0,35,0.0,0,113,1,4,92.0,104,41.6,47,91.7,10,1,58.4,66,55,10,2.5,13.8,0.53
Ryan Switzer,11888,WR,PIT,7,1.8,0,80.0,0.0,0,1,0,0.0,0,2,25,0,76.5,83.9,51.8,,52.8,0.0,0,0,8,0.0,0,70,0,8,95.7,67,81.4,57,79.2,10,0,17.1,12,27,16,2.0,3.4,0.4
Andrew Beck,47121,TE,DEN,16,3.2,0,90.0,0.0,0,1,0,10.0,1,6,10,0,56.7,71.8,58.8,64.7,62.5,27.4,29,0,29,16.0,17,106,3,9,78.3,83,4.7,5,137.5,10,1,17.0,18,90,66,7.3,10.0,1.08
Darwin Thompson,83791,HB,KC,10,-1.9,1,90.0,,0,0,1,10.0,1,2,16,0,56.7,82.1,57.1,23.7,52.7,0.0,0,0,19,6.3,4,63,2,9,84.1,53,9.5,6,84.6,10,0,9.5,6,43,63,7.0,4.8,0.81
Trevor Davis,10797,WR,MIA,8,9.7,1,80.0,,0,0,0,0.0,0,4,17,1,77.3,38.7,49.3,,49.7,0.0,0,0,28,0.0,0,116,2,8,95.7,111,37.1,43,112.9,10,0,61.2,71,111,69,8.6,13.9,1.0
Myles Gaskin,45914,HB,MIA,7,0.0,1,70.0,0.0,0,1,1,22.2,2,2,17,0,31.8,81.4,57.4,35.3,41.6,0.0,0,0,20,19.8,17,86,1,7,77.9,67,1.2,1,81.7,10,0,11.6,10,51,47,6.7,7.3,0.76
Chris Lacy,29726,WR,DET,7,14.7,0,30.0,0.0,0,2,0,25.0,1,2,11,0,36.8,67.9,50.2,62.4,50.4,0.0,0,1,48,1.1,1,91,0,3,93.4,85,35.2,32,12.5,10,0,64.8,59,60,9,3.0,20.0,0.71
Marvin Hall,11440,WR,DET,9,29.7,0,70.0,66.7,2,3,0,0.0,0,7,11,0,75.6,74.3,85.4,,84.0,0.0,0,1,58,0.0,0,71,0,7,95.8,68,40.8,29,106.3,10,1,59.2,42,261,35,5.0,37.3,3.84
Darren Sproles,2347,HB,PHI,6,1.2,2,60.0,,0,0,0,25.0,2,1,24,0,31.8,84.0,47.0,73.2,35.8,0.0,0,0,7,11.3,9,80,2,6,82.5,66,11.3,9,64.6,10,0,16.3,13,24,27,4.5,4.0,0.36
Zach Line,8420,FB,NO,12,2.9,0,60.0,0.0,0,1,0,0.0,0,1,20,0,74.6,73.6,62.2,83.7,49.9,8.2,8,1,12,25.8,25,97,0,6,71.1,69,2.1,2,27.5,10,0,24.7,24,36,43,7.2,6.0,0.52
Jaeden Graham,31849,TE,ATL,12,8.9,1,90.0,100.0,1,1,0,0.0,0,7,2,0,77.3,70.6,65.4,72.3,60.0,42.9,57,0,53,2.3,3,133,2,9,90.2,120,48.1,64,152.1,10,1,9.0,12,149,70,7.8,16.6,1.24
KhaDarel Hodge,26104,WR,CLV,9,15.4,0,40.0,66.7,2,3,0,20.0,1,3,8,0,42.1,67.0,54.3,,54.0,0.0,0,1,41,0.0,0,103,0,4,93.2,96,32.0,33,27.5,10,0,68.0,70,76,13,3.3,19.0,0.79
Justin Jackson,29539,HB,LAC,7,-0.3,0,90.0,100.0,1,1,0,0.0,0,0,27,0,78.7,81.7,84.4,25.7,74.4,0.0,0,0,9,17.9,10,56,0,9,78.6,44,7.1,4,79.2,10,0,5.4,3,22,38,4.2,2.4,0.5
Rashaad Penny,27414,HB,SEA,10,1.7,3,80.0,,0,0,0,0.0,0,3,29,0,76.5,56.3,74.6,55.5,80.0,0.0,0,0,30,9.9,8,81,0,8,77.8,63,3.7,3,134.6,10,1,9.9,8,83,93,11.6,10.4,1.32
Richie James,28991,WR,SF,15,12.3,0,60.0,0.0,0,2,0,14.3,1,5,28,0,49.7,89.9,62.4,,62.2,0.0,0,1,57,0.0,0,104,1,6,94.2,98,48.1,50,97.9,10,1,50.0,52,165,104,17.3,27.5,1.68
Daniel Brown,10144,TE,NYJ,14,11.0,0,77.8,100.0,1,1,0,0.0,0,4,22,0,75.6,70.6,49.2,62.2,55.2,62.4,88,0,24,22.0,31,141,1,7,72.3,102,19.9,28,137.0,9,1,16.3,23,72,22,3.1,10.3,0.71
Devontae Booker,10770,HB,DEN,9,3.8,1,66.7,100.0,1,1,0,14.3,1,1,10,0,49.2,74.7,65.8,78.7,63.6,0.0,0,0,25,8.0,2,25,0,6,88.0,22,8.0,2,84.0,9,0,24.0,6,57,45,7.5,9.5,2.59
Ryan Grant,8777,WR,GB,2,3.0,0,44.4,0.0,0,1,1,20.0,1,1,12,0,42.1,67.0,47.6,,52.9,0.0,0,1,9,0.0,0,57,2,4,98.2,56,42.1,24,12.0,9,0,57.9,33,14,7,1.8,3.5,0.25
Marcell Ateman,23670,WR,OAK,10,18.1,1,55.6,50.0,1,2,0,16.7,1,3,23,1,45.8,16.0,58.3,,57.4,0.0,0,0,36,0.0,0,85,0,5,96.5,82,22.4,19,100.5,9,0,77.6,66,116,28,5.6,23.2,1.41
Luke Willson,7940,TE,SEA,8,7.0,0,88.9,100.0,1,1,0,0.0,0,5,29,0,76.5,70.1,61.9,71.4,66.0,71.9,82,0,17,28.1,32,114,2,8,66.7,76,15.8,18,103.2,9,0,11.4,13,79,40,5.0,9.9,1.04
Derrius Guice,45664,HB,WAS,5,-0.7,4,77.8,,0,0,0,12.5,1,2,32,0,52.1,82.3,76.0,83.0,61.9,0.0,0,0,45,18.0,9,50,0,7,78.0,39,0.0,0,140.3,9,1,0.0,0,79,87,12.4,11.3,2.03
Tyler Conklin,47124,TE,MIN,15,6.9,0,88.9,100.0,3,3,1,0.0,0,2,18,0,76.5,70.1,53.7,69.5,57.4,86.7,91,0,20,32.4,34,105,3,8,66.7,70,9.5,10,93.5,9,0,2.9,3,58,18,2.3,7.3,0.83
Troy Fumagalli,47333,TE,DEN,11,4.4,0,66.7,0.0,0,1,0,14.3,1,1,10,0,49.2,68.8,48.6,65.1,48.5,59.5,50,0,9,8.3,7,84,1,6,84.5,71,21.4,18,112.3,9,1,17.9,15,38,14,2.3,6.3,0.54
Reggie Bonnafon,47542,HB,CAR,8,3.3,0,66.7,,0,0,0,14.3,1,1,5,0,49.2,79.4,55.4,38.2,48.6,0.0,0,1,32,16.3,7,43,0,6,79.1,34,4.7,2,44.4,9,0,7.0,3,57,50,8.3,9.5,1.68
Clive Walford,9501,TE,MIA,7,9.9,1,50.0,0.0,0,2,0,42.9,3,4,17,0,27.0,67.0,57.9,57.2,51.9,37.7,23,0,19,16.4,10,61,0,4,82.0,50,45.9,28,73.4,8,0,16.4,10,57,27,6.8,14.3,1.14
Riley Ridley,47933,WR,CHI,5,12.8,0,75.0,,0,0,0,0.0,0,4,6,0,74.6,68.8,63.8,,63.4,1.4,1,0,32,0.0,0,74,0,6,97.3,72,25.7,19,100.5,8,0,73.0,54,69,16,2.7,11.5,0.96
Cedrick Wilson Jr.,48170,WR,DAL,3,15.1,0,62.5,66.7,2,3,0,0.0,0,2,9,0,73.4,76.1,56.1,,57.9,0.0,0,0,14,0.0,0,45,1,5,86.7,39,33.3,15,78.1,8,0,66.7,30,46,12,2.4,9.2,1.18
Mike Davis,9559,HB,CAR,6,0.8,0,87.5,,0,0,0,0.0,0,1,5,0,75.6,76.2,53.6,61.4,63.8,0.0,0,0,7,29.0,18,62,0,7,66.1,41,0.0,0,79.2,8,0,1.6,1,22,30,4.3,3.1,0.54
Russell Shepard,8254,WR,NYG,3,9.5,0,37.5,0.0,0,1,0,0.0,0,1,21,0,70.5,65.8,50.3,,47.4,0.0,0,0,12,0.0,0,53,0,3,100.0,53,58.5,31,46.4,8,0,41.5,22,25,14,4.7,8.3,0.47
Antonio Brown,5718,WR,NE,1,12.5,1,50.0,33.3,1,3,0,0.0,0,3,19,0,72.1,68.3,90.0,,86.9,0.0,0,0,20,0.0,0,17,0,4,82.4,14,52.9,9,112.5,8,1,47.1,8,56,6,1.5,14.0,4.0
DeAndrew White,9697,WR,CAR,7,16.8,0,50.0,0.0,0,2,0,0.0,0,3,5,0,72.1,76.4,61.3,,60.9,0.0,0,3,18,0.0,0,48,0,4,97.9,47,25.0,12,30.7,8,0,72.9,35,51,27,6.8,12.8,1.09
J.P. Holtz,11062,TE,CHI,14,2.1,0,87.5,,0,0,0,12.5,1,4,6,0,52.1,71.7,66.9,78.3,52.8,69.9,95,0,30,33.8,46,136,0,7,64.7,88,8.8,12,114.1,8,0,14.0,19,91,78,11.1,13.0,1.03
Devin Smith,9470,WR,DAL,3,19.8,2,62.5,,0,0,0,0.0,0,4,9,0,73.4,68.0,63.7,,64.5,0.0,0,0,51,0.0,0,75,0,5,92.0,69,28.0,21,145.8,8,1,72.0,54,113,34,6.8,22.6,1.64
Diontae Spencer,91248,WR,DEN,10,6.3,0,75.0,0.0,0,1,0,0.0,0,1,10,1,75.6,40.6,52.0,,50.1,0.0,0,0,20,0.0,0,46,0,6,91.3,42,37.0,17,80.7,8,0,47.8,22,31,32,5.3,5.2,0.74
Ryan Izzo,47327,TE,NE,6,9.5,0,75.0,0.0,0,1,0,0.0,0,4,19,0,74.6,68.8,46.7,55.4,54.6,50.7,68,0,41,23.9,32,134,4,6,69.4,93,40.3,54,156.3,8,1,8.2,11,114,52,8.7,19.0,1.23
Patrick DiMarco,6997,FB,BUF,12,4.7,1,71.4,100.0,1,1,0,16.7,1,1,4,0,46.3,71.9,50.4,74.5,47.3,0.0,0,0,27,14.9,10,67,0,5,80.6,54,19.4,13,86.0,7,0,43.3,29,41,31,6.2,8.2,0.76
Johnny Mundt,12206,TE,LA,11,4.0,0,57.1,,0,0,0,20.0,1,1,26,0,28.7,67.0,63.8,77.1,41.0,64.4,56,0,9,50.6,44,87,0,4,46.0,40,16.1,14,65.2,7,0,13.8,12,26,11,2.8,6.5,0.65
D'Ernest Johnson,45734,HB,CLV,5,5.0,1,85.7,0.0,0,1,0,0.0,0,1,8,0,74.6,77.6,56.6,19.9,78.4,2.9,1,0,27,23.5,8,34,0,6,70.6,24,0.0,0,108.9,7,0,5.9,2,71,43,7.2,11.8,2.96
MyCole Pruitt,9576,TE,TEN,16,4.9,2,85.7,0.0,0,1,0,0.0,0,4,31,0,74.6,68.8,61.5,78.0,61.4,63.5,106,0,42,36.5,61,167,2,6,59.9,100,6.6,11,158.3,7,1,3.0,5,90,68,11.3,15.0,0.9
Lance Kendricks,6199,TE,LAC,9,10.4,0,42.9,25.0,1,4,0,0.0,0,3,27,0,70.5,65.8,60.2,69.6,57.3,16.9,10,0,24,1.7,1,59,0,3,93.2,55,67.8,40,67.6,7,0,15.3,9,50,9,3.0,16.7,0.91
Andre Roberts,5612,WR,BUF,12,15.9,0,42.9,,0,0,0,25.0,1,1,4,0,36.2,90.0,53.1,,51.0,0.0,0,0,7,0.0,0,50,1,3,92.0,46,40.0,20,50.3,7,0,60.0,30,20,7,2.3,6.7,0.43
Gus Edwards,46027,HB,BLT,16,-0.1,1,100.0,,0,0,0,0.0,0,2,3,0,75.6,53.6,70.3,64.4,52.2,0.0,0,0,10,28.3,52,184,2,7,68.5,126,9.2,17,93.5,7,0,14.7,27,45,46,6.6,6.4,0.36
Spencer Ware,7975,HB,KC,3,0.1,1,71.4,100.0,1,1,0,16.7,1,1,16,1,74.6,26.5,59.4,34.6,45.7,3.5,2,0,18,21.1,12,57,0,5,71.9,41,5.3,3,74.7,7,0,3.5,2,22,16,3.2,4.4,0.54
Kenjon Barner,7963,HB,ATL,10,-0.9,0,85.7,,0,0,0,0.0,0,1,2,0,74.6,58.2,60.6,17.2,57.5,0.0,0,0,13,1.7,1,60,0,6,90.0,54,13.3,8,79.8,7,0,26.7,16,22,28,4.7,3.7,0.41
Trey Edmunds,38329,HB,PIT,8,1.0,1,100.0,,0,0,0,0.0,0,2,25,0,74.6,78.9,51.0,25.1,66.5,0.0,0,0,11,27.6,16,58,0,6,67.2,39,1.7,1,100.0,6,0,1.7,1,48,42,7.0,8.0,1.23
Drew Sample,47259,TE,CIN,9,6.5,0,83.3,100.0,1,1,0,0.0,0,1,7,0,73.4,68.0,55.8,70.2,55.8,81.0,47,0,21,36.2,21,58,1,5,60.3,35,8.6,5,87.5,6,0,10.3,6,30,12,2.4,6.0,0.86
Deonte Harty,91470,WR,NO,11,-2.5,2,100.0,,0,0,0,0.0,0,2,20,0,74.6,66.5,62.2,,62.0,0.0,0,0,13,0.0,0,37,0,6,100.0,37,43.2,16,83.3,6,0,56.8,21,24,39,6.5,4.0,0.65
Josh Oliver,47083,TE,JAX,4,6.7,0,50.0,0.0,0,1,0,25.0,1,0,15,0,36.2,65.8,42.9,,41.4,44.2,38,1,6,0.0,0,86,0,3,97.7,84,41.9,36,16.7,6,0,14.0,12,15,6,2.0,5.0,0.18
Stephen Carlson,94365,TE,CLV,9,9.8,2,83.3,100.0,2,2,0,0.0,0,2,8,0,73.4,69.5,61.2,77.3,65.3,73.0,65,0,21,28.1,25,89,0,5,66.3,59,15.7,14,141.7,6,1,9.0,8,51,22,4.4,10.2,0.86
Nick Bawden,27413,FB,DET,9,-0.3,1,66.7,,0,0,0,0.0,0,1,11,0,72.1,67.0,46.5,87.1,57.3,0.0,0,0,10,20.9,9,43,0,4,74.4,32,11.6,5,70.1,6,0,9.3,4,17,21,5.3,4.3,0.53
Alec Ingold,34934,FB,OAK,15,0.3,0,100.0,,0,0,0,0.0,0,4,23,0,74.6,74.9,67.5,87.1,64.0,17.2,10,0,14,22.4,13,58,0,6,75.9,44,0.0,0,136.8,6,1,3.4,2,44,42,7.0,7.3,1.0
Steven Mitchell Jr.,47508,WR,HST,2,17.5,0,33.3,0.0,0,1,0,0.0,0,2,13,0,68.3,64.0,52.9,,56.6,0.0,0,0,21,0.0,0,54,1,2,94.4,51,16.7,9,55.6,6,0,83.3,45,37,13,6.5,18.5,0.73
Tanner Hudson,66924,TE,TB,8,12.4,1,40.0,0.0,0,3,0,50.0,2,1,30,0,27.3,64.0,44.4,74.6,40.3,45.2,33,0,14,5.5,4,73,0,2,87.7,64,32.9,24,57.1,5,0,19.2,14,26,2,1.0,13.0,0.41
Lee Smith,6311,TE,BUF,15,7.4,0,80.0,100.0,1,1,1,0.0,0,2,4,0,72.1,67.0,60.8,74.8,61.2,93.5,116,0,9,54.8,68,124,9,4,41.9,52,4.0,5,132.1,5,1,2.4,3,31,9,2.3,7.8,0.6
Devin Funchess,9474,WR,IND,1,11.2,0,60.0,100.0,2,2,0,0.0,0,2,14,0,70.5,65.8,68.9,,68.1,0.0,0,0,16,0.0,0,21,0,3,100.0,21,4.8,1,78.8,5,0,95.2,20,32,6,2.0,10.7,1.52
Darius Jennings,10038,WR,TEN,8,15.4,0,40.0,0.0,0,1,0,0.0,0,2,31,0,68.3,75.4,67.4,,64.4,0.0,0,1,11,0.0,0,25,0,2,92.0,23,36.0,9,10.0,5,0,64.0,16,17,15,7.5,8.5,0.74
Darrell Henderson,41193,HB,LA,7,0.2,1,80.0,,0,0,0,20.0,1,1,26,0,41.6,82.1,61.8,46.1,48.4,0.0,0,0,14,12.8,6,47,0,4,80.9,38,8.5,4,97.5,5,0,4.3,2,37,38,9.5,9.3,0.97
Chris Moore,10741,WR,BLT,8,13.2,0,60.0,,0,0,0,0.0,0,0,3,0,72.1,72.9,53.4,,52.6,0.0,0,0,13,0.0,0,75,0,3,97.3,73,30.7,23,69.6,5,0,69.3,52,21,11,3.7,7.0,0.29
Jonathan Williams,10790,HB,IND,5,-1.0,2,100.0,,0,0,1,0.0,0,3,14,0,73.4,82.9,87.3,19.8,91.6,0.0,0,0,31,11.4,5,44,2,5,77.3,34,9.1,4,115.8,5,0,4.5,2,59,64,12.8,11.8,1.74
Khari Blasingame,44889,FB,TEN,6,4.2,0,80.0,50.0,1,2,0,0.0,0,2,31,0,72.1,67.0,65.6,83.9,77.3,0.0,0,0,24,27.8,5,18,0,4,72.2,13,0.0,0,111.7,5,0,5.6,1,54,32,8.0,13.5,4.15
Andy Janovich,10810,FB,DEN,7,1.4,0,100.0,,0,0,0,0.0,0,1,10,0,73.4,69.1,67.6,74.9,54.4,10.2,6,0,22,18.6,11,59,1,5,76.3,45,1.7,1,101.7,5,0,23.7,14,42,35,7.0,8.4,0.93
Jason Moore,91472,WR,LAC,8,23.6,0,40.0,,0,0,0,0.0,0,2,27,0,68.3,64.0,57.6,,57.2,0.0,0,0,32,0.0,0,54,0,2,90.7,49,35.2,19,71.3,5,0,64.8,35,43,6,3.0,21.5,0.88
Jeff Wilson Jr.,29413,HB,SF,8,2.8,0,60.0,50.0,1,2,0,0.0,0,1,28,0,70.5,79.4,73.4,52.9,61.5,0.0,0,0,25,37.5,9,24,0,3,50.0,12,8.3,2,120.0,5,1,0.0,0,34,20,6.7,11.3,2.83
Mike Thomas,10840,WR,LA,6,10.4,0,40.0,0.0,0,1,0,0.0,0,1,26,0,68.3,67.1,58.4,,62.5,0.0,0,0,9,0.0,0,19,0,2,100.0,19,47.4,9,47.9,5,0,47.4,9,14,9,4.5,7.0,0.74
Devine Ozigbo,45903,HB,JAX,4,0.4,1,60.0,100.0,1,1,0,25.0,1,1,15,0,36.8,73.7,54.4,25.4,43.8,0.0,0,0,12,14.3,3,21,0,3,76.2,16,0.0,0,71.3,5,0,4.8,1,23,21,7.0,7.7,1.44
Robert Davis,11964,WR,PHI,6,7.2,0,40.0,0.0,0,3,0,0.0,0,2,24,0,70.5,65.8,57.3,,56.3,0.0,0,1,11,0.0,0,81,1,2,96.3,78,9.9,8,10.0,5,0,90.1,73,17,2,1.0,8.5,0.22
Michael Crabtree,4933,WR,ARZ,2,4.8,0,80.0,100.0,1,1,0,0.0,0,0,1,0,72.1,67.0,56.7,,54.1,0.0,0,0,9,0.0,0,26,0,4,100.0,26,0.0,0,85.0,5,0,100.0,26,22,6,1.5,5.5,0.85
Ross Travis,10320,TE,NYJ,3,5.6,0,80.0,0.0,0,1,0,0.0,0,1,22,1,72.1,15.0,56.0,,56.0,5.3,1,0,25,0.0,0,19,0,4,94.7,18,63.2,12,109.2,5,0,31.6,6,51,29,7.3,12.8,2.83
Malcolm Brown,9902,HB,LA,14,1.8,0,40.0,,0,0,0,33.3,1,0,26,0,36.2,85.2,64.4,61.2,40.8,0.0,0,2,10,20.7,28,135,0,2,72.6,98,8.9,12,9.2,5,0,8.9,12,16,7,3.5,8.0,0.16
J.J. Nelson,9592,WR,OAK,2,5.2,0,80.0,,0,0,0,0.0,0,1,23,0,72.1,67.0,57.1,,56.6,0.0,0,0,29,0.0,0,35,0,4,97.1,34,31.4,11,136.3,5,1,65.7,23,36,14,3.5,9.0,1.06
Gunner Olszewski,95015,WR,NE,4,5.5,1,50.0,,0,0,0,0.0,0,1,19,0,68.3,85.7,51.5,,53.8,0.0,0,0,29,0.0,0,46,0,2,93.5,43,10.9,5,79.2,4,0,87.0,40,34,17,8.5,17.0,0.79
Jon Hilliman,45826,HB,NYG,3,-0.5,0,75.0,0.0,0,1,0,0.0,0,0,21,1,70.5,22.1,52.1,87.9,30.7,0.0,0,0,5,27.7,18,65,0,3,70.8,46,0.0,0,77.1,4,0,7.7,5,1,10,3.3,0.3,0.02
Deontay Burnett,47477,WR,PHI,1,21.8,0,50.0,0.0,0,1,0,0.0,0,1,24,0,68.3,64.0,73.5,,71.7,0.0,0,0,41,0.0,0,11,0,2,100.0,11,18.2,2,93.8,4,0,81.8,9,48,7,3.5,24.0,4.36
Deon Yelder,29556,TE,KC,4,8.8,0,75.0,,0,0,0,0.0,0,2,16,0,72.1,15.0,61.5,24.5,62.6,69.6,16,0,24,17.4,4,23,0,3,69.6,16,8.7,2,116.7,4,0,21.7,5,50,33,11.0,16.7,3.13
Jamize Olawale,7572,FB,DAL,14,20.3,0,0.0,,0,0,0,,0,0,9,0,,,52.2,84.6,48.5,2.0,1,0,0,20.4,10,49,0,0,73.5,36,10.2,5,39.6,4,0,12.2,6,0,0,,,0.0
Benny Snell Jr.,45954,HB,PIT,9,-0.5,0,75.0,,0,0,0,0.0,0,1,25,0,72.1,66.8,68.6,46.9,66.5,0.0,0,0,14,18.6,8,43,0,3,72.1,31,0.0,0,88.5,4,0,0.0,0,23,21,7.0,7.7,0.74
Mike Boone,31615,HB,MIN,4,-1.8,2,75.0,,0,0,0,25.0,1,0,18,0,36.2,83.0,78.1,79.8,43.6,0.0,0,1,7,13.0,3,23,0,3,87.0,20,4.3,1,42.7,4,0,4.3,1,17,26,8.7,5.7,0.85
Alexander Hollins,63664,WR,MIN,5,19.0,0,50.0,,0,0,0,33.3,1,2,18,0,27.3,64.0,55.6,,55.0,0.0,0,0,35,0.0,0,36,0,2,91.7,33,11.1,4,91.7,4,0,88.9,32,46,5,2.5,23.0,1.39
Tra Carson,11104,HB,DET,2,0.5,0,100.0,,0,0,0,0.0,0,0,11,0,72.1,77.5,58.6,83.1,61.3,0.0,0,0,8,20.8,5,24,0,4,70.8,17,0.0,0,85.4,4,0,8.3,2,18,16,4.0,4.5,1.06
T.J. Jones,8824,WR,NYG,3,10.8,0,75.0,,0,0,0,0.0,0,2,21,0,70.5,77.3,57.4,,59.9,0.0,0,0,28,0.0,0,34,1,3,97.1,33,14.7,5,143.8,4,1,85.3,29,38,20,6.7,12.7,1.15
Olamide Zaccheaus,44920,WR,ATL,9,16.3,1,75.0,100.0,1,1,0,0.0,0,2,2,0,70.5,65.8,71.5,,72.3,0.0,0,0,93,0.0,0,40,1,3,97.5,39,35.0,14,156.3,4,1,65.0,26,115,62,20.7,38.3,2.95
Ishmael Hyman,28621,WR,TB,2,16.3,0,50.0,,0,0,0,33.3,1,2,30,0,29.9,64.0,57.4,,57.6,0.0,0,1,31,0.0,0,40,1,2,100.0,40,22.5,9,39.6,4,0,77.5,31,34,1,0.5,17.0,0.85
Tyler Ervin,10753,HB,GB,5,14.8,0,50.0,100.0,1,1,0,0.0,0,1,12,0,68.3,85.5,59.8,74.4,55.2,0.0,0,0,6,5.6,1,18,0,2,88.9,16,38.9,7,56.3,4,0,27.8,5,11,11,5.5,5.5,0.69
Austin Carr,12215,WR,NO,6,10.3,0,25.0,0.0,0,1,1,0.0,0,1,20,0,68.3,64.0,50.5,65.7,50.8,0.0,0,0,9,1.0,1,99,2,1,93.9,93,65.7,65,39.6,4,0,34.3,34,9,4,4.0,9.0,0.1
Derek Watt,10832,FB,LAC,16,2.0,1,75.0,,0,0,0,25.0,1,1,27,0,41.6,73.5,57.5,34.2,44.2,11.9,5,0,21,9.5,4,42,0,3,88.1,37,11.9,5,97.9,4,0,11.9,5,32,28,9.3,10.7,0.86
Eric Saubert,11929,TE,CHI,2,2.7,0,66.7,,0,0,0,33.3,1,1,6,0,29.9,64.0,52.3,70.2,50.2,41.4,12,0,11,6.9,2,29,0,2,89.7,26,37.9,11,86.8,3,0,20.7,6,21,19,9.5,10.5,0.81
Michael Walker,48213,WR,JAX,3,4.3,0,66.7,,0,0,0,0.0,0,1,15,0,68.3,20.5,67.2,,66.1,0.0,0,0,9,0.0,0,9,0,2,88.9,8,66.7,6,78.5,3,0,11.1,1,15,7,3.5,7.5,1.88
Fred Brown,23172,WR,DEN,10,12.0,0,66.7,,0,0,0,0.0,0,1,10,0,72.1,69.0,60.1,78.1,60.3,4.2,2,0,16,4.2,2,48,1,2,83.3,40,14.6,7,86.8,3,0,81.3,39,21,-1,-0.5,10.5,0.53
Antony Auclair,24606,TE,TB,8,1.3,0,33.3,0.0,0,2,0,0.0,0,1,30,0,64.7,61.2,38.0,58.2,47.7,100.0,65,0,11,47.7,31,65,2,1,47.7,31,0.0,0,45.1,3,0,0.0,0,11,8,8.0,11.0,0.35
Zach Zenner,9761,HB,MIA,2,1.0,0,66.7,,0,0,0,33.3,1,2,17,0,29.9,69.0,46.5,46.8,44.4,0.0,0,0,13,31.8,7,22,0,2,68.2,15,13.6,3,84.0,3,0,0.0,0,19,20,10.0,9.5,1.27
Da'Mari Scott,39588,WR,NYG,5,6.3,0,66.7,,0,0,0,33.3,1,2,21,0,29.9,77.6,56.5,,58.2,0.0,0,0,11,0.0,0,24,0,2,100.0,24,20.8,5,88.2,3,0,79.2,19,22,14,7.0,11.0,0.92
Pharaoh Brown,12247,TE,CLV,8,8.0,0,66.7,,0,0,1,0.0,0,1,8,0,72.1,67.0,55.2,72.0,59.4,79.4,50,0,18,33.3,21,63,4,2,57.1,36,14.3,9,95.1,3,0,0.0,0,27,15,7.5,13.5,0.75
Cethan Carter,47149,TE,CIN,7,2.3,0,66.7,0.0,0,1,0,0.0,0,2,7,0,68.3,64.0,53.2,59.5,56.9,67.6,23,0,8,29.4,10,34,1,2,64.7,22,17.6,6,115.3,3,1,14.7,5,13,7,3.5,6.5,0.59
Quincy Enunwa,8843,WR,NYJ,1,11.7,0,33.3,0.0,0,1,0,0.0,0,0,22,1,64.7,61.2,55.7,,53.7,0.0,0,0,8,0.0,0,48,1,1,93.8,45,27.1,13,42.4,3,0,72.9,35,-4,-4,-4.0,-4.0,-0.09
Cam Sims,47908,WR,WAS,6,10.7,0,66.7,100.0,1,1,0,0.0,0,1,32,0,68.3,64.0,58.3,,60.7,0.0,0,0,15,0.0,0,39,1,2,94.9,37,28.2,11,95.1,3,0,71.8,28,27,8,4.0,13.5,0.73
Darrell Daniels,12122,TE,ARZ,6,7.3,0,33.3,33.3,1,3,0,50.0,1,1,1,0,28.8,61.2,49.1,63.8,47.5,72.7,8,0,4,9.1,1,11,0,1,81.8,9,9.1,1,42.4,3,0,9.1,1,4,0,0.0,4.0,0.44
Josh Bellamy,7472,WR,NYJ,4,8.0,0,66.7,100.0,1,1,0,33.3,1,1,22,0,29.9,64.0,47.1,,51.5,0.0,0,0,15,0.0,0,37,1,2,89.2,33,27.0,10,85.4,3,0,73.0,27,20,9,4.5,10.0,0.61
C.J. Board,12088,WR,JAX,3,10.3,0,66.7,,0,0,0,33.3,1,1,15,0,30.0,64.0,54.3,,54.0,0.0,0,0,23,0.0,0,19,0,2,94.7,18,10.5,2,100.7,3,0,89.5,17,31,7,3.5,15.5,1.72
Cody Core,10833,WR,NYG,9,8.7,0,100.0,100.0,1,1,0,0.0,0,2,21,0,70.5,65.8,57.2,,60.1,0.0,0,0,11,0.0,0,41,1,3,100.0,41,17.1,7,105.6,3,0,82.9,34,28,2,0.7,9.3,0.68
Anthony Sherman,6288,FB,KC,11,2.0,1,66.7,0.0,0,1,0,0.0,0,2,16,0,68.3,70.0,70.6,79.3,74.6,54.5,12,0,15,27.3,6,22,0,2,68.2,15,0.0,0,88.2,3,0,0.0,0,22,27,13.5,11.0,1.47
Isaac Nauta,47119,TE,DET,5,1.7,0,66.7,,0,0,0,33.3,1,1,11,0,29.9,64.0,55.7,77.1,58.4,0.0,0,0,10,27.3,3,11,0,2,72.7,8,0.0,0,75.7,3,0,9.1,1,13,7,3.5,6.5,1.63
Trevon Wesco,42018,TE,NYJ,15,2.7,0,66.7,,0,0,0,0.0,0,2,22,0,68.3,66.2,64.4,29.4,66.8,72.6,45,0,32,61.3,38,62,0,2,33.9,21,9.7,6,109.7,3,0,6.5,4,47,40,20.0,23.5,2.24
Xavier Grimble,9092,TE,PIT,3,3.0,0,33.3,0.0,0,1,0,50.0,1,0,25,0,28.8,61.2,43.8,75.6,46.5,72.7,24,0,3,15.2,5,33,0,1,78.8,26,12.1,4,42.4,3,0,6.1,2,3,3,3.0,3.0,0.12
Jaleel Scott,48097,WR,BLT,1,15.7,0,33.3,0.0,0,1,0,0.0,0,0,3,0,64.7,61.2,57.1,,57.4,0.0,0,0,6,0.0,0,5,0,1,100.0,5,0.0,0,42.4,3,0,100.0,5,6,6,6.0,6.0,1.2
Troymaine Pope,11473,HB,LAC,2,-1.0,0,66.7,,0,0,0,33.3,1,1,27,0,29.9,82.7,61.4,74.1,56.5,0.0,0,0,13,6.7,1,15,0,2,93.3,14,20.0,3,116.7,3,1,6.7,1,14,14,7.0,7.0,1.0
Marqise Lee,8674,WR,JAX,6,4.7,0,100.0,100.0,1,1,0,0.0,0,2,15,0,70.5,67.4,67.7,,61.7,5.0,2,0,8,0.0,0,40,0,3,95.0,38,37.5,15,91.7,3,0,57.5,23,18,4,1.3,6.0,0.47
Geremy Davis,9619,WR,LAC,5,12.0,0,100.0,100.0,2,2,0,0.0,0,1,27,0,70.5,65.8,58.2,65.6,57.8,0.0,0,0,19,1.8,1,56,0,3,92.9,52,39.3,22,118.8,3,0,60.7,34,38,2,0.7,12.7,0.73
T.J. Logan,11935,HB,TB,8,9.0,0,66.7,,0,0,0,0.0,0,1,30,0,68.3,83.5,55.4,,60.0,0.0,0,0,11,0.0,0,12,0,2,91.7,11,0.0,0,75.7,3,0,58.3,7,13,9,4.5,6.5,1.18
Travis Fulgham,48023,WR,DET,3,20.3,0,0.0,0.0,0,2,0,100.0,2,0,11,0,25.6,,49.0,70.6,40.7,5.1,2,0,0,5.1,2,39,0,0,87.2,34,25.6,10,39.6,3,0,69.2,27,0,0,,,0.0
Wes Hills,30228,HB,DET,1,-0.5,0,100.0,,0,0,0,0.0,0,0,11,0,68.3,73.9,59.8,80.1,63.1,0.0,0,0,2,33.3,4,12,0,2,66.7,8,0.0,0,79.2,2,0,0.0,0,1,2,1.0,0.5,0.13
Jakob Johnson,32565,FB,NE,3,3.5,0,50.0,,0,0,0,0.0,0,0,19,0,64.7,61.2,62.2,81.0,51.1,5.7,2,0,5,17.1,6,35,0,1,82.9,29,8.6,3,56.3,2,0,20.0,7,5,1,1.0,5.0,0.17
Jalen Guyton,34164,WR,LAC,3,36.5,0,0.0,0.0,0,1,0,,0,0,27,0,,,52.7,,52.9,0.0,0,0,0,0.0,0,12,0,0,91.7,11,41.7,5,39.6,2,0,58.3,7,0,0,,,0.0
Levine Toilolo,7915,TE,SF,12,-2.5,1,100.0,100.0,1,1,0,0.0,0,0,28,0,68.3,64.0,58.3,69.4,52.0,94.4,51,0,8,44.4,24,54,1,2,55.6,30,1.9,1,87.5,2,0,0.0,0,10,15,7.5,5.0,0.33
Chad Beebe,21528,WR,MIN,3,1.0,0,100.0,,0,0,0,0.0,0,2,18,0,68.3,79.1,66.4,,71.1,0.0,0,0,61,0.0,0,23,1,2,82.6,19,60.9,14,118.8,2,0,34.8,8,70,68,34.0,35.0,3.68
Jordan Thomas,42062,TE,HST,5,7.5,0,50.0,,0,0,0,0.0,0,0,13,0,28.8,61.2,37.4,12.9,40.1,56.4,22,0,8,15.4,6,39,0,1,82.1,32,28.2,11,60.4,2,0,15.4,6,8,3,3.0,8.0,0.25
Bo Scarbrough,45731,HB,DET,6,-2.0,0,50.0,,0,0,0,0.0,0,0,11,0,64.7,61.7,72.1,48.3,48.2,0.0,0,0,5,31.4,22,70,0,1,64.3,45,5.7,4,56.3,2,0,0.0,0,5,8,8.0,5.0,0.11
Cody Hollister,12052,WR,TEN,1,5.5,0,100.0,,0,0,0,0.0,0,0,31,0,68.3,64.0,60.9,,61.8,0.0,0,0,11,0.0,0,2,0,2,100.0,2,50.0,1,93.8,2,0,50.0,1,13,2,1.0,6.5,6.5
Sean Culkin,12037,TE,LAC,4,7.5,0,50.0,,0,0,0,50.0,1,1,27,0,28.8,61.2,50.7,35.6,47.3,46.4,26,0,12,17.9,10,56,0,1,76.8,43,42.9,24,68.8,2,0,10.7,6,12,3,3.0,12.0,0.28
Alex Armah,11948,FB,CAR,15,-1.0,0,100.0,,0,0,0,0.0,0,0,5,0,68.3,72.3,50.9,77.6,55.3,9.6,5,0,4,55.8,29,52,0,2,42.3,22,1.9,1,79.2,2,0,0.0,0,6,8,4.0,3.0,0.27
Qadree Ollison,45934,HB,ATL,4,2.0,0,50.0,,0,0,0,0.0,0,1,2,0,64.7,26.7,55.6,78.8,50.5,0.0,0,0,7,6.1,2,33,0,1,87.9,29,6.1,2,58.3,2,0,9.1,3,7,3,3.0,7.0,0.24
De'Anthony Thomas,8759,WR,BLT,5,-1.0,0,50.0,,0,0,0,50.0,1,0,3,0,28.8,54.4,48.1,,45.8,0.0,0,0,6,0.0,0,16,0,1,81.3,13,68.8,11,56.3,2,0,25.0,4,6,3,3.0,6.0,0.46
Jamal Agnew,11920,CB,DET,3,14.0,0,50.0,,0,0,0,0.0,0,0,11,0,64.7,87.7,60.0,,55.9,0.0,0,0,-2,0.0,0,7,0,1,85.7,6,42.9,3,56.3,2,0,57.1,4,-2,2,2.0,-2.0,-0.33
Ashton Dulin,91479,WR,IND,9,-3.0,1,100.0,,0,0,0,0.0,0,0,14,0,72.1,71.3,59.3,,59.2,0.0,0,0,13,0.0,0,50,0,2,92.0,46,50.0,25,102.1,2,0,50.0,25,17,23,11.5,8.5,0.37
Nick Bellore,6515,FB,SEA,5,1.5,0,100.0,,0,0,0,0.0,0,2,29,0,68.3,64.0,76.8,71.5,89.5,0.0,0,0,20,33.3,2,6,0,2,66.7,4,0.0,0,154.2,2,1,0.0,0,23,20,10.0,11.5,5.75
Chris Herndon,47164,TE,NYJ,1,6.0,0,50.0,,0,0,0,0.0,0,0,22,0,68.3,64.0,61.3,3.9,64.9,21.4,3,0,7,7.1,1,14,0,1,78.6,11,42.9,6,58.3,2,0,35.7,5,7,5,5.0,7.0,0.64
Scott Simonson,8954,TE,NYG,5,4.0,0,100.0,,0,0,0,0.0,0,1,21,0,68.3,64.0,51.9,75.9,58.2,81.5,22,0,10,18.5,5,27,1,2,81.5,22,14.8,4,89.6,2,0,3.7,1,11,3,1.5,5.5,0.5
Dalton Schultz,47304,TE,DAL,13,9.5,0,50.0,,0,0,0,0.0,0,0,9,0,68.3,66.8,69.4,65.3,51.7,87.5,21,0,6,33.3,8,24,2,1,62.5,15,8.3,2,56.3,2,0,4.2,1,6,0,0.0,6.0,0.4
Keith Smith,9302,FB,ATL,16,12.0,0,50.0,,0,0,0,0.0,0,1,2,0,64.7,70.3,58.2,48.5,51.0,5.3,4,0,13,23.7,18,76,0,1,71.1,54,0.0,0,70.8,2,0,14.5,11,13,13,13.0,13.0,0.24
Javorius Allen,9558,HB,NYG,5,5.0,0,50.0,,0,0,0,0.0,0,0,21,0,68.3,73.9,71.8,82.9,58.8,0.0,0,0,9,30.0,6,20,0,1,65.0,13,0.0,0,62.5,2,0,10.0,2,9,5,5.0,9.0,0.69
Jeff Smith,48055,WR,NYJ,1,23.0,0,50.0,,0,0,0,0.0,0,1,22,0,64.7,61.2,59.6,,59.4,0.0,0,0,12,0.0,0,8,0,1,100.0,8,50.0,4,68.8,2,0,50.0,4,12,0,0.0,12.0,1.5
Elijhaa Penny,11300,FB,NYG,14,-6.0,0,100.0,,0,0,0,0.0,0,0,21,0,70.5,76.7,57.7,57.8,52.3,10.4,7,0,9,25.4,17,67,0,2,65.7,44,1.5,1,85.4,2,0,3.0,2,9,21,10.5,4.5,0.2
Ben Koyack,9662,TE,JAX,11,2.5,0,50.0,,0,0,1,0.0,0,0,15,0,70.5,65.8,55.7,78.7,48.2,74.8,80,0,9,34.6,37,107,1,1,57.9,62,15.0,16,62.5,2,0,8.4,9,9,3,3.0,9.0,0.15
Roosevelt Nix,10269,FB,PIT,2,-3.0,0,100.0,,0,0,0,0.0,0,0,25,0,68.3,64.0,50.8,,64.4,0.0,0,0,4,0.0,0,6,0,2,100.0,6,0.0,0,79.2,2,0,0.0,0,4,10,5.0,2.0,0.67
Rico Gafford,29622,WR,OAK,4,24.5,0,100.0,,0,0,0,0.0,0,2,23,0,68.3,64.0,62.2,,62.6,0.0,0,0,49,0.0,0,30,0,2,100.0,30,46.7,14,158.3,2,1,53.3,16,66,17,8.5,33.0,2.2
Darrius Shepherd,29347,WR,GB,4,4.0,0,50.0,,0,0,0,50.0,1,0,12,0,28.8,28.1,44.5,,44.6,2.6,1,1,1,0.0,0,39,0,1,92.3,36,92.3,36,16.7,2,0,5.1,2,1,4,4.0,1.0,0.03
Taywan Taylor,11827,WR,CLV,3,31.0,0,0.0,,0,0,0,,0,0,8,0,,68.7,52.5,,52.7,0.0,0,0,0,0.0,0,22,0,0,81.8,18,31.8,7,39.6,1,0,68.2,15,0,0,,,0.0
Dwayne Harris,6328,WR,OAK,2,-1.0,0,100.0,,0,0,0,0.0,0,0,23,0,64.7,75.8,58.3,,58.5,0.0,0,0,7,0.0,0,5,0,1,100.0,5,60.0,3,95.8,1,0,40.0,2,7,8,8.0,7.0,1.4
Chris Manhertz,10211,TE,CAR,15,2.0,0,100.0,,0,0,0,0.0,0,1,5,0,64.7,61.2,62.1,61.7,52.2,64.0,96,0,11,72.0,108,150,2,1,28.0,42,26.0,39,112.5,1,0,3.3,5,11,9,9.0,11.0,0.26
Jay Ajayi,9582,HB,PHI,3,1.0,0,0.0,,0,0,0,100.0,1,0,24,0,27.9,73.8,57.1,73.1,27.9,0.0,0,0,0,10.0,1,10,0,0,70.0,7,0.0,0,39.6,1,0,0.0,0,0,0,,,0.0
Chad Williams,11853,WR,IND,1,16.0,0,0.0,,0,0,0,,0,0,14,0,,,54.4,,55.4,0.0,0,0,0,0.0,0,5,0,0,100.0,5,0.0,0,39.6,1,0,100.0,5,0,0,,,0.0
John Ursua,26586,WR,SEA,1,11.0,0,100.0,100.0,1,1,0,0.0,0,1,29,0,64.7,61.2,71.5,,69.5,0.0,0,0,11,0.0,0,6,0,1,100.0,6,83.3,5,112.5,1,0,16.7,1,11,0,0.0,11.0,1.83
Senorise Perry,9035,HB,BUF,1,0.0,0,100.0,,0,0,0,0.0,0,0,4,0,64.7,69.8,65.9,73.0,62.3,0.0,0,0,1,20.0,1,5,0,1,80.0,4,0.0,0,79.2,1,0,0.0,0,1,1,1.0,1.0,0.25
Charles Jones II,47186,TE,JAX,3,3.0,0,100.0,,0,0,0,0.0,0,0,15,0,64.7,61.2,52.4,14.3,58.7,60.0,3,0,5,20.0,1,5,0,1,80.0,4,20.0,1,87.5,1,0,20.0,1,5,2,2.0,5.0,1.25
Michael Burton,9601,FB,WAS,7,-2.0,0,0.0,,0,0,0,100.0,1,0,32,0,27.9,,57.8,78.8,31.1,0.0,0,0,0,15.8,3,19,0,0,73.7,14,10.5,2,39.6,1,0,5.3,1,0,0,,,0.0
Jace Sternberger,47081,TE,GB,5,15.0,0,0.0,0.0,0,1,0,,0,0,12,0,,,52.8,77.7,47.4,72.7,16,0,0,31.8,7,22,0,0,68.2,15,13.6,3,39.6,1,0,4.5,1,0,0,,,0.0
Ricky Ortiz,47053,FB,NO,1,1.0,1,100.0,,0,0,0,0.0,0,0,20,0,64.7,61.2,82.7,71.3,82.6,14.3,1,0,8,14.3,1,7,0,1,71.4,5,0.0,0,100.0,1,0,14.3,1,8,7,7.0,8.0,1.6
Kaleb McGary,46912,T,ATL,16,-3.0,0,100.0,,0,0,0,0.0,0,0,2,0,64.7,61.2,53.0,52.8,61.9,0.0,0,0,-3,99.9,764,765,5,1,0.1,1,0.0,0,79.2,1,0,0.0,0,-3,0,0.0,-3.0,-3.0
David Blough,46508,QB,DET,5,13.0,0,100.0,,0,0,0,0.0,0,1,11,0,64.7,73.5,57.2,,91.2,0.0,0,0,19,0.0,0,211,0,1,0.5,1,0.0,0,158.3,1,1,0.0,0,19,6,6.0,19.0,19.0
Wyatt Teller,46131,G,CLV,11,-5.0,0,100.0,,0,0,0,0.0,0,0,8,0,64.7,61.2,56.7,68.6,60.6,0.3,1,0,-5,99.4,337,339,2,1,0.6,2,0.0,0,79.2,1,0,0.0,0,-5,0,0.0,-5.0,-2.5
Dwayne Washington,10870,HB,NO,4,-5.0,0,100.0,,0,0,0,0.0,0,0,20,0,64.7,74.1,79.3,86.9,65.1,0.0,0,0,6,75.0,3,4,0,1,25.0,1,0.0,0,91.7,1,0,0.0,0,6,11,11.0,6.0,6.0
Elandon Roberts,10848,LB,NE,4,7.0,1,100.0,,0,0,0,0.0,0,1,19,0,64.7,61.2,61.5,75.8,80.2,0.0,0,0,38,22.2,2,9,2,1,66.7,6,0.0,0,158.3,1,1,0.0,0,38,31,31.0,38.0,6.33
Jeff Driskel,10841,QB,DET,3,-3.0,0,100.0,,0,0,1,0.0,0,0,11,1,,66.5,51.3,,,0.0,0,0,6,0.0,0,141,3,1,0.0,0,0.0,0,91.7,1,0,0.0,0,6,9,9.0,6.0,
Garrett Bradbury,46013,C,MIN,16,-4.0,0,100.0,,0,0,1,0.0,0,0,18,0,67.6,,58.1,38.7,63.2,0.0,0,0,-4,100.0,524,524,8,1,0.0,0,0.0,0,79.2,1,0,0.0,0,-4,0,0.0,-4.0,
Krishawn Hogan,12014,WR,NO,7,2.0,0,100.0,,0,0,0,0.0,0,0,20,0,64.7,61.2,55.9,,50.5,0.0,0,0,4,0.0,0,27,0,1,96.3,26,55.6,15,83.3,1,0,44.4,12,4,2,2.0,4.0,0.15
Cyril Grayson,12077,WR,TB,2,2.0,0,100.0,,0,0,0,0.0,0,0,30,0,64.7,61.2,58.1,,58.2,0.0,0,0,3,0.0,0,4,0,1,100.0,4,0.0,0,79.2,1,0,100.0,4,3,1,1.0,3.0,0.75
Kirk Cousins,7102,QB,MIN,15,12.0,0,0.0,,0,0,0,,0,0,18,6,,35.6,84.4,60.9,60.0,0.0,0,0,0,0.2,1,517,1,0,0.2,1,0.0,0,39.6,1,0,0.0,0,0,0,,,0.0
Tyrone Swoopes,12267,TE,SEA,5,-2.0,1,100.0,,0,0,1,0.0,0,0,29,0,64.7,61.2,42.3,63.3,45.8,71.1,27,0,5,31.6,12,38,1,1,65.8,25,10.5,4,87.5,1,0,13.2,5,5,7,7.0,5.0,0.2
Dennis Kelly,7146,T,TEN,11,9.0,0,100.0,,0,0,1,0.0,0,1,31,0,64.7,61.2,71.0,75.2,89.4,2.1,4,0,1,99.0,193,195,2,1,1.0,2,0.0,0,118.8,1,1,0.0,0,1,0,0.0,1.0,0.5
Deon Lacey,8512,LB,MIA,1,30.0,0,0.0,,0,0,0,,0,0,17,0,,,53.5,,59.4,0.0,0,0,0,0.0,0,1,0,0,100.0,1,100.0,1,39.6,1,0,0.0,0,0,0,,,0.0
Paul Perkins,10783,HB,DET,2,-1.0,0,100.0,,0,0,0,0.0,0,0,11,0,64.7,74.9,56.1,77.0,64.1,0.0,0,0,9,22.2,2,9,0,1,66.7,6,0.0,0,104.2,1,0,22.2,2,9,10,10.0,9.0,1.5
Jason Sanders,29578,K,MIA,1,6.0,0,100.0,,0,0,0,0.0,0,1,17,0,64.7,61.2,89.5,,78.8,0.0,0,0,1,0.0,0,1,0,1,100.0,1,100.0,1,118.8,1,1,0.0,0,1,0,0.0,1.0,1.0
Cody Davis,8458,S,JAX,2,1.0,0,100.0,,0,0,0,0.0,0,1,15,0,64.7,61.2,74.0,63.8,90.3,0.0,0,0,7,50.0,1,2,0,1,50.0,1,0.0,0,95.8,1,0,0.0,0,7,6,6.0,7.0,7.0
Lil'Jordan Humphrey,42247,WR,NO,5,16.0,0,0.0,0.0,0,1,0,,0,0,20,0,,,52.0,,50.3,0.0,0,0,0,0.0,0,32,0,0,93.8,30,71.9,23,39.6,1,0,28.1,9,0,0,,,0.0
Vita Vea,48956,DI,TB,2,1.0,0,100.0,,0,0,1,0.0,0,1,30,0,64.7,61.2,65.2,66.4,81.0,50.0,1,0,1,50.0,1,2,5,1,50.0,1,0.0,0,118.8,1,1,0.0,0,1,0,0.0,1.0,1.0
Nick Scott,49012,S,LA,3,0.0,0,100.0,,0,0,0,0.0,0,1,26,0,64.7,64.6,59.0,60.9,71.3,0.0,0,0,23,33.3,1,3,0,1,66.7,2,33.3,1,118.8,1,0,0.0,0,23,23,23.0,23.0,11.5
Christian Wilkins,50293,DI,MIA,2,0.0,0,100.0,,0,0,0,0.0,0,1,17,1,64.7,18.4,28.0,,26.3,0.0,0,0,1,0.0,0,2,3,1,100.0,2,0.0,0,118.8,1,1,50.0,1,1,1,1.0,1.0,0.5
Justin Hardee,18348,CB,NO,2,11.0,0,0.0,,0,0,0,100.0,1,0,20,0,27.9,,42.0,,42.9,0.0,0,0,0,0.0,0,2,0,0,100.0,2,0.0,0,39.6,1,0,0.0,0,0,0,,,0.0
Jacoby Brissett,10725,QB,IND,15,-6.0,0,100.0,,0,0,1,0.0,0,0,14,5,,55.6,59.2,61.3,,0.0,0,0,2,0.2,1,546,5,1,0.0,0,0.0,0,79.2,1,0,0.0,0,2,8,8.0,2.0,
Dane Cruikshank,25546,S,TEN,2,31.0,0,0.0,0.0,0,1,0,,0,0,31,0,,,57.2,,56.9,0.0,0,0,0,0.0,0,2,0,0,100.0,2,0.0,0,39.6,1,0,0.0,0,0,0,,,0.0
Dalyn Dawkins,39541,HB,TEN,2,0.0,0,0.0,,0,0,0,100.0,1,0,31,0,28.0,73.8,55.3,74.9,28.0,0.0,0,0,0,25.0,2,8,0,0,75.0,6,12.5,1,39.6,1,0,0.0,0,0,0,,,0.0
Kevin Byard,10698,S,TEN,2,3.0,0,100.0,,0,0,0,0.0,0,1,31,0,64.7,61.2,73.8,60.9,90.3,0.0,0,0,11,50.0,1,2,1,1,50.0,1,0.0,0,112.5,1,0,0.0,0,11,8,8.0,11.0,11.0
Kerrith Whyte Jr.,26392,HB,PIT,6,-3.0,0,100.0,,0,0,0,0.0,0,1,25,0,68.3,38.2,64.4,72.3,26.9,0.0,0,0,9,33.3,3,9,0,1,55.6,5,0.0,0,104.2,1,0,11.1,1,9,12,12.0,9.0,1.8
Eric Tomlinson,9786,TE,OAK,6,0.0,0,100.0,,0,0,0,0.0,0,0,23,0,64.7,61.2,62.7,50.7,48.4,80.6,25,0,1,41.9,13,31,1,1,58.1,18,6.5,2,79.2,1,0,0.0,0,1,1,1.0,1.0,0.06
Michael Deiter,38554,G,MIA,16,-2.0,0,100.0,,0,0,1,0.0,0,0,17,0,64.7,61.2,42.5,37.8,68.1,0.1,1,0,0,99.9,708,709,5,1,0.1,1,0.0,0,79.2,1,0,0.0,0,0,2,2.0,0.0,0.0
David Quessenberry,7957,T,TEN,2,8.0,0,100.0,,0,0,0,0.0,0,1,31,0,64.7,61.2,91.4,65.9,90.2,100.0,2,0,1,50.0,1,2,0,1,50.0,1,0.0,0,118.8,1,1,0.0,0,1,0,0.0,1.0,1.0
Rashard Davis,38044,WR,TEN,1,16.0,0,100.0,100.0,1,1,0,0.0,0,1,31,0,64.7,72.9,90.2,,79.6,0.0,0,0,16,0.0,0,1,0,1,100.0,1,100.0,1,118.8,1,0,0.0,0,16,0,0.0,16.0,16.0
Codey McElroy,66966,TE,TB,1,30.0,0,100.0,100.0,1,1,0,0.0,0,1,30,0,64.7,61.2,93.0,,92.6,50.0,1,0,30,0.0,0,2,0,1,100.0,2,0.0,0,118.8,1,0,50.0,1,30,0,0.0,30.0,15.0
David Long Jr.,27377,CB,LA,1,3.0,0,0.0,,0,0,0,,0,0,26,0,,,58.9,,59.8,0.0,0,1,0,0.0,0,1,0,0,100.0,1,0.0,0,0.0,1,0,100.0,1,0,0,,,0.0
Deshaun Watson,11767,QB,HST,15,1.0,0,100.0,,0,0,0,0.0,0,1,13,8,64.7,29.5,81.3,,89.7,0.0,0,0,6,0.0,0,630,1,1,0.3,2,0.0,0,131.3,1,1,0.0,0,6,5,5.0,6.0,3.0
Andy Dalton,6187,QB,CIN,13,-8.0,0,100.0,,0,0,0,0.0,0,0,7,5,,60.5,66.5,60.9,,0.0,0,0,-4,0.2,1,610,7,1,0.0,0,0.0,0,79.2,1,0,0.0,0,-4,4,4.0,-4.0,
Zach Gentry,36049,TE,PIT,3,1.0,1,100.0,,0,0,0,0.0,0,1,25,0,64.7,61.2,58.0,70.6,56.0,92.0,23,0,4,4.0,1,25,0,1,88.0,22,8.0,2,83.3,1,0,0.0,0,4,3,3.0,4.0,0.18
Taiwan Jones,6277,HB,HST,1,-2.0,1,100.0,,0,0,0,0.0,0,0,13,0,64.7,73.1,71.7,,73.8,0.0,0,0,9,0.0,0,5,0,1,100.0,5,0.0,0,104.2,1,0,0.0,0,9,11,11.0,9.0,1.8
Ty Sambrailo,9492,T,ATL,10,13.0,0,100.0,,0,0,0,0.0,0,1,2,0,64.7,61.2,54.2,46.1,90.2,19.0,12,0,35,98.4,62,63,1,1,1.6,1,0.0,0,158.3,1,1,0.0,0,35,22,22.0,35.0,35.0
Ventell Bryant,47959,WR,DAL,4,18.0,0,100.0,100.0,1,1,0,0.0,0,1,9,0,64.7,61.2,86.0,,80.4,14.3,1,0,15,0.0,0,7,0,1,100.0,7,28.6,2,158.3,1,1,57.1,4,15,0,0.0,15.0,2.14
Dion Dawkins,11818,T,BUF,16,6.0,0,100.0,,0,0,4,0.0,0,1,4,0,64.7,61.2,73.4,76.4,90.3,0.0,0,0,1,99.8,599,600,11,1,0.2,1,0.0,0,118.8,1,1,0.0,0,1,0,0.0,1.0,1.0
