,Year,Team,Position,weighted_avg_snap_counts_offense,weighted_avg_block_percent,weighted_avg_declined_penalties,weighted_avg_franchise_id,weighted_avg_grades_offense,weighted_avg_grades_pass_block,weighted_avg_grades_run_block,weighted_avg_hits_allowed,weighted_avg_hurries_allowed,weighted_avg_non_spike_pass_block,weighted_avg_non_spike_pass_block_percentage,weighted_avg_pass_block_percent,weighted_avg_pbe,weighted_avg_penalties,weighted_avg_pressures_allowed,weighted_avg_sacks_allowed,weighted_avg_snap_counts_block,weighted_avg_snap_counts_ce,weighted_avg_snap_counts_lg,weighted_avg_snap_counts_lt,weighted_avg_snap_counts_pass_block,weighted_avg_snap_counts_pass_play,weighted_avg_snap_counts_rg,weighted_avg_snap_counts_rt,weighted_avg_snap_counts_run_block,weighted_avg_snap_counts_te,Unnamed: 0,Value_cap_space,Value_draft_data,Previous_AV,Current_AV,Previous_PFF,Current_PFF,Total DVOA,win-loss-pct,Net EPA
0,2019,49ers,OL,662.4586910735543,96.13913489527832,0.17090046043731255,28.0,63.01745565135577,68.19047485137514,59.97689970849636,1.736719532073753,11.241210977355427,308.5740910950261,86.67587537544064,90.99264821194195,93.14921019339646,2.984887768824681,14.494883115354387,1.5169526059252056,646.7907735936456,321.986812634921,112.65518495353909,40.68294405242489,334.6660416325353,350.20206816278323,104.71856649413255,40.68547658660667,312.1247319611102,31.129356346858685,145,14.22422954303932,434.8776982486688,36.0,46.0,70.5010584010584,65.12037664783428,27.90%,0.8125,0.216
1,2019,Bears,OL,759.9983054842783,97.38305737289399,1.159689738439665,6.0,63.065765527798554,63.97980295967691,59.99136004543289,3.14395581232651,12.947665535176712,454.8035872100304,95.56685854744981,95.40986677720221,94.9474887460309,3.404790832571624,17.37729966665648,1.2856783191532575,755.4943329633451,267.47697415991513,288.90911872898374,63.06889875559212,484.1442529180509,488.64822543898396,62.05189036582338,63.46807230710207,271.35008004529425,10.734095535894939,140,7.279489904357067,231.52931064174064,43.0,31.0,69.84368070953437,61.96566888396157,-2.10%,0.5,-0.032
2,2019,Bengals,OL,759.5645527672388,97.64223283125492,0.14781278981916085,6.999999999999999,57.48579208266745,61.34362327989544,54.929307235001474,2.45400697687629,15.301064281059247,456.1447110239664,92.64477090163012,92.65911528002425,94.15407803284839,2.3925496253273,21.19286337583941,3.4377921179038666,751.6910869249637,539.9489068508194,67.85528039250076,31.775448493683943,488.0513753965418,495.9248412388169,67.55834083735523,33.105580331388325,263.6397115284218,14.690722224771063,136,15.499468650371943,309.07945467899884,43.0,33.0,59.900018348623846,55.26485520200215,-25.20%,0.125,-0.193
3,2019,Bills,OL,560.3808778799768,94.1145279425207,1.3117943947179143,4.0,60.22175567725483,62.46428660311677,59.228500490756446,1.8095022696339509,10.353416425173451,290.8141041004554,88.95321521780862,89.00931127725873,96.97377769837857,4.671603464245733,13.670925080461714,1.5080063856543107,540.5601164136798,123.66696493769105,124.50342031934314,70.21401832831707,309.0171791231168,328.80797164261406,121.70903631052899,70.29237054834915,231.54293729056295,41.409162210332006,146,15.435706695005312,274.4252205018305,26.0,37.0,60.52895031751961,62.69151208544125,2.70%,0.625,0.061
4,2019,Broncos,OL,699.3939576221646,93.33288526256507,0.6976076766834973,10.0,66.6871591527742,72.72444775630447,61.507985118481216,2.4671857883609025,8.48342546430433,365.3711820691773,87.35389188380621,87.35789218976493,97.53797477793944,2.554402786362757,12.500097634829789,1.5494863821645557,674.7834155199494,431.47656432615605,53.934570540769506,53.881328121676944,393.1519914511323,417.63255797657956,53.934570540769506,53.881328121676944,281.63142406881707,37.00516706648995,134,13.740701381509032,395.6660348751018,30.0,32.0,66.59771884272998,66.60244817374137,-9.00%,0.4375,-0.053
5,2019,Browns,OL,754.9230775246609,95.8568529762396,0.985222509271977,8.0,63.837980480384545,74.04773981068396,58.84592680021727,0.8905760887309994,13.797895445125157,419.5024489754084,92.23514710941696,92.25958648818475,97.4122425112366,4.336308318805192,16.412611324959236,1.7241397911030791,744.0136595210781,430.3247027309226,93.62320310935564,55.899582534585846,459.9310929041494,470.8405109077322,91.85389042476872,55.97827841817776,284.0825666169288,21.6151780719827,150,18.24654622741764,412.1669096506312,41.0,42.0,71.56301569916027,62.58672532517216,-10.10%,0.375,-0.076
6,2019,Buccaneers,OL,793.2144732477941,94.46277005283822,0.23725682943618348,30.0,68.78704889243659,67.83298226322036,64.59326078164473,2.8656370944863987,10.739125382876571,472.38110201744826,85.3103149091027,85.26855159947549,90.22611139502206,3.428143552710965,15.222650610187058,1.6178881328240895,775.70387192635,497.8505802327344,64.47766365028261,62.99685914829688,501.64476914209155,519.1553704635357,65.08745591792163,62.99810180653622,274.0591027842583,30.666899722786113,128,22.08820403825717,150.60294376760712,45.0,45.0,61.80434316353888,69.99038826574633,1.50%,0.4375,0.072
7,2019,Cardinals,OL,860.4994928642691,96.30688298043223,0.03202645306984278,1.0,60.52403483042973,71.36394394918823,53.3812508948053,0.6472394389655071,14.349791495970331,507.5553422989167,91.7291029304862,91.73494367546472,98.03203321011316,3.774648657329702,16.929722447262975,1.9326915123271369,850.0855027352569,394.42850082134527,169.90010327677538,33.46509075918897,544.078802642123,554.4927927711351,185.62933190331472,52.38890706032627,306.00670009313393,16.994942101339962,148,14.383634431455896,189.5128546219359,26.0,43.0,58.40444695259594,62.1125928748333,-5.80%,0.3125,-0.081
8,2019,Chargers,OL,544.0494009326173,92.2383627137658,0.485103158303192,27.000000000000004,58.91526103494157,62.47241489485466,56.33872638737181,4.431412728466807,12.760745303241006,304.3402437388035,87.21978252025662,87.08068656442282,96.4104520697674,3.2712382411067846,19.49906524420652,2.30690721249871,521.6260632835447,69.16809545689439,140.40246550595646,74.859387125249,328.95881793497654,351.38215558404926,140.40246550595646,74.37124400485082,192.66724534856812,28.583955308483286,156,12.9596174282678,293.32781339932313,48.0,44.0,60.26946564885496,57.43253283302063,-6.70%,0.3125,0.0
9,2019,Chiefs,OL,724.0520263177001,92.7628640220942,1.4030697725336296,16.0,61.27484754703399,69.31151117291178,54.28673858886315,1.5420995290391493,4.9936601735975925,398.26267443089057,84.67652418959982,84.81062873972714,96.18505418573915,5.176143304315457,8.026511627600968,1.4907519249642276,690.1816704430867,464.56438572824516,34.26189743228021,66.41013933159888,442.98776112128496,476.81989365798546,23.07810596281247,66.33392709748642,247.19390932180167,43.816338154000476,154,14.946865037194474,441.5610380203419,66.0,54.0,68.37947298071414,64.24800075800644,30.20%,0.75,0.133
10,2019,Colts,OL,776.161744040676,94.35480306741054,0.3957116127617959,13.999999999999996,72.88609865370219,68.42002342888038,73.1108758438221,4.737943045156297,16.027350103160966,391.5742636104092,87.97613828384434,89.2629267306266,92.518689734226,3.941105696233741,22.468776389140242,1.703483240822979,755.0155411411148,107.4774567469207,207.3993458536518,99.18201638782733,422.3188140074718,443.26895593972364,211.38436956401176,99.33580942923007,332.69672713364304,37.51719125542532,137,15.228480340063763,654.2361362043532,54.0,50.0,73.7125592833304,76.83033376359948,-5.00%,0.4375,0.009
11,2019,Commanders,OL,555.7133700298998,95.9875374568143,0.8939734001136942,32.0,63.73435590612054,63.824164168428744,61.98582472881942,2.1318881743003093,11.31813304215346,303.09863818163353,90.58850850656052,90.67020098445505,96.72279143892506,4.73866076200572,15.691584966959262,2.2415637505054926,543.8243522908363,123.44631264620925,96.9099089547179,97.77466421884938,326.9655812091399,338.8545989482034,97.02319136108501,97.8659467374627,216.8587710816965,37.1559842956079,131,8.395324123273113,417.679420750173,38.0,32.0,63.45856472428627,65.75952677459527,-25.70%,0.1875,-0.213
12,2019,Cowboys,OL,592.5195033615153,94.28441947854836,0.39382792189284244,8.999999999999998,67.62259588775032,70.35317783240268,63.35263457965239,2.8264931292183437,9.480548609902199,304.4607384478143,86.81986688695096,86.68178353103156,97.51354556561698,2.517851360418131,12.96151582740121,0.6544740882806653,561.825532662938,150.1795990873557,120.69947733314596,69.4966910179965,323.8547114690072,354.54868216758445,118.00119939264384,69.4966910179965,237.97082119393085,45.56446630992703,153,26.126461211477157,331.8527744145519,42.0,60.0,66.5833488026731,74.95826799714897,17.10%,0.5,0.137
13,2019,Dolphins,OL,615.0012729937914,92.32729082931807,1.144807960795703,17.000000000000004,58.270451833721765,61.639053972689666,56.3105038677073,3.875686892789473,11.286004005376084,375.9207056585315,86.8242692343329,86.82331129208539,97.1623003912572,2.844764789431661,17.75408243897825,2.5923915408126943,584.6210072646867,363.41621801181566,32.35790207291011,62.59178449880314,402.3711103837738,432.7513761128787,29.588626786439605,61.3323260113929,182.2498968809128,40.314783638241636,147,5.053134962805526,96.45206680591076,33.0,35.0,61.70234441602729,51.315168218969774,-36.70%,0.3125,-0.201
14,2019,Eagles,OL,817.6808671078817,96.47109392670247,0.08268300871513906,24.000000000000004,77.35148107568448,65.4721622149599,76.87294830192074,3.541295040611703,18.815283567374415,458.8816811249664,86.3829710882753,86.39704499366277,89.2493736107054,3.2220098907398422,24.289095576933217,1.9325169689471025,801.4809617308574,510.28082905610523,48.662889225479695,95.33371773762994,489.6570367336145,505.8569421106389,48.618585547938665,80.5646402118471,311.8239249972428,21.623029196420255,144,13.846971307120084,407.22991176186525,51.0,51.0,74.3098250091141,79.90208545269583,6.50%,0.5625,0.035
15,2019,Falcons,OL,779.040395204841,94.39704903386006,0.07544701969544647,2.0,65.28180541763686,65.18768272669236,65.35078118459651,5.3600313298775975,13.739324442396725,482.35047726556525,86.17856122993412,86.09083265796424,93.89382408273269,5.632276480951098,21.134752418806627,2.0353966465323032,760.5161399588281,555.7368283593798,43.96927939982203,47.03473903108679,517.5579253113885,536.0821805574018,44.02972628047476,46.94942664484316,242.95821464743943,31.063239811472403,135,17.85334750265675,765.7290538499434,50.0,43.0,71.62256304102371,62.41190354027706,-5.00%,0.4375,-0.03
16,2019,Giants,OL,629.2519634311957,97.32752226941226,0.4793758277128011,21.000000000000004,61.66745060799595,64.59796181482474,57.41979274391746,3.9832957612322626,14.75397814888597,391.1585198849057,95.1748385235085,95.13283339708094,96.5515073913539,2.5468604544481575,21.51479276793183,2.7775188578135976,620.6584962228312,133.1905171119288,129.61576957882747,106.4071989145051,417.9452266426338,426.5138541350182,129.58770843283617,110.76194191101413,202.71326958019745,16.21212928881147,130,14.017003188097767,215.5342354912788,41.0,40.0,62.42162740899358,64.25419619544945,-17.50%,0.25,-0.137
17,2019,Jaguars,OL,654.4156780714977,94.05952580730852,0.9896825908995022,15.0,60.418378910948384,55.85394630665615,58.07547271655923,1.8286011371018036,15.65373803324316,398.4599895337667,80.77347667626996,80.77731551546657,84.03421747195235,6.257806253993633,20.250896272876698,2.768557102531735,646.2343997632997,160.05127169737656,121.95252670559448,113.4243385604227,428.80779622285615,436.9890745310541,121.95252670559448,112.51464395607614,217.42660354044364,17.785230764744103,139,16.11583421891605,426.6169700522444,28.0,38.0,63.281476323119776,62.19805454545455,-18.00%,0.375,-0.125
18,2019,Jets,OL,506.2646047960509,93.9561461061514,0.9289900813915851,22.000000000000004,57.425480055531246,59.22002173712878,54.42173060520826,2.913552714584065,12.677194615962094,269.1624977893572,89.29381447515722,89.1878339045985,93.043212264312,4.07659668513447,18.19071662167344,2.599969291127283,489.22876304705767,142.09759174289428,31.82158673673942,125.29952509929237,291.3717750285748,308.35044373027864,31.978501154075296,125.35495578290538,197.85698801848278,36.29003497907881,151,8.708820403825717,94.1058966828747,32.0,29.0,60.33370942201109,58.01090019569472,-15.80%,0.4375,-0.133
19,2019,Lions,OL,706.3779264283069,95.14655847286075,0.22941709091908458,11.000000000000002,67.86586654039307,66.38719743105214,68.63250437764941,2.1234446928063084,12.401646248807177,399.507281819534,90.20050044228881,90.1598046450343,97.20555910616385,3.981774956546073,16.464062834173394,1.9389718925599082,688.0789038239935,414.21063444373164,63.05327516700089,61.61468776679297,429.0759873538062,447.3750099581196,62.69899136416827,63.7038738585113,259.00291647018736,28.764360701714402,157,12.130712008501597,392.0177740176442,39.0,35.0,68.34533138044672,68.74696830921414,-12.10%,0.1875,-0.11
20,2019,Packers,OL,570.2959889648629,97.36934505215547,0.3729709240944604,12.0,63.23192967458182,69.11616805542923,58.56865828648632,1.9643931173034122,12.150070611351499,325.0744491771379,91.47236512540539,91.49262807025109,94.25875638461466,2.8779440185611542,16.09683629853965,1.982372569884738,561.2585921032423,145.96452232483765,128.39657451219114,72.68677019873186,351.30125241322264,360.33864927484314,128.42887859000308,72.58273695071419,209.95733969001972,17.962089872245297,129,20.626992561105205,198.5223140661197,46.0,47.0,71.55956101190476,70.43464814814814,7.70%,0.8125,0.089
21,2019,Panthers,OL,782.5738836532123,97.50077021002947,0.7611530634896599,5.0,62.695909247797715,56.44484424011572,64.71014405768507,2.9272492363726657,25.194025234431624,487.3267449507277,95.87589847093524,95.94112987284113,96.43916294232174,2.798545216437616,31.859914877780863,3.7386404069765797,770.1295466303869,476.2083394246376,59.39643479405144,78.5966524017572,507.18050260242023,519.6248396252457,57.73192339719196,78.61142124265183,262.9490440279667,17.942447543283397,142,10.217853347502656,226.26106055900092,47.0,29.0,65.832633552015,64.18494888967219,-26.90%,0.3125,-0.146
22,2019,Patriots,OL,740.8015364521264,93.74805465505747,0.5094072839081869,19.0,62.704304159708244,62.76459360556375,61.96488567256869,1.7928714829837706,10.07911556943226,389.36075932322257,88.07590630801721,88.18295013894713,97.58962259081507,2.4178030775088235,13.728944450760384,1.8569573983443532,716.3798574036387,421.9831711444006,67.23183795736298,63.34512653793364,415.08590703408584,439.50758608257365,67.23183795736298,63.38568352665811,301.29395036955276,34.6269595217486,132,10.18597236981934,234.94214933227687,46.0,43.0,73.80246760163323,69.13856005538248,29.90%,0.75,0.227
23,2019,Raiders,OL,481.7742592867533,93.5070879013014,0.31054296495875094,23.000000000000004,59.090617520089026,58.15075378628172,57.27963025138978,1.1239318439949808,6.39144427708537,235.78995883892057,86.05883403896681,86.0774724657135,97.02796442902009,2.631420040669772,8.98177945548644,1.4664033344060892,453.4720551862794,137.84857893801384,68.89050305260055,69.94578555034695,245.77330162796528,273.967432915287,68.89050305260055,69.74680002786151,207.6987535583141,47.76375903412396,143,12.810839532412327,349.61941203912545,30.0,44.0,60.95784167289022,64.9938671875,-11.00%,0.4375,-0.081
24,2019,Rams,OL,576.1641501496947,92.69234243509521,0.13290333577404279,26.0,58.27791060939221,53.59643101591263,57.50374136815589,2.554805200220208,15.679945449277627,307.58404080094607,86.87859742143596,86.76433532324829,95.92360500758362,3.506133322982557,19.526095764808517,1.2913451153106843,541.0876287780136,203.5509942700841,39.35970609311073,72.41104871021626,330.2637335283598,365.34025490004086,105.37957181455066,72.03105329867813,210.82389524965382,64.31535193609312,155,15.967056323060577,287.2447944765767,59.0,46.0,75.40737360832269,55.74281069364162,5.50%,0.5625,0.04
25,2019,Ravens,OL,590.1630691790097,88.13199314067828,0.74742985318617,2.9999999999999996,73.98684841834627,66.58741748612387,66.98187369931375,0.808446982745163,4.3513103529313675,204.64518648932193,67.59110334323553,67.65985495320072,89.705760219162,2.7031066160817616,5.968204318421694,0.808446982745163,524.4273213130629,75.9816706502436,51.47763708799852,123.56082898280332,216.29573316372566,282.0314810296725,52.52288602032624,123.01656654247923,308.1315881493372,94.32119930742941,158,14.548352816153027,318.1777648933668,49.0,70.0,67.83013768485466,74.934079018582,41.50%,0.875,0.292
26,2019,Saints,OL,781.3125054420148,97.55841096730131,0.3621244972502784,20.0,71.26376376102023,74.10594612025736,68.08437999072662,2.403512584657689,11.072607793437188,436.79329405287757,95.56050222458374,95.52403195786052,97.64925347742837,5.482302224980437,14.559229422431596,1.083109044336717,772.0826643785703,436.4018182605819,58.79278076544611,98.87574160206907,469.42151043693286,478.6513515003774,58.82640225694364,99.11021604256612,302.6611539416374,22.231627737166296,152,22.146652497343258,388.9466854829834,72.0,58.0,66.81379765949414,72.90148080438756,29.30%,0.8125,0.12
27,2019,Seahawks,OL,602.8908454541107,95.02487622667765,0.43334078845350543,29.000000000000004,60.51167231779738,58.24426598336977,59.67408726170428,2.6591183821611275,12.601140615762718,307.4301005026191,90.57485512602152,90.63500265795409,96.88242033781987,3.5673185912691077,17.755910202716972,2.4956512047931203,588.6490067431024,152.82956511693146,60.63266731293289,134.1988381808237,334.94271237767543,349.1845510886837,60.56180184623154,138.93900801792608,253.7062943654272,46.18468221638231,141,12.577045696068012,323.09408968517124,54.0,45.0,62.07816421656508,60.45918614718615,13.80%,0.6875,-0.001
28,2019,Steelers,OL,663.745603856628,93.5320653933689,0.6959979987619536,25.000000000000004,62.075718984232836,69.41635221720466,57.03148827284935,1.4254790112733366,14.540956379779434,348.7495125417631,86.90798372178492,86.90339988785112,97.15955048147178,2.9594127135826573,17.788676630993,1.8222412399402281,643.9533164034094,117.81398895821968,176.87340086435023,62.03346336146484,376.93613609022196,396.70472657035805,194.2540997614203,62.06527342902785,267.0171803131875,45.62724361089764,138,19.24548352816153,114.53947046655084,50.0,35.0,73.42550893963534,66.97470180838783,-5.50%,0.5,-0.014
29,2019,Texans,OL,706.0537486692576,90.048799604707,0.6626403309125097,12.999999999999998,60.36387569320646,68.56675418878775,55.42880014742237,1.3785930912471251,9.468872469084875,371.3228074096392,83.36106989265899,83.37194551491905,95.59523291212986,3.886664106580536,12.547332489381212,1.6998669290492139,657.9920665852916,424.77275371256593,55.99940327636854,37.667165527290095,394.96884935966887,443.030531443635,57.17008764862394,36.330061457887325,263.02321722562266,62.37481764874824,159,10.892667375132838,568.2102329300617,39.0,49.0,58.5757835276968,61.68941420229799,-5.80%,0.625,-0.002
30,2019,Titans,OL,693.2958252487658,91.93321405501754,0.28002114269189854,30.999999999999996,69.96697942481796,69.54024702526013,65.30957927315231,1.6362849688696128,6.80583113818632,333.8063603538131,83.91227060199886,84.05653876479354,96.82591190288183,3.6325773009084217,11.897766884705028,3.455650777649096,663.5725801993798,332.7987962656993,86.96801187265324,51.73890011019867,357.1289701551313,386.6130698565933,85.77356514129752,51.75113405335326,306.44361004424843,58.50771849582879,149,18.2624867162593,386.19389369260807,41.0,42.0,68.42293058085409,68.46871598468051,8.60%,0.5625,0.084
31,2019,Vikings,OL,676.598186049786,96.25559405513737,0.7598384265483753,18.0,59.693670118455685,51.093284123471,60.106841010647315,1.8785820925281314,12.643607755484705,313.7091242307812,86.95395510121953,86.99407682101747,91.71755328284192,5.16007539546841,17.018728086985075,2.496538238972241,654.7814984375382,435.84759471112426,37.93269015495858,56.94507250998858,335.5569338463383,357.37362145858606,37.93269015495858,57.259999760179696,319.2245645911999,40.520315447924446,133,12.417640807651436,472.5044541030769,38.0,45.0,59.690843601895736,63.902233980011765,15.40%,0.625,0.123
32,2020,49ers,OL,584.9043157999544,96.35795787694572,0.37241724426446177,28.000000000000004,67.57025724208206,56.80740233360352,70.38029056330681,4.6526704915744075,9.722331982922645,315.9589329288296,91.58765422224339,91.56241106211597,96.90573529898725,3.139559537575634,16.555542912927386,2.1805404384303353,573.5194093170579,96.416123989492,90.90611338475244,135.80815507510707,332.2234177670622,343.57221375285746,98.28154662944868,135.6852451675858,241.29599154999585,20.10510229839012,402,7.179616548940464,376.0450223270447,46.0,38.0,65.12037664783428,73.09764641488779,5.40%,0.375,0.025
33,2020,Bears,OL,542.5352899087071,94.86396984652532,0.12929845023352776,5.999999999999999,61.842049303880934,52.5759956157766,66.66205037349533,1.8896994251853871,10.445976866140022,310.9353500867087,90.13721878589715,90.26081431490249,96.7909378955668,1.425524308525063,14.269543218591332,1.9338669272659255,519.780284529918,175.15478947857682,100.64671977562728,94.21248087242118,321.8295755524103,344.5491234597743,49.84003265161939,72.07795353399658,197.95070897750776,31.084935616804227,404,9.631685166498489,181.3353362449241,31.0,32.0,61.96566888396157,66.2562441665111,-0.50%,0.5,-0.032
34,2020,Bengals,OL,493.3509952163832,92.99585157202466,0.22275456670481086,7.0,56.30215045991342,54.9578474008828,61.705516183470344,3.0031362054773316,8.470002135055797,274.43094871432555,86.29970516637795,86.30020342748924,97.3389321265415,2.648572657604237,13.164187521059448,1.691049180526318,470.6769717752164,165.03822680244966,57.59568046787109,80.28692097937667,288.9474363852252,311.6214598263919,62.99047910941144,78.50497795536883,181.72953538999124,38.49978147107823,408,10.898082744702322,496.0664287885445,33.0,33.0,55.26485520200215,60.07725398816992,-24.70%,0.25,-0.139
35,2020,Bills,OL,639.416775661897,95.77746955144258,0.25485412635400895,4.0,67.09935829473179,66.51740570381035,67.4854705210102,1.3828278171237152,13.271179349112762,371.7356103557636,87.22397944285628,87.13994735583702,93.67161969840285,4.216298388955275,15.881191373377652,1.2271842071411714,631.3171794385423,381.23958512697544,39.943452695424014,77.16096744031985,399.57236392869686,407.67196015205144,44.864429755291795,77.40088087514212,231.74481550984555,12.051811086910012,391,18.28960645812311,222.15192465191168,37.0,45.0,62.69151208544125,68.70553038882598,23.80%,0.8125,0.134
36,2020,Broncos,OL,745.204456906811,95.02668674258399,0.3835701832789386,10.0,51.32188053198955,51.47939755971677,49.72836374412779,2.7150363459076727,14.651394621682039,407.6581794225208,90.42941906033035,90.58376900762904,96.64802409457658,2.412852099536737,19.443211206448897,2.0767802388591847,730.8397391335305,479.6741808043815,60.01499683158909,58.41366071221305,436.5642707923842,450.92898856566467,60.01499683158909,55.763719634495125,294.27546834114634,27.836550557674148,413,11.8970736629667,314.36696667275265,32.0,38.0,66.60244817374137,61.89337835302945,-22.10%,0.3125,-0.112
37,2020,Browns,OL,756.2088179286113,93.27092272021004,0.08708494898981417,8.0,73.32023676028389,74.30742726157467,68.50265164796063,0.9514183707637688,5.270538347150255,360.4468564695447,82.83139970339236,82.93199393432558,95.0258863127845,3.3215486790847293,7.490144641027248,1.268187923113224,726.180785268934,431.0535750820247,35.5730923979096,94.44510232793351,383.54637345230987,413.57440611198723,35.5730923979096,91.3863222186555,342.6344118166241,49.974996889703604,405,17.15438950554995,575.8333545945944,42.0,59.0,62.58672532517216,78.23015604436924,-5.60%,0.6875,0.01
38,2020,Buccaneers,OL,580.9623619725043,95.2887472906271,0.23972065666234438,30.0,67.68691439801027,58.50063725003566,69.47854828242227,4.420512921908177,8.690045511533775,336.3366924283012,91.26410250645465,91.32647886467048,96.86161249590025,2.783640024153306,14.72114070819029,1.6105822747483391,566.7773029339523,156.42780343493243,79.24067404122627,122.49372967391535,362.5507667571636,376.73582579571547,67.35874728041685,122.49372967391535,204.2265361767888,27.359715092946818,414,19.263370332996978,440.4622168705892,45.0,54.0,69.99038826574633,73.26976102941177,31.50%,0.6875,0.186
39,2020,Cardinals,OL,610.8269619084284,96.41273422226577,0.21972825369025592,1.0,59.03966734654401,65.53141778214649,58.57341650728836,1.0448674026298783,10.361264298090948,337.3724735181751,89.74363422466469,89.751240247881,98.32962439590534,3.982381261318776,12.575437815948979,1.1693061152281536,602.4481686762099,150.00938853679713,75.33657344657732,141.16899906022667,361.8448753837626,370.22366861598107,75.3949300219276,140.82305939211602,240.6032932924473,21.261029006501154,410,14.651866801210897,216.6961310589197,43.0,43.0,62.1125928748333,65.35953757225433,3.60%,0.5,0.018
40,2020,Chargers,OL,809.576078187115,96.68821109251226,0.06141797553652082,26.999999999999993,53.472286565978834,55.366922990842355,50.921791213351376,4.040787571342355,17.268417899079125,461.3083304907895,92.95249996079743,92.92269458258114,97.10010420936882,1.651905999007248,23.986457809257136,2.6772523388356535,799.0087055036773,576.8376262390036,32.606120790388495,71.65115764682432,490.88337378480065,501.4507464682383,32.606120790388495,72.03391335014786,308.1253317188766,15.537892504694415,389,11.962663975782036,182.105018716011,44.0,41.0,57.43253283302063,51.65824733547623,-14.70%,0.4375,0.015
41,2020,Chiefs,OL,453.79047268726515,93.78176994567849,0.10405439849017135,16.0,63.615780975315275,62.50242509343629,63.313621700814,1.7732653455111493,6.800982364293687,261.4968886395702,86.42835410981421,86.42661180952412,93.21474298715765,1.3055120213728033,9.14589801213414,0.5716503023293041,432.21705984996595,176.29948377470473,57.544538087157484,57.10432758224898,277.8355562367426,299.4089690740419,60.503214666778035,57.93662876766672,154.3815036132233,28.76654188584036,412,11.468213925327952,260.9907611379841,54.0,46.0,64.24800075800644,67.6961531579889,19.50%,0.875,0.112
42,2020,Colts,OL,730.569151809705,95.7599130860589,1.1365729546881764,13.999999999999996,69.72491390107386,65.2439825138627,69.95330960428304,3.1004263242969374,9.656447570201259,368.3813136958735,87.93965167664963,87.93855388267667,94.80524125310981,3.628959176359872,13.836507637891806,1.079633743393608,716.2080550096273,66.76062517670006,287.7725011402461,26.14384976146502,393.4314551824057,407.76327747653784,291.3028350344046,24.88457985362897,322.7765998272215,24.742599030502582,387,16.39253279515641,561.9328315637509,50.0,55.0,76.83033376359948,73.23591421301344,14.30%,0.6875,0.092
43,2020,Commanders,OL,445.03543790529284,95.54104013390427,0.37367286888009077,32.0,64.32638110272786,51.76127752645726,63.20553669146845,2.2839784848794857,6.366430596735468,252.74931893371573,62.68519795960952,62.89120598965605,71.22935991246237,1.827025924774841,10.198856065697688,1.5484469840827348,428.2893486075292,178.38633683281236,57.16196762335244,57.05661858158565,264.2025253317133,280.8663650704806,57.60723619712456,57.03181943570696,164.08682327581593,19.818235891564775,415,17.951564076690214,333.76972286854084,32.0,40.0,65.75952677459527,73.46909855549461,-2.30%,0.4375,0.033
44,2020,Cowboys,OL,593.4239791651936,95.15513100288165,0.3862014021767037,9.0,62.32534452629704,59.426011580565905,60.702766638061505,1.931820708860188,10.944316026393205,343.3809121492473,86.17469230197229,86.1884618576394,93.78999814361877,2.0780767156305537,15.130875698751847,2.2547389634984527,573.0424636156795,160.32318618383286,141.80772344529134,46.9527517556011,357.4225141609691,377.76103907405667,142.47014401447126,56.62680700022333,215.6199494547103,30.61067208730765,388,6.508577194752776,311.3812096444182,60.0,41.0,74.95826799714897,60.98449747430761,-11.10%,0.375,-0.101
45,2020,Dolphins,OL,742.2240235085718,96.42420483803606,0.7633737593391478,17.000000000000004,60.489983015871005,66.00640114434033,57.59545447622849,1.7275576409612234,8.36135734395846,416.0497501173009,92.14526989689062,92.09610264064708,96.42944419437681,2.647416165439376,11.98641501732229,1.8975000324026075,727.7282693948409,467.5269998344333,79.14606524645134,47.30778225425886,443.93805242969245,458.43380654342315,63.86547122006785,47.26397630152377,283.79021696514855,25.016478369136077,411,12.835519677093846,634.4629026705019,35.0,37.0,51.315168218969774,60.91036653091447,4.60%,0.625,0.049
46,2020,Eagles,OL,407.90304510559486,90.89596365782559,0.2766320578409418,24.0,63.07274653810369,54.37743811746756,61.970930982369296,2.20806043664648,8.02151187057398,228.6330802191173,77.92935685444083,78.24969225668029,84.30598411862164,2.318992811709607,12.585156603304757,2.3555842960842996,379.8898216748553,91.30881195119962,72.02640128644356,59.69313396609183,244.5894055557712,272.5730678336196,70.86340498510245,61.79375696183334,135.30041611908408,30.782192040743805,395,6.579212916246216,154.12561138521573,51.0,33.0,79.90208545269583,65.8068073878628,-18.80%,0.25,-0.08
47,2020,Falcons,OL,594.19784406122,92.69914750058344,0.03250278813038454,2.0,58.75967913675407,51.38019971069396,60.77784291667366,4.323922863036746,10.78187918356888,324.5101944557406,86.30931439648626,86.25454374074315,95.63755671866686,1.8705560862255715,17.00721160930196,1.9014095626963388,562.0452479696344,145.54232037190803,113.24518485623899,71.3198440512916,342.5092601663744,374.66185625796004,113.69944938735524,71.27733264155039,219.53598780325999,63.791183827906075,394,17.936427850655903,600.4797391414074,43.0,42.0,62.41190354027706,66.61316442239547,-4.20%,0.25,-0.029
48,2020,Giants,OL,704.9859967209405,94.16344633848348,0.5631641895257727,21.0,59.04176744835168,51.31655995804494,61.44879993601279,1.9580837041226218,12.95316971131001,371.93178124652763,83.05008618382107,83.05162382208506,91.90048942128129,4.541742491487912,16.441654098636565,1.5304006832039332,672.147227885533,414.97147074481273,51.949393323212185,52.130592124173184,398.4481812943922,431.08281420056153,51.897089805990746,52.13445097088431,273.6990465911407,61.336589292480234,401,15.252270433905146,677.8151809226326,40.0,30.0,64.25419619544945,58.61078161822467,-13.80%,0.375,-0.093
49,2020,Jaguars,OL,560.4318716558338,95.61688839259257,0.11661178194519048,15.000000000000002,62.293565250162196,64.95108533621288,62.11655058424736,2.306009277684854,13.174775204180385,355.86275381885,91.68462764265263,91.60486310975146,96.71423371034274,2.2402325211890917,17.992779985347482,2.511995503482242,549.1898923925248,153.01485793765718,74.02416876204087,120.92641787716254,372.5567768753884,383.7987561386974,67.30461067257251,120.92641787716254,176.63311551713645,16.42736019899667,385,12.820383451059536,282.7734492311632,38.0,33.0,62.19805454545455,65.11446360153256,-27.90%,0.0625,-0.217
50,2020,Jets,OL,676.3900691963403,96.41012457744702,0.7119355958082325,22.0,60.15711947100011,48.40762053497274,66.72919265477753,3.9218066650498735,17.07502765713551,375.24313474638575,90.97923471225441,91.08074947462993,95.91936917090977,2.7135176420017575,24.784842842036547,3.788008519851161,663.850204849993,419.54947867746074,55.80609187150054,55.1450127970109,401.4584155094287,413.9623426950878,58.72290554327132,55.09259697641767,262.3917893405644,23.274383070508605,407,12.5832492431887,437.32075087886017,29.0,29.0,58.01090019569472,61.45149089453672,-30.50%,0.125,-0.222
51,2020,Lions,OL,539.4669723267415,93.72871232080321,0.44125178173327645,11.0,64.9890451571434,64.25942645316317,63.25233510622194,2.218930992318209,8.681905263376997,304.79221643014773,88.37971263765188,88.33625273002738,94.68526850461346,2.7277865799851013,12.69569170313647,1.7948554474412628,518.9282070757012,122.27487173938306,76.98421348912716,112.63983834256595,331.57410511662664,352.0885079155574,76.21412790782631,106.69633024682122,187.35410195907457,35.281497886184795,400,11.508577194752776,393.0133582462458,35.0,41.0,68.74696830921414,68.29462181679969,-15.70%,0.3125,-0.191
52,2020,Packers,OL,562.8517263188335,95.8238983062823,0.07958529412712345,11.999999999999998,77.0971255279728,66.05892772250668,75.12828183149423,1.2906364269308335,4.625584238412853,297.4712836941474,78.86918264670692,78.92029335093738,86.74217002191563,1.0126840029783029,6.764187734746747,0.8479670694030604,552.9299070758411,290.0766851710249,47.059384393191245,74.68079815194191,320.16446831597614,330.030029599905,53.77549731640986,74.36817355391838,232.765438759865,16.837156000410825,399,14.021190716448032,118.0355224131103,47.0,56.0,70.43464814814814,74.90249855852393,25.90%,0.8125,0.195
53,2020,Panthers,OL,530.375338235796,93.92025475256743,0.4668551377683614,5.000000000000001,60.418632545979136,64.00728587014859,54.04198644425217,1.623523388856095,8.474596625290774,281.97751911833404,86.71210294982512,86.64976923418602,97.68430966078454,2.0142017209784364,11.729826164209326,1.6317061500624568,501.95767989772986,133.1296572971203,118.33747315299583,48.6338485439312,298.59797841240066,327.01563675046685,112.86363735694856,42.26069423932047,203.3597014853292,55.90303705062643,396,16.246215943491425,227.9213682054992,29.0,40.0,64.18494888967219,65.96910112359551,-6.70%,0.3125,-0.068
54,2020,Patriots,OL,614.2250761525092,93.88720133352369,0.2571930515536577,19.000000000000004,69.85629029291292,59.73345144479164,70.41335273113904,1.1484589448976663,9.538705324049182,285.5486292649887,88.67402920702551,88.69495638252012,94.10292562324193,1.4223976450076667,12.685238550969801,1.9980742820229513,599.5876441338562,120.82266302432623,187.0438987042413,46.33448726187268,302.6227666420408,317.2601986606938,173.79128163577258,46.33448726187268,296.96487749181546,26.440797966903087,390,15.978809283551968,224.35498513944216,43.0,35.0,69.13856005538248,75.77645539439699,-7.10%,0.4375,-0.071
55,2020,Raiders,OL,512.0770909822674,92.06904014319933,0.4893199739547071,23.0,65.68012256883513,55.496810942400664,61.361328308533594,1.696989961008339,9.009973054644139,250.4262887395989,71.23239083238647,71.03758657563989,84.17147660497562,1.883381849401003,11.50434694239442,0.7973839267419421,478.96704071373233,146.36581529035598,78.97155981440758,66.47606218245653,268.8017076887663,301.9117579573013,79.26458972095455,67.85397008718682,210.1653330249661,53.75372289205457,386,23.14328960645812,293.37116820215687,44.0,45.0,64.9938671875,64.49707353213559,-6.30%,0.5,-0.071
56,2020,Rams,OL,805.9500308322312,97.32551474522869,0.10583836533721756,26.0,68.76790663382188,59.378299672133515,60.75223319735662,5.2416546939209345,11.437877733902905,441.5823870692306,81.5927649702531,90.27077313881131,85.10674646627926,1.7757266602303703,19.06254187527295,2.3830094474491093,790.8708325748413,458.8321958290347,93.1292297386752,60.24733017777447,458.2751077279115,473.30930612112854,96.81905560797189,60.24733017777447,332.5957248469297,28.554575732955513,397,11.488395560040365,205.0498080867884,46.0,36.0,55.74281069364162,73.02900000000001,15.40%,0.625,0.151
57,2020,Ravens,OL,484.3678504432503,96.29179407648516,0.4963066326958877,3.0,60.834114503990996,66.147802239186,59.89464929729261,1.0232826055700912,7.581657544697607,216.8949870649957,87.59992948236813,88.82147858733269,94.4665173754562,2.836863351213889,10.244164941424266,1.6392247911565694,474.48936437728895,90.24640135997838,131.05414836316677,49.04217929530619,229.00370434603613,238.79459655055467,122.36095139618716,61.327021893580984,245.48566003125276,20.716994788994217,403,3.728557013118063,326.7828204382829,70.0,50.0,74.934079018582,64.05417379729987,18.60%,0.6875,0.137
58,2020,Saints,OL,480.3520152119839,95.37666104045309,0.5367548971783739,20.0,65.42767452500706,50.534712584632565,65.60590916832692,2.0281875253465915,6.694337028033522,233.6302100102396,75.04029697966278,75.09901319581043,81.68420235306685,1.7269468654651992,9.836272455854603,1.1137479024744894,464.60554500369227,157.96471896585615,77.25555622499448,55.25286965578834,244.28294173435296,260.02941194264463,78.91537852150297,55.311649823597406,220.3226032693393,41.37829563918868,393,10.020181634712412,526.6163043352127,58.0,59.0,72.90148080438756,70.56102397692446,33.30%,0.75,0.14
59,2020,Seahawks,OL,447.22538942303765,90.7690402327751,0.2935418411748788,29.0,61.394422192378066,54.988471778121635,62.311912486265136,1.7359220756105476,8.482669302727045,245.58794049121485,80.20577041198996,80.64075702709347,93.15766755683958,1.6907367999849154,11.394538748276236,1.175947369938645,414.5824637269408,148.08428988780796,38.497854833038566,79.12368946411621,258.8388336853122,291.481759381409,38.497854833038566,78.10742388017823,155.74363004162865,40.1502775975955,384,12.37638748738648,251.15461033015703,45.0,45.0,60.45918614718615,68.81466391288022,20.10%,0.75,0.06
60,2020,Steelers,OL,516.932610325788,94.59848212316624,0.3801404648600634,25.000000000000004,60.685217000778884,65.37051886797532,56.536462089727785,2.5907650696943882,7.666877143262879,298.07943147406127,87.68520873672566,87.77897340594583,94.06495791299137,2.258632358855669,10.994592124219642,0.7369499112623732,499.5767336886987,167.5397154451343,78.32903206793499,82.1130596042533,320.0572905055071,337.4131671425965,69.44906125638578,82.36980799904823,179.51944318319153,30.99784685813519,409,16.22603430877901,128.45257803713315,35.0,45.0,66.97470180838783,64.353710118505,16.80%,0.75,0.141
61,2020,Texans,OL,667.3770400422245,90.74968035105825,0.25750988159564414,12.999999999999998,61.55382381539786,67.01653557366576,55.76109854611081,1.660031058579928,14.029974252620132,408.52736798548136,82.79658262431356,82.82877273360887,93.93309962817881,3.562176418741601,16.892132410657755,1.202127099457695,633.6243616309072,438.64850544041417,25.68073704005811,55.18651736514028,429.3362767492191,463.0599223674855,26.425786367941985,55.18651736514028,204.28808488168804,42.98076544276158,406,16.9021190716448,462.3510217812636,49.0,46.0,61.68941420229799,61.6208994177876,-12.50%,0.25,-0.075
62,2020,Titans,OL,700.7058319978097,93.96329200138646,0.5529490660722066,31.0,71.08396283865613,56.82440174744348,71.54306540617631,2.463767647146031,6.415162531679047,320.66843541853143,80.67848010529545,80.49200178192818,91.06383728232622,2.7403662029243887,9.357606779660648,0.47867660083557195,673.4876790690423,481.8242515237147,41.94993168067082,28.46109888627271,338.30261925999724,365.4335920452328,42.047899760261366,28.545360025431247,335.185059809045,56.470201068244236,392,12.29061553985873,380.7557049339279,42.0,50.0,68.46871598468051,68.99142115990365,2.90%,0.6875,0.058
63,2020,Vikings,OL,746.884608819416,92.22650408972102,0.606185733981872,17.999999999999996,62.08693774112261,47.04486259465668,65.02731471090252,4.642715700971679,11.856487481711957,363.47907630241986,80.37051709987368,85.82613412227182,87.35752134539457,3.3525275325618162,19.68053684143148,3.1813336587478442,716.393099058667,458.1114597107744,55.96729073985027,58.299048604366895,392.11987763200636,422.61138739275555,53.27755033460792,58.33910315360687,324.2732214266605,51.375250596657516,398,4.455095862764884,461.24683886020296,45.0,44.0,63.902233980011765,62.96362625139043,-6.40%,0.4375,-0.006
64,2021,49ers,OL,552.4120640040101,96.85075674140197,0.24582376692947355,28.000000000000004,67.23787951277521,58.93529535959876,63.91171073754515,2.0555253724193716,7.961584263380233,268.8960246522462,80.63664884193554,80.65832876085977,85.63451233627572,2.263978286049688,11.625512846573118,1.6084032107735133,538.3149668732356,151.77040603634123,134.90702758785886,48.56808885913986,286.12576716321297,300.1525101117038,134.90702758785886,48.609589184824166,252.18919971002245,24.854091595788617,646,12.487671232876712,414.7113641639463,38.0,51.0,73.09764641488779,75.51348684210527,19.50%,0.5882352941176471,0.081
65,2021,Bears,OL,941.5643707247492,95.44028552539172,0.6503414056576855,6.0,59.755133098505766,61.79156266298478,59.06451834495329,3.1177585057237174,21.399168869794785,533.3121816217007,90.5024456643687,90.67041458082055,97.02180260872535,5.150127571213538,26.60869814407845,2.091770768559945,923.1164022153629,433.72998726995405,216.86499363497703,18.211372509161517,568.3088104545731,586.7567789639592,216.86499363497703,18.13095949557186,354.80759176078993,23.075723635728366,661,9.923287671232876,321.7802259876962,32.0,35.0,66.2562441665111,64.16479844413013,-10.00%,0.3529411764705882,-0.119
66,2021,Bengals,OL,456.94694743449963,90.04121761698694,0.34117883416064265,6.999999999999999,58.81014054508434,60.677208604194625,60.95796618598547,1.9360832203701408,7.238222157190634,208.68900110714137,80.0114713975977,80.06019243064958,97.08244891345186,2.314914809750646,11.01916056830311,1.8448551907423363,412.989925205344,78.22035548159808,81.36948667631177,55.601480032663964,223.5919030994266,267.54892532858236,80.73664458981666,55.55073988421885,189.39802210591733,83.81810716902652,650,11.2986301369863,428.5985372671174,33.0,47.0,60.07725398816992,63.0929263913824,0.00%,0.5882352941176471,0.077
67,2021,Bills,OL,808.0708944036826,89.66125559389478,0.8035452391016371,4.0,58.799569491114035,62.031393030916796,58.38659662860787,2.4386435120744183,14.095708553306848,439.85300127083985,82.00467008619533,82.0849773300449,96.19695874661566,4.334684797694624,18.128418166220165,1.5940661008388937,748.1679483385526,484.1139853589481,51.51966449045303,57.85097176063685,468.6419330048722,528.4605633747575,51.5153563218973,52.51382755593724,279.5260153336806,64.97315049501049,649,18.51506849315069,213.99164336021323,45.0,43.0,68.70553038882598,63.77973454192296,27.70%,0.6470588235294118,0.202
68,2021,Broncos,OL,502.7313726167802,90.51355823326794,0.1736034356177636,10.000000000000002,63.69222038764849,61.51563381817215,61.92172566949835,2.248178022828756,7.5961345684310295,223.74021347614823,80.8760087839105,80.73899901008079,95.8049666518682,2.8877867735207574,11.903283667764898,2.058971076505112,452.06978455860633,147.90139380198033,73.69254656564924,46.9720235970686,236.66180763650667,287.3233956946805,73.06952452728451,46.9163284757006,215.40797692209966,94.8147984589861,660,6.515068493150684,287.4925325203651,38.0,41.0,61.89337835302945,68.31894639556377,-1.70%,0.4117647058823529,0.016
69,2021,Browns,OL,575.8001555974195,95.67037564831462,0.20830142957884848,8.0,72.98283642098488,62.332453896031225,73.57666426627084,0.8640486425353389,8.33363260210944,289.65196743321064,86.23404295661183,86.21557221423487,89.93930539927861,3.410776228886816,11.005770231025995,1.8080889863812166,555.969169970375,148.79428469491404,139.90814604255291,55.826784010029826,306.0602870229421,325.8680171566899,139.90814604255291,45.331788995153424,249.90888294743294,32.29253356735294,655,16.2027397260274,494.1324973641383,59.0,48.0,78.23015604436924,76.91433711099118,4.70%,0.4705882352941176,-0.005
70,2021,Buccaneers,OL,642.1718617903371,94.97544997665663,0.7241244721015988,30.000000000000004,67.82335717085853,66.30917050086784,66.88804671202382,2.0275956241836477,9.208014274233998,395.7063611969298,88.74773367814585,89.04340877741258,93.66192831343461,2.809693877393487,12.436780367500793,1.201170469083149,629.2614136385653,156.1707887576147,78.58651660736965,147.54909100300807,413.77067879176303,426.68112694353476,78.64946279332776,147.66494438050512,215.4907348468022,26.85280329984576,664,17.27123287671233,379.9243637994225,54.0,58.0,73.26976102941177,77.61963690872751,27.60%,0.7647058823529411,0.205
71,2021,Cardinals,OL,550.4422455115647,96.45815231877201,0.23175166587948917,1.0,58.560923690940754,58.569980064015525,56.50634660176425,0.3310339770572959,5.353614145696175,299.1666782979893,83.1687909087747,83.14738253539949,88.54254096201244,1.9007819682032263,6.813000803146459,1.1283526803929889,536.846282825916,365.1191958122367,38.89479678089148,38.60666509292814,317.3767319587456,330.95898137447983,38.89131153846873,38.759445404630696,219.4695508671703,17.63139946147614,666,19.336986301369866,169.02859439338835,43.0,49.0,65.35953757225433,60.08787827269636,10.90%,0.6470588235294118,0.141
72,2021,Chargers,OL,527.0513096612829,96.56713781249347,0.527429475288114,27.0,68.43908235022583,59.07093037453187,69.07168618860874,2.1269764857512206,8.273249990350873,308.82307987451804,83.79289301280248,83.8717276087569,88.949447290093,3.038284525191417,11.897661917930153,1.497435441828057,513.9513422025512,183.9084099535741,60.780574735820224,93.34272606317867,331.9209328637232,345.0209003224548,60.873265806572526,93.67814575447595,182.03040933882815,25.281692172711985,659,10.345205479452057,404.53939734305726,41.0,59.0,51.65824733547623,72.94991724594504,8.50%,0.5294117647058824,0.044
73,2021,Chiefs,OL,614.3761970480814,96.58037337355326,0.6716804669486495,16.0,71.45966016014053,59.09087702174555,70.40805153891694,2.193820502637902,10.639459816169827,371.2421546973709,71.55716869427303,71.54461910138508,76.11723509364728,3.9348982038985385,14.105973513511795,1.2726931947040656,601.3115844260981,168.65734603351493,153.86614065859501,57.57087640779139,397.3230879071161,410.25615552701777,153.86614065859501,52.78113163049526,203.9884965189819,18.324903133540346,651,7.868493150684931,160.6638832354465,46.0,55.0,67.6961531579889,76.89036888666332,17.50%,0.7058823529411765,0.102
74,2021,Colts,OL,545.6306347334158,89.8163820602931,0.7381528390964328,14.0,66.08659933759884,58.412773876242596,69.25344944968086,2.952125968840646,10.213434072737176,230.5406410893645,79.34037036796344,79.25254785537966,96.37797733187845,3.582151322772884,14.887477955935578,1.7219179143577572,495.63745390606596,145.0353629963237,68.76327227300851,73.49668310230682,248.88714225462368,298.8803230819735,69.05472169817322,73.46660369071975,246.75031165144236,82.7309347288336,665,22.13150684931507,527.5483223170941,55.0,50.0,73.23591421301344,67.98180028632784,9.80%,0.5294117647058824,0.06
75,2021,Commanders,OL,416.3737479006867,94.23506526312204,0.22946235702066384,32.0,69.14274714429999,62.35009720442367,63.83931257468647,1.903990481900578,8.311357419915149,216.94595007506484,86.31851328816451,86.17124188221607,92.96437809662815,1.56900449153902,12.191935408067005,1.9765875062512788,399.1648554590069,83.94115784650089,49.57104321085131,99.85942446814077,233.1133541629138,250.3222466045936,49.62607403733174,97.05935266402864,166.0515012960931,15.39735840981007,654,17.7041095890411,343.1752950269181,40.0,39.0,73.46909855549461,75.17087087087087,-10.00%,0.4117647058823529,-0.116
76,2021,Cowboys,OL,839.6522916742515,97.89523195645971,0.18884941401363797,8.999999999999998,70.13222697014568,66.70257638621393,72.20091823582361,2.862447395059434,12.062471036206981,475.8156372383235,89.04492614490623,89.00420402862511,91.9899880101624,7.340017011396061,15.420692845492901,0.4957744142264866,830.2978051651177,565.0197952784573,76.85705321800499,47.026782925551025,516.2973591214404,525.6518456305744,77.01480542851104,47.036620962118356,314.0004460436772,16.406644636410576,669,17.221917808219178,178.17512694011262,41.0,52.0,60.98449747430761,77.14738782051282,30.90%,0.7058823529411765,0.173
77,2021,Dolphins,OL,575.5897330810366,93.46468207960103,0.5681400974551436,16.999999999999996,57.70231004904866,49.96260564927002,56.32319236339037,2.6202408705373137,16.885143753165988,314.176957778455,79.02306312586565,79.12081647757606,89.3336459180246,4.240918888263641,21.390125660132536,1.8847410364292327,547.8091909421103,41.97064752699698,144.74357801556062,94.88562649657509,338.0601683042613,365.75477212450255,153.56476296665903,81.8372839181112,209.74902263784887,33.41212643705176,663,7.879452054794521,542.616489360054,37.0,35.0,60.91036653091447,55.57467543707807,-11.10%,0.5294117647058824,-0.019
78,2021,Eagles,OL,359.74700942174076,94.59888876572631,0.3460433414486669,24.0,70.03162600572594,64.28106042477121,71.08812376905125,0.8842478168521136,6.6089185872934335,166.08798232210458,86.24402354175294,86.05191864994613,95.73680766461129,2.242803975280864,8.099348873796863,0.6061824696513147,343.5958852142268,98.57207045695527,38.30160780162696,69.64745496483282,176.76034345596022,192.91146766347407,40.829260009911934,67.20727979641339,166.83554175826663,34.94338849205529,640,14.8,432.8786891007415,33.0,56.0,65.8068073878628,76.54060606060607,3.80%,0.5294117647058824,0.052
79,2021,Falcons,OL,606.3813879290472,94.2899738045685,0.20499535198106542,2.0,68.37356367901813,52.36929345993572,73.43910874623592,5.269404813150567,13.315858875409518,337.9382972476937,89.68409536282422,89.82949990554607,95.81617478050603,3.342856928271321,21.487998570368735,2.9027348818086502,583.328861129897,121.82530642967454,107.61552132303854,107.80013825447165,358.2786609234621,381.33118772261224,107.5200621140688,107.93024833100374,225.05020020643488,35.007559666097286,648,13.501369863013698,580.6037181541255,42.0,36.0,66.61316442239547,68.6457588436668,-29.60%,0.4117647058823529,-0.156
80,2021,Giants,OL,471.5477749334948,93.02840874695949,0.37943972278529536,21.0,60.70064377892979,53.80438287796666,64.48647271081167,2.2207945490093035,9.156814167871083,255.98584904408767,83.7935093669333,83.66884489468482,93.50879819144893,2.4723442504773763,13.25362713281107,1.8760184159306816,444.9158789735967,156.9889562617115,40.48054360727149,87.67145165551442,274.89343966481283,301.5004334774769,39.014319633885506,87.68318249035401,170.02243930878385,39.45219309458679,652,13.70958904109589,671.8028469084779,30.0,31.0,58.61078161822467,60.57591566910845,-29.60%,0.2352941176470588,-0.169
81,2021,Jaguars,OL,537.3323306445637,93.19149476702658,0.5760598364527548,14.999999999999995,61.22531422677751,65.40355085412419,57.040763769028025,2.652658380355557,10.17049147008142,312.38932546686726,88.34691407779776,88.340952323164,95.47732097777863,4.046931694607135,14.522504216523426,1.6993543660864487,521.1372090750934,155.74410545743942,34.81752393472458,137.6810330394908,333.5498553418253,349.74497691129557,34.81752393472458,138.5594387522211,187.58735373326817,24.11590694993504,641,23.863013698630137,351.32418369303207,33.0,29.0,65.11446360153256,62.9689400921659,-31.30%,0.1764705882352941,-0.19
82,2021,Jets,OL,485.7085457923339,93.00653369752497,0.2944580209570114,22.0,65.39789005665592,62.03745840462142,69.40512183782668,2.0994399084911737,11.573814855053689,283.3780381110826,88.08084430795815,88.0489347766995,96.96755113791356,1.9325064098756868,15.24413568644374,1.5708809228988756,468.5709096970901,174.9915498386653,84.54324595160551,53.241987955428556,300.3056407899045,317.4432768851483,79.94727985117373,53.37019194705486,168.26526890718563,27.46368686302873,642,10.4,648.8391707894147,29.0,29.0,61.45149089453672,69.2403761869978,-18.30%,0.2352941176470588,-0.211
83,2021,Lions,OL,445.4895476832058,95.02587443458077,0.7587545456206436,10.999999999999998,62.73940399022276,57.14560204827287,64.62184572175693,2.8745436207335384,9.612471234860005,241.0154082047912,83.5475562395839,83.52636196312915,90.72109150952774,3.485530523173974,14.001316882227995,1.5143020266344511,434.4716575148527,83.34842612509718,62.63580138110716,101.31751578337357,257.1737955976548,268.1916857660078,62.63580138110716,101.65862766567611,177.29786191719796,25.22239328615006,647,13.419178082191785,721.9093082077317,41.0,43.0,68.29462181679969,68.20102964672466,-27.10%,0.1764705882352941,-0.163
84,2021,Packers,OL,502.09281077257185,92.91638289382887,0.4136345213078808,12.0,62.78884634293159,56.237248423192746,60.28194425400389,1.905149730980012,7.991028279490967,266.409906923884,69.51702977543707,69.52005649068514,81.16608329325996,1.6872924883978153,11.465876592564086,1.5696985820931095,481.9413598295063,84.60398548823235,145.6875667996775,39.21370543355754,281.6476386827658,301.79908962583124,147.53081545415765,39.114713833486896,200.2937211467406,34.793602051824614,653,12.98082191780822,206.8905764366476,56.0,50.0,74.90249855852393,63.426272401433685,11.50%,0.7647058823529411,0.116
85,2021,Panthers,OL,534.6254594855419,93.56456650605483,0.22049832430607927,5.000000000000001,56.37552373098536,51.82202977982242,58.94131301405776,3.025607392857601,12.75929053870686,286.7181631702691,88.14092275445456,88.08495623040665,94.91472565985671,2.744231467572193,17.81942594830104,2.03452801673658,507.9980625594367,80.68094872617043,57.79467783004066,131.66528674541127,300.9436414419872,327.4595220476514,59.17937796643719,145.13409916840715,207.0544211174495,43.110405550099046,668,6.350684931506849,215.7867724882956,40.0,35.0,65.96910112359551,58.93505567153793,-24.10%,0.2941176470588235,-0.101
86,2021,Patriots,OL,760.3910598138599,95.95047633419946,0.08438371475101332,19.0,72.67508789704058,66.99313655582253,72.11818607113729,2.4921528572024707,8.784014967566948,383.1716681706835,91.64768954647718,91.6807867776086,97.74738939631055,3.119746163175134,12.523831731317802,1.2476639065483832,746.080705994318,493.18351446553135,73.52752605906046,36.194448685533374,406.48969682913287,420.5189489530296,73.12554772448954,45.54804465433168,339.59100916518514,24.942188733672616,645,15.830136986301367,156.03357648450896,35.0,49.0,75.77645539439699,76.1974039829303,23.30%,0.5882352941176471,0.133
87,2021,Raiders,OL,536.9169830945561,96.87634042634645,0.5144658391164109,23.000000000000004,56.611474332504656,64.53088803378972,58.47630762774203,3.4043088140955424,11.801068363727195,312.0459813415467,91.71921996814375,91.70826713927944,95.96457249522277,3.924215784313055,17.46285368038369,2.2574765025609573,527.6915847267549,175.42559378359886,43.116529013130034,137.83682490035733,332.0214734810483,341.24687184884965,43.116529013130034,116.14441733597575,195.6701112457066,15.910787906636394,670,14.367123287671232,542.3509421805496,45.0,41.0,64.49707353213559,60.47951638338882,-5.20%,0.5882352941176471,-0.062
88,2021,Rams,OL,748.7792836817387,96.19717523828326,0.34758187096317256,26.0,67.68174068580431,66.62652886918742,67.19511054977669,2.7298034078371396,14.913136461525285,430.8219602966592,91.43721209153749,91.35995829313792,97.27072829157851,2.2140842132846434,20.972746669572345,3.3298068002099206,736.7420354945833,131.2420645361735,251.3439541264269,44.969020060487374,450.6108146840034,462.64806287115874,252.39900336986403,41.453257631514894,286.1312208105799,19.89820692485295,658,10.575342465753424,171.64235379485947,36.0,51.0,73.02900000000001,74.89108280254777,21.60%,0.7058823529411765,0.107
89,2021,Ravens,OL,608.4495407224399,94.26102004731197,0.038612677810891234,3.0,64.55435025183236,69.33849092207087,61.7796164735865,1.4155771549615055,8.886549433834954,335.91795608304335,87.17894518934715,87.78902392821097,97.91564065166409,2.515906389567316,11.75650033263353,1.454373743837073,588.0016223185056,193.39118087622109,157.07579343306847,24.12936294301907,358.333103472385,378.76183663409967,161.8742150486633,25.007404368248853,229.66851884612052,27.634376255091265,644,8.016438356164384,336.9521253547598,50.0,32.0,64.05417379729987,67.27923566878981,-2.10%,0.4705882352941176,-0.069
90,2021,Saints,OL,447.67146068531525,94.3529860978414,0.3274055989191363,20.0,57.3324403388685,56.775138482683076,57.90834645586462,2.019164694313401,8.20079884237571,216.85987182263779,86.70354537985502,86.790109602278,96.78685046697986,2.3928372245457266,11.41847713628163,1.1985135995925211,431.9196889389659,134.12879134652937,90.97168681887996,32.6325028084085,228.3232497912219,244.07502153757125,99.61064300350863,32.65202007435299,203.59643914774398,46.4903253765616,667,11.841095890410958,496.1980798754093,59.0,37.0,70.56102397692446,61.54783994334278,4.40%,0.5294117647058824,0.038
91,2021,Seahawks,OL,462.9872749938407,94.18025814982765,0.20198536749783097,29.0,61.367917952152816,54.374865815563204,64.8171585071897,2.7609166295759757,10.222826471918065,244.21879838875012,87.19754939240734,87.31121555008103,97.08015168223758,1.6914141102426485,14.86240721338049,1.8786641118864509,441.4072622332555,145.619122220502,71.24583401633586,67.23298370956275,258.42000491690436,279.9174311747221,66.65517127428421,64.0380387424411,182.9872573163511,32.771798990899214,671,11.128767123287671,189.4646866099153,45.0,47.0,68.81466391288022,62.6827213382293,11.80%,0.4117647058823529,0.018
92,2021,Steelers,OL,532.5419719767592,92.39664959018556,0.8273981972175813,25.0,61.45322678035619,66.88204694874688,57.2178620797031,2.26033975084992,7.312475559298444,290.09200064281305,77.59066812550691,85.36173182796969,90.6937327539739,3.3971885410509,11.391769678195587,1.8189543680472224,504.4437205044395,182.74210105029195,60.55570257946957,89.70179828267128,312.2866583367977,340.3619630763409,52.68128825554522,89.96426709181631,192.15706216764178,48.25970859482388,662,6.065753424657534,126.67747313937092,45.0,34.0,64.353710118505,61.87798055602934,-10.40%,0.5294117647058824,-0.057
93,2021,Texans,OL,463.17278023550364,91.84039242363393,0.4550214721859379,12.999999999999998,56.38150741096052,53.47688604487974,55.09622714400558,1.3275394201781894,7.545931620421927,225.88926828801056,84.91909857281354,85.10987790958299,96.86421551822362,3.1367817588518596,10.68243095239705,1.8089599117969328,432.4358541981492,125.00762551733,58.95647885451402,66.33160897422033,243.8940985093912,274.59808164415875,58.94748479339242,68.55421095454605,188.54175568875795,67.39224624461383,643,6.301369863013699,371.1234602199388,46.0,31.0,61.6208994177876,55.99830192200038,-24.20%,0.2352941176470588,-0.211
94,2021,Titans,OL,794.6715066479195,96.2502121046779,0.6794689033207114,31.0,69.37260618254929,54.53633863835745,72.18847655570052,4.793457274329143,12.67900736553862,388.4511630676594,89.68342591991657,89.89253310077835,93.92630413384575,3.5771453235472945,19.449761330527178,1.977296690659413,781.5458641923731,531.6282086033937,67.75504806238933,40.563412244350445,412.02944416529084,425.15508662083727,68.34556758765682,44.39248456236417,369.51642002708223,33.35712517188354,657,21.846575342465755,238.96413652137372,50.0,48.0,68.99142115990365,71.20938456307378,-3.00%,0.7058823529411765,0.043
95,2021,Vikings,OL,791.3143851919175,96.59277450117659,1.0793698249420574,18.0,60.861952048526305,49.56151811309949,66.10947810787106,4.66180918988208,20.259393532759375,437.80336956373714,91.88477650266594,92.0953462414871,96.60518425164464,5.95713457318241,26.39616639092684,1.4749636682853875,778.5446932037528,147.95664106717155,241.83469900632508,84.0787552750431,466.5228408195473,479.292532807712,224.33876744629046,60.837257961248255,312.0218523842056,28.850602316474934,656,8.986301369863012,606.6839876302781,44.0,41.0,62.96362625139043,64.37101248266296,2.70%,0.4705882352941176,0.022
96,2022,49ers,OL,748.9903742801419,95.77859204837917,1.2203792926815538,28.000000000000004,65.05060227562879,65.8271036851243,63.936978063214504,1.8272215217356458,7.9055615863043025,365.9888349592119,83.97343947574713,84.01370882916481,92.70580413459618,6.872507080639252,10.935319485975182,1.2025363779352345,733.2967333457144,467.9734064679918,61.33018384822333,59.5212571904302,388.39356879946297,404.0872097338904,61.837044871762366,59.43455826962571,344.9031645462515,28.787861859193086,923,13.88568683957733,298.2630902141609,51.0,52.0,75.51348684210527,68.61239051094891,27.60%,0.7647058823529411,0.196
97,2022,Bears,OL,706.672372850177,98.0361017675924,1.292375402996341,6.0,63.638466200256346,57.84975974416073,64.92224854083318,2.6420213105927233,11.298364986911425,340.40676112301134,94.04647150911302,94.07957016655615,94.3932956548353,3.4973123816257323,16.18798935275463,2.247603055250484,698.8453001446346,497.05858492795545,29.29614780670993,65.64672555325788,362.0604885866259,369.8605571492238,28.37143393283598,65.50889124007864,336.78481155800876,15.214005452806948,909,9.779058597502402,416.549789037212,35.0,44.0,64.16479844413013,67.92296983758702,-26.60%,0.1764705882352941,-0.162
98,2022,Bengals,OL,562.6930368029673,95.33145236615111,0.21401713979126483,6.999999999999999,58.10566653885075,54.63460787968068,58.18941263277631,2.7266948262140227,9.100616306889464,326.1595077476242,85.88869782567093,85.87987247628718,93.33106945551272,2.3487604902647425,13.899816445405657,2.0725053123021713,547.7464793616754,152.63705299612727,136.22891450783536,50.34402962054741,348.8487093372072,363.79526677849907,136.22891450783536,50.34402962054741,198.8977700244682,29.96141911598809,927,12.584053794428437,367.15325779082445,47.0,52.0,63.0929263913824,59.95846400570207,18.10%,0.75,0.124
99,2022,Bills,OL,567.7981139592006,92.68128313684335,0.8096444487705315,4.0,58.95497386761448,56.086409013499676,57.07845690939347,1.883694779520208,11.139141288984648,318.23958355234856,78.92125809001556,79.16093407499076,91.20707694993824,3.1126602941677475,14.972496985489949,1.9496609169850934,538.835931418254,294.19652525460924,37.180876072124335,71.70597605544127,335.5770854013058,364.5392679422522,38.43378598602966,71.93912979781877,203.2588460169482,30.418572516469613,913,13.583093179634966,93.95578970035668,43.0,56.0,63.77973454192296,57.940463165572574,35.00%,0.8125,0.156
100,2022,Broncos,OL,550.0916172406371,91.1268449329826,0.7566021411226468,10.0,59.33277379128363,60.61882491790512,58.80278297845662,2.1093983073833393,8.525349520206897,282.71376359007064,84.4453585134747,84.48144886545465,95.55031235122624,4.339292138469434,13.008167792514103,2.373419964923867,516.12508490424,193.4045591872944,42.93771127093042,76.4169785935638,303.27295823698756,337.23949057338456,87.04903487965332,74.99117758974508,212.85212666725243,55.36451297453932,899,6.887608069164266,239.52200901237973,41.0,31.0,68.31894639556377,64.48201591511936,-11.30%,0.2941176470588235,-0.036
101,2022,Browns,OL,592.7819981657285,92.47772993116148,0.6565119422025438,8.0,67.11839670754678,61.747881165997875,65.44186103652223,2.235786918476878,7.525939731308953,283.68568138625704,84.96540179829567,84.97352600506174,90.88638013253792,2.8906811147856866,12.122339595234344,2.3606129454485143,566.4637719647288,190.29990829441246,126.9754598596408,37.49551288334349,307.17038311419725,333.4288896863246,139.35038670733326,37.491658200311534,259.2933888505316,41.69699580598945,897,15.91258405379443,405.8372134163272,48.0,46.0,76.91433711099118,71.02903011146232,5.20%,0.4117647058823529,-0.016
102,2022,Buccaneers,OL,806.8460915590787,93.7150840951245,0.460361917017607,29.999999999999993,63.18480577378152,71.68321544839087,58.30033872357403,4.633580356697015,9.2222350437549,486.83301232761454,88.26340851876286,88.23608822773457,98.55286500100203,2.3778291250781267,14.30442883781419,0.4486134373622759,783.0569552831714,543.5231629478282,74.70874537715738,32.01299089660056,518.7475982384949,542.5367345144023,75.2775481012947,33.969351354889724,264.3093570446764,28.53669305456099,900,14.428434197886649,367.3209762829808,58.0,38.0,77.61963690872751,65.78561621444916,-0.70%,0.4705882352941176,-0.004
103,2022,Cardinals,OL,551.4618760272481,93.11476514614546,0.5888473445500643,1.0,60.03850960947942,62.906055701474905,57.10645275142966,2.241291673933155,12.937446722415661,315.44914465475784,87.04975558544031,87.06386190897243,96.74624860115894,4.708750086983465,17.241885223551254,2.0631468272024387,525.6486224306673,89.28654627454682,44.1149118694903,164.67412455377368,337.5907908737681,363.404044470349,41.11147873085622,161.31707271929199,188.05783155689912,30.359168301073016,896,4.807877041306436,400.9256778038315,49.0,38.0,60.08787827269636,61.4116758013619,-22.40%,0.2352941176470588,-0.094
104,2022,Chargers,OL,603.2255252287601,94.15865902287267,0.7444008449862141,27.000000000000004,55.90290888828653,58.75890445635617,55.34293131386364,3.3442943161377356,11.978024746032181,372.6392929373607,89.90064817749202,89.88960759398925,95.73086001067756,3.472938547090458,17.002934665791518,1.6806156036215985,585.3602713598524,164.87589169268801,147.2032340882694,53.11218501838148,387.0477293310067,404.9129831999144,147.2032340882694,53.08387502787845,198.31254202884574,26.338760438575477,901,12.430355427473582,591.837013831329,59.0,47.0,72.94991724594504,62.45726710152199,-0.80%,0.5882352941176471,-0.005
105,2022,Chiefs,OL,827.0413324798465,93.30883580970824,0.4727408199878459,16.0,75.46960610822296,66.51097735552383,74.84323595172044,2.3557449760523586,14.214362175812436,494.6035855226249,87.92211317286917,87.9412313579674,95.20370733195844,3.262827274195618,17.495802637860443,0.9256954859956451,799.0785476305094,453.93518478058365,104.21302104763524,57.4947952092948,526.0350801445887,553.9051783867843,104.2371690188872,57.386451063956294,273.0434674859206,27.531070679773027,902,15.283381364073009,161.5846963345499,55.0,59.0,76.89036888666332,74.3854289683918,23.00%,0.8235294117647058,0.18
106,2022,Colts,OL,799.9632834558281,96.16566427007096,0.263775716362607,14.0,61.27936080289738,57.838995718321584,62.08729350263629,3.477395241418881,13.91449538064579,457.86519507405797,91.8256287911296,91.8372404921698,96.14450292052935,3.7335172853672196,21.37636825256211,3.984477630497443,784.3763906508714,443.36891820030837,97.68040137567807,68.2251096633262,481.15576720192473,496.72348472076004,90.25271229685524,68.23072666633145,303.2206234489467,21.506555584199013,921,19.95196926032661,357.9793326737552,50.0,34.0,67.98180028632784,64.48137033824804,-32.80%,0.2352941176470588,-0.136
107,2022,Commanders,OL,566.2643895139513,92.85316379369326,0.17198493961161415,32.0,61.1925830765027,57.58390307437657,57.72927245947759,3.721843592813026,11.649400135095474,265.82861238708375,84.31924132150546,84.3332070336345,95.20574277860995,2.2851999765953064,18.383542921786972,3.0122991938784707,537.7553827377934,47.779082381664566,54.47159764779874,164.36921694361743,282.78582827302375,311.19950974549573,60.11050484630014,164.42728197953238,254.96955446476966,41.116018143474484,904,12.809798270893372,149.8695826383338,39.0,35.0,75.17087087087087,61.78052799730957,-4.90%,0.4705882352941176,-0.007
108,2022,Cowboys,OL,554.9809728386208,94.2956688441335,0.13307542575549458,9.0,58.375287797053005,53.2222554880991,56.403980385549794,2.8286493359013702,7.605221724014523,254.90548310446584,80.60457365603722,80.66202060497069,91.0620715233593,1.9187124976747763,10.93699970731992,0.5031286474040281,529.069109420208,154.4012155265694,126.80917424289247,29.49241348529579,270.04117427845347,295.91106140537414,144.35746392661974,29.518124409947173,259.0279351417544,48.89497759553501,912,18.44860710854947,356.3548407642055,52.0,50.0,77.14738782051282,65.62689737879047,18.00%,0.7058823529411765,0.118
109,2022,Dolphins,OL,772.3224749365908,98.02261646071051,0.405111799292856,17.0,67.22972443587251,61.393971881885236,71.02056112964725,2.666352380269904,10.482105615807583,460.3624456683122,93.62524897032108,93.61647908127418,94.18110651188746,4.964465527541174,15.585470167281029,2.4370121712035426,766.8126576545613,484.93303909285044,108.73235546158085,27.1049034875895,486.9986355647246,492.47357345921813,108.73235546158085,28.28411741575526,279.81402208983667,10.559760096787906,924,9.404418828049952,534.055454853079,35.0,48.0,55.57467543707807,64.55964845964846,8.10%,0.5294117647058824,0.032
110,2022,Eagles,OL,619.0524214585047,95.21611943287145,1.1558383955206675,24.0,67.56515329601568,71.34297860705513,66.12047941268756,0.7413958681136108,9.957697773914381,310.6711131234641,89.77896676125627,89.76487320347691,95.07247141568362,4.5212233979139915,11.874532151003036,1.1754385089750436,602.7916005460545,154.9000968611389,77.12297896929171,135.61623478995784,328.16522929725124,344.4260502097013,77.18905978313354,134.91231268840158,274.62637124880325,27.90991896673943,908,17.766570605187322,430.8116238764399,56.0,62.0,76.54060606060607,76.23545485403938,25.20%,0.8235294117647058,0.163
111,2022,Falcons,OL,560.1396637792299,90.34631711910116,0.9277625993646511,2.0,69.15675382407137,52.29684975185608,68.40960766770621,1.6418281830172923,6.6785988160451,229.4629475280666,62.613464771278785,62.551054349064934,74.84020059598159,3.568255093158738,9.760090165982206,1.439663166919814,532.7915023016737,160.05627773630275,41.62014927795184,114.88575150068576,244.1154798522068,271.4216643365007,41.28996829261816,114.8416930036254,288.6760224494669,56.20071737165552,898,14.385206532180597,423.789489746758,36.0,45.0,68.6457588436668,77.73787533257317,-2.80%,0.4117647058823529,-0.061
112,2022,Giants,OL,649.7263271441088,93.09189334025831,0.23485924936385566,21.0,56.35057936459143,57.010643573494704,57.45315516212105,2.3990926917088498,11.06695172561428,331.9071574808734,87.08981652408278,87.20768978017745,96.37782087981537,4.02274389269046,15.628331025321538,2.16228660799841,628.0914130325061,470.94603007678165,28.226225867084757,36.1214839787092,356.26059602469087,377.89551013629375,28.234222092258122,36.122164021177696,271.8308170078152,35.42415586783835,918,12.689721421709892,898.055867357787,31.0,37.0,60.57591566910845,61.12247738343772,-4.30%,0.5294117647058824,-0.013
113,2022,Jaguars,OL,765.1863750795143,95.91447289485843,0.11424736916841029,14.999999999999998,55.0289383358767,56.42077471019569,51.4268789946727,3.429684879682284,15.302910933060708,420.6108752152752,84.31674032690378,84.35182708970235,90.87181194897838,3.2317134284760836,20.053709968726686,1.3211141559836939,748.1408606982269,510.4944914573869,41.51491507832653,63.58818404331862,444.6165797039431,461.62441086322127,41.982737443089746,63.84473618338283,303.5242809942839,32.12277032518742,917,8.419788664745436,418.9851781501611,29.0,44.0,62.9689400921659,58.71059743954481,3.30%,0.5294117647058824,0.065
114,2022,Jets,OL,750.0087819080184,95.72115190902208,0.2055128802989385,21.999999999999996,62.0389521271267,62.83992103211744,62.62120736810468,3.138464063437496,11.908981727673373,444.6494356702461,90.49701899638418,90.25499616149426,96.9328150411971,3.0936156194474913,18.163928599230314,3.1164828081194464,732.3243302936095,543.8255753129467,47.53945983293734,37.555116735156716,460.1790347061945,477.8226266948615,47.53945983293734,37.82011872883607,272.14529558741486,24.4459173658522,903,10.187319884726223,393.9491910462884,29.0,34.0,69.2403761869978,59.16524512484053,-0.50%,0.4117647058823529,-0.041
115,2022,Lions,OL,798.6159671972549,95.72889584489289,0.6254378283661765,11.0,68.04670721005068,61.69849704823736,69.09073528214896,2.3035971308860095,11.423320208519748,423.36695487822885,91.49365879816206,91.2541058576479,97.50516097037662,4.108488406893253,15.087843913659707,1.3609265742539516,788.5007590797619,444.96040380292675,41.979632144341686,117.72151903343779,450.67120627298044,460.78641439047345,42.045636928643425,117.24871892353546,337.8295528067814,25.676037130687178,925,16.517771373679153,557.7671416151734,43.0,56.0,68.20102964672466,69.39517513736264,7.70%,0.5294117647058824,-0.011
116,2022,Packers,OL,760.0724604358061,95.10427995383773,0.6799740393907289,12.0,62.06839608821497,67.29613268927594,57.68045347716807,1.626849076778651,7.722013004254883,399.96928790929434,89.72068813106466,89.76454891941798,97.88159814498398,2.5408050028089595,11.608383831806158,2.259521750772624,741.9649578524934,471.47143100547964,66.88526851927094,50.05406028003022,425.7121678248067,443.81967040811935,68.28471992511402,57.6286562083329,316.2527900276866,32.44286731836336,914,14.385206532180597,210.20280014583025,50.0,51.0,63.426272401433685,65.71579235971485,3.60%,0.4705882352941176,-0.014
117,2022,Panthers,OL,492.9329316480611,90.6594637812017,0.556383824608013,5.0,58.79893476614575,65.1990780876451,53.75009145196234,0.8737654279426236,6.292577368229639,218.29350253090107,79.8143553570147,79.88605832040132,96.69085084417141,3.1347312610428846,8.673969327930664,1.5076265317583997,463.8314331080954,134.17209900404285,70.9829724897773,71.34232423794212,232.3244666278629,261.4259651678286,70.75747255556126,71.42846648555386,231.50696648023245,61.788979264578906,910,13.856868395773295,670.3356914147193,35.0,36.0,58.93505567153793,64.20690320092557,-13.90%,0.4117647058823529,-0.046
118,2022,Patriots,OL,702.3018620418896,96.7090711161152,1.1260315396576315,19.0,63.96323644916455,70.22312474716888,60.65733950404397,1.422815640615208,10.413214938155672,385.9366887093097,94.42390374768082,94.29039951603124,97.51543219325929,3.8278672950286112,14.373874436590025,2.5378438578191442,688.8035327097315,124.19164337681683,223.93238545932377,44.214456978254624,411.2843149686477,424.7575630605957,235.17497589102712,44.40417085089995,277.5192177410838,21.097779079105326,906,6.882804995196926,314.98506134854694,49.0,39.0,76.1974039829303,66.3902543159458,-0.30%,0.4705882352941176,0.038
119,2022,Raiders,OL,655.6243775344709,93.84286924917691,0.1792383451393697,22.999999999999996,62.885154796073515,63.44321169123628,56.465159284962496,3.398158505015473,12.101360937105415,363.3412902028223,88.11114670160757,88.04983883059998,92.85584409767831,2.8321911321190294,17.140469901436166,1.6409504593152797,637.5438501110795,461.5383819614351,26.093586649192332,51.30872660731258,382.72936608416006,400.8098935075515,27.114223629456074,51.30872660731258,254.81448402691942,21.264292353295225,916,6.6330451488952935,198.50350629873464,41.0,42.0,60.47951638338882,65.74332977588047,-11.50%,0.3529411764705882,-0.059
120,2022,Rams,OL,371.25883301109513,96.29505638098495,0.40072662126204517,26.0,58.73380913106174,50.955869170420485,59.999905111136854,2.9415924549037458,6.852039181222007,212.13063732381752,85.993662419721,86.03328045470361,87.64498175699052,2.6325263047315897,12.329677908723811,2.5360462725980586,360.6492422901228,111.76174572725348,29.761962328224193,76.88390115645994,219.4627739224442,230.0723646434165,41.35444729939674,89.99292022403945,141.18646836767857,16.09195990398974,920,5.437079731027858,74.50992904848178,51.0,38.0,74.89108280254777,60.39976567076743,-11.00%,0.2941176470588235,-0.098
121,2022,Ravens,OL,744.4635438986957,94.93557763946343,0.18572913782248904,2.9999999999999996,71.30580537607298,62.24010553477936,72.93199780880708,1.140734848665499,12.640880303977035,359.0220666809167,88.43942127177395,88.4704097251242,96.15508568617041,3.5382177064690343,15.817194887873386,2.0355797352308485,722.457428851998,492.99244231853896,61.89231836866983,39.61186189493969,381.43446460665683,403.3717348560294,61.89231836866983,39.69004275856502,341.02296424534103,24.40224002871204,926,16.753121998078772,466.1765883141223,32.0,39.0,67.27923566878981,71.40051122877487,17.90%,0.5882352941176471,0.006
122,2022,Saints,OL,472.5845892134583,93.65751729482098,0.2502147096836376,20.0,53.97754937791632,50.979643775157335,54.04372697124289,1.6177190632297795,6.111745143288632,225.48301820854135,81.61658513736727,81.64534400469239,92.2192549743672,2.5152650699509778,9.57253465581955,1.843070449301141,452.09906448318134,156.2273291871645,80.65465568159972,52.19890878644482,236.8892045641987,255.96902599508942,77.6839770044334,52.199641943073146,215.2098599189827,35.36711387698855,919,13.525456292026895,630.9726644744787,37.0,38.0,61.54783994334278,59.06851747990279,-1.70%,0.4117647058823529,-0.002
123,2022,Seahawks,OL,579.7610191050285,91.37820824426544,0.12316600468732697,28.999999999999996,58.076162896168555,51.48528925511267,56.756561901576966,3.4153850560041965,10.666413500458333,308.79294861944396,83.11774729337006,83.24388449262213,90.60617795995708,3.0873316453276636,16.827227118417127,2.745428561954598,544.0968372270223,134.25094510918638,68.20347358746483,118.96122346120568,328.74332207594017,364.40750395394633,68.2811115007002,119.40895779793286,215.3535151510822,47.81592847285741,907,10.984630163304516,517.7764143858052,47.0,45.0,62.6827213382293,61.272369624885634,5.80%,0.5294117647058824,-0.019
124,2022,Steelers,OL,841.3643155279163,92.51266457548317,0.8873287485578917,24.999999999999996,65.17810199478635,66.14374742992675,60.16088543001363,3.074571629801461,11.290302316751719,423.92832863668804,85.77448011541934,85.92518530936589,97.58813790037189,4.910147448899509,16.19557335441145,1.8306994078582688,804.6939512262446,111.7464824038648,223.38703522505716,100.75854685176351,455.70008827103857,492.2654101754149,223.28110564238474,100.6186366584532,348.99386295520617,68.31434057267911,905,8.386167146974064,111.51951095164758,34.0,39.0,61.87798055602934,64.60962264150943,0.90%,0.5294117647058824,-0.009
125,2022,Texans,OL,549.2233913719442,93.52726630817395,0.7141790072235109,12.999999999999998,53.72524726366524,58.64985300867696,53.86674804045263,2.8308234891918387,12.097096517082154,310.53174917954533,88.86622668984829,89.01764494628998,96.82658478405708,3.994360008071487,16.852960023540724,1.9250400172667321,532.1520094443144,145.04721061731874,50.95691368837352,134.86714782374125,329.8598572411954,346.93123916882524,44.97746984393087,134.70479483579527,202.29215220311897,30.10217698698794,922,16.11911623439001,550.7191695108455,31.0,32.0,55.99830192200038,57.85584099006188,-26.70%,0.1764705882352941,-0.177
126,2022,Titans,OL,425.4247049051531,93.69786405729067,0.30575126777250916,31.0,62.15379202477686,56.42858690347924,60.62505140949947,1.848322556043191,7.032883015832616,182.34843933366466,74.77865063242619,75.27282410059065,86.59007104175765,2.8171443654912585,10.5808175007141,1.6996119288382907,398.03155203114136,132.27392032778184,53.86895681652413,50.51907811734185,193.40670023085684,220.7109301509023,55.41642320161475,50.48836743922521,204.6248518002845,60.87951155099959,915,2.3871277617675317,245.04981223433452,48.0,33.0,71.20938456307378,58.10858848449837,-9.40%,0.4117647058823529,-0.081
127,2022,Vikings,OL,544.355193407626,96.45647196745159,0.31762616116003745,18.000000000000004,65.00562884578557,62.569772567281625,63.761579765670206,6.653026709661309,11.131028790091412,321.0851953473904,93.855689218528,93.8306786083998,96.87747896025628,2.483055353273159,21.28014437805048,3.4960888782977584,526.9122105688962,49.3333645764691,168.73683336912092,60.96683292458928,341.3806059553951,358.8235887941248,168.83993149610308,60.96683292458928,185.53160461350112,26.198922145295704,911,6.786743515850144,515.0785387471267,41.0,40.0,64.37101248266296,71.31793561573838,-13.80%,0.7647058823529411,-0.001
